CustomerID,InvoiceDate,Product,Category,Quantity,UnitPrice,Discount,Revenue,Channel,Region,Promotion,Age,TenureMonths,SubscriptionPlan,AutoRenew,SatisfactionScore,SupportTickets90d,CustomerChurn
CUST-00239,2024-01-01 09:00:00,Natural Soap Set,Personal Care,2,12.76,0.0,25.51,Store,East,No,30,34,Essential,No,6.6,1,Yes
CUST-00058,2024-01-01 11:00:00,Granola Pack,Grocery,4,6.77,0.0,27.1,Store,North,No,45,39,Essential,Yes,7.6,0,No
CUST-00285,2024-01-01 11:00:00,Gift Candle,Home,2,17.86,0.0,35.73,Store,South,No,65,23,Essential,Yes,7.3,1,No
CUST-00122,2024-01-02 10:00:00,Granola Pack,Grocery,6,6.33,0.0,38.0,Web,North,No,44,28,Plus,No,6.8,1,No
CUST-00184,2024-01-02 12:00:00,Desk Notebook,Stationery,3,8.36,0.0,25.08,Mobile app,West,No,55,23,Essential,Yes,5.5,4,Yes
CUST-00193,2024-01-02 13:00:00,Granola Pack,Grocery,2,7.19,0.0,14.38,Web,South,No,38,12,Plus,Yes,9.1,1,No
CUST-00277,2024-01-02 15:00:00,Desk Notebook,Stationery,2,8.68,0.0,17.36,Web,North,No,65,4,Essential,Yes,6.0,4,Yes
CUST-00203,2024-01-02 17:00:00,Travel Mug,Accessories,6,23.68,0.0,142.09,Web,East,No,38,22,Plus,Yes,7.1,2,No
CUST-00204,2024-01-02 19:00:00,Natural Soap Set,Personal Care,2,12.25,0.0,24.5,Web,Central,No,35,15,Plus,No,4.6,3,Yes
CUST-00156,2024-01-03 15:00:00,Everyday Coffee,Beverages,2,8.74,0.0,17.48,Web,West,No,26,34,Plus,Yes,6.7,2,No
CUST-00277,2024-01-04 12:00:00,Desk Notebook,Stationery,3,9.44,0.0,28.31,Web,North,No,65,4,Essential,Yes,6.0,4,Yes
CUST-00117,2024-01-04 13:00:00,Natural Soap Set,Personal Care,3,12.21,0.0,36.63,Web,North,No,42,25,Essential,No,6.9,2,Yes
CUST-00149,2024-01-04 13:00:00,Wireless Charger,Electronics,5,26.51,0.0,132.53,Web,Central,No,22,11,Essential,Yes,6.4,1,Yes
CUST-00161,2024-01-04 16:00:00,Cotton Tote,Accessories,4,15.63,0.0,62.5,Mobile app,South,No,56,44,Essential,Yes,7.1,0,No
CUST-00014,2024-01-05 09:00:00,Phone Stand,Electronics,4,17.08,0.15,58.08,Web,North,Yes,64,35,Premium,Yes,9.3,1,No
CUST-00317,2024-01-05 09:00:00,Cotton Tote,Accessories,1,14.8,0.0,14.8,Web,West,No,41,40,Premium,Yes,3.8,2,No
CUST-00004,2024-01-05 10:00:00,Herbal Tea,Beverages,1,6.98,0.0,6.98,Web,West,No,51,46,Plus,Yes,9.2,0,No
CUST-00266,2024-01-05 10:00:00,Desk Notebook,Stationery,5,9.58,0.0,47.9,Web,East,No,62,18,Essential,Yes,5.5,1,Yes
CUST-00232,2024-01-05 18:00:00,Herbal Tea,Beverages,5,7.28,0.0,36.39,Web,Central,No,32,32,Plus,No,7.7,0,No
CUST-00242,2024-01-06 10:00:00,Herbal Tea,Beverages,3,7.3,0.0,21.9,Web,North,Yes,32,15,Essential,Yes,7.7,2,No
CUST-00319,2024-01-06 14:00:00,Everyday Coffee,Beverages,3,7.96,0.0,23.89,Mobile app,East,No,39,30,Plus,No,7.4,2,Yes
CUST-00224,2024-01-07 12:00:00,Natural Soap Set,Personal Care,1,12.66,0.0,12.66,Store,South,No,28,9,Essential,No,8.6,1,Yes
CUST-00202,2024-01-07 19:00:00,Herbal Tea,Beverages,4,7.15,0.0,28.6,Store,North,No,34,29,Essential,Yes,7.1,0,No
CUST-00213,2024-01-07 20:00:00,Travel Mug,Accessories,1,22.43,0.0,22.43,Web,East,Yes,55,41,Essential,Yes,5.7,1,No
CUST-00070,2024-01-08 10:00:00,Granola Pack,Grocery,4,6.67,0.0,26.69,Web,South,No,28,23,Plus,No,7.3,2,Yes
CUST-00171,2024-01-08 21:00:00,Desk Notebook,Stationery,2,8.35,0.0,16.71,Web,West,No,22,27,Essential,Yes,7.2,1,No
CUST-00234,2024-01-09 09:00:00,Everyday Coffee,Beverages,2,9.14,0.0,18.27,Mobile app,West,No,59,38,Plus,Yes,9.3,2,No
CUST-00075,2024-01-09 10:00:00,Gift Candle,Home,3,18.53,0.0,55.59,Web,East,No,28,38,Essential,No,6.9,1,No
CUST-00008,2024-01-09 12:00:00,Travel Mug,Accessories,3,21.71,0.0,65.14,Store,North,No,49,24,Plus,Yes,9.1,1,No
CUST-00093,2024-01-09 13:00:00,Travel Mug,Accessories,3,22.27,0.0,66.81,Web,Central,No,64,28,Essential,Yes,5.7,1,Yes
CUST-00043,2024-01-10 09:00:00,Granola Pack,Grocery,3,6.64,0.0,19.93,Mobile app,West,No,32,5,Plus,Yes,5.9,1,Yes
CUST-00015,2024-01-10 12:00:00,Everyday Coffee,Beverages,3,8.14,0.0,24.43,Mobile app,West,No,63,32,Essential,Yes,4.7,0,No
CUST-00316,2024-01-10 12:00:00,Travel Mug,Accessories,5,22.07,0.0,110.34,Mobile app,East,No,32,45,Premium,No,8.7,2,No
CUST-00128,2024-01-10 13:00:00,Granola Pack,Grocery,1,6.21,0.0,6.21,Store,North,No,29,31,Plus,Yes,7.2,3,No
CUST-00203,2024-01-10 13:00:00,Granola Pack,Grocery,4,6.42,0.0,25.69,Web,East,No,38,22,Plus,Yes,7.1,2,No
CUST-00181,2024-01-10 14:00:00,Natural Soap Set,Personal Care,3,11.72,0.0,35.16,Mobile app,East,No,52,11,Plus,Yes,8.4,1,No
CUST-00024,2024-01-10 15:00:00,Desk Notebook,Stationery,3,8.18,0.0,24.53,Web,Central,No,53,48,Plus,No,8.1,2,No
CUST-00193,2024-01-11 13:00:00,Everyday Coffee,Beverages,5,8.28,0.0,41.42,Web,South,No,38,12,Plus,Yes,9.1,1,No
CUST-00008,2024-01-11 15:00:00,Wireless Charger,Electronics,5,29.14,0.0,145.71,Store,North,No,49,24,Plus,Yes,9.1,1,No
CUST-00015,2024-01-12 10:00:00,Wireless Charger,Electronics,2,31.3,0.0,62.61,Mobile app,West,No,63,32,Essential,Yes,4.7,0,No
CUST-00155,2024-01-12 14:00:00,Gift Candle,Home,3,18.17,0.0,54.51,Mobile app,East,No,65,15,Premium,Yes,7.8,2,No
CUST-00071,2024-01-13 10:00:00,Phone Stand,Electronics,4,19.75,0.0,79.0,Web,North,Yes,30,31,Essential,Yes,9.4,3,No
CUST-00044,2024-01-13 12:00:00,Travel Mug,Accessories,4,20.83,0.0,83.31,Store,South,No,27,9,Premium,Yes,4.9,2,Yes
CUST-00224,2024-01-13 19:00:00,Phone Stand,Electronics,2,18.11,0.0,36.21,Store,South,No,28,9,Essential,No,8.6,1,Yes
CUST-00317,2024-01-14 10:00:00,Desk Notebook,Stationery,5,9.0,0.0,45.0,Web,West,No,41,40,Premium,Yes,3.8,2,No
CUST-00117,2024-01-14 13:00:00,Herbal Tea,Beverages,8,6.61,0.05,50.25,Web,North,Yes,42,25,Essential,No,6.9,2,Yes
CUST-00316,2024-01-14 18:00:00,Gift Candle,Home,2,17.77,0.0,35.53,Mobile app,East,No,32,45,Premium,No,8.7,2,No
CUST-00124,2024-01-15 15:00:00,Phone Stand,Electronics,2,16.77,0.0,33.55,Web,West,No,39,33,Essential,Yes,5.9,0,Yes
CUST-00044,2024-01-15 16:00:00,Herbal Tea,Beverages,1,7.39,0.0,7.39,Store,South,No,27,9,Premium,Yes,4.9,2,Yes
CUST-00265,2024-01-16 08:00:00,Phone Stand,Electronics,5,16.58,0.0,82.89,Store,South,No,44,39,Premium,No,5.6,0,No
CUST-00306,2024-01-16 08:00:00,Granola Pack,Grocery,5,6.99,0.0,34.94,Mobile app,North,No,56,48,Plus,Yes,6.2,3,No
CUST-00080,2024-01-16 10:00:00,Wireless Charger,Electronics,3,26.62,0.0,79.85,Web,West,No,42,20,Essential,Yes,3.1,1,Yes
CUST-00085,2024-01-16 13:00:00,Gift Candle,Home,5,18.03,0.0,90.15,Store,West,No,28,48,Essential,Yes,6.5,2,No
CUST-00243,2024-01-16 13:00:00,Desk Notebook,Stationery,5,8.61,0.0,43.06,Store,East,No,28,34,Plus,Yes,7.0,1,No
CUST-00004,2024-01-16 19:00:00,Desk Notebook,Stationery,2,9.02,0.0,18.03,Web,West,No,51,46,Plus,Yes,9.2,0,No
CUST-00154,2024-01-16 21:00:00,Granola Pack,Grocery,1,6.96,0.0,6.96,Mobile app,West,Yes,25,26,Premium,Yes,3.4,1,No
CUST-00028,2024-01-17 08:00:00,Desk Notebook,Stationery,3,8.24,0.0,24.71,Web,North,No,42,5,Plus,Yes,4.6,2,Yes
CUST-00053,2024-01-17 09:00:00,Gift Candle,Home,3,18.96,0.0,56.88,Mobile app,South,No,40,44,Plus,No,5.0,0,Yes
CUST-00225,2024-01-17 14:00:00,Everyday Coffee,Beverages,5,8.65,0.1,38.93,Web,Central,Yes,36,43,Essential,Yes,5.6,2,No
CUST-00074,2024-01-17 15:00:00,Herbal Tea,Beverages,5,7.0,0.0,34.99,Mobile app,South,No,21,42,Premium,Yes,7.8,2,No
CUST-00038,2024-01-17 20:00:00,Herbal Tea,Beverages,3,6.67,0.05,19.0,Web,West,Yes,39,47,Essential,Yes,6.1,2,No
CUST-00216,2024-01-18 20:00:00,Gift Candle,Home,3,17.53,0.0,52.59,Mobile app,North,No,60,11,Essential,No,8.0,1,Yes
CUST-00046,2024-01-18 21:00:00,Natural Soap Set,Personal Care,3,11.62,0.0,34.86,Web,South,No,59,41,Plus,Yes,6.1,2,No
CUST-00300,2024-01-19 10:00:00,Desk Notebook,Stationery,4,8.54,0.0,34.18,Store,North,No,27,41,Premium,Yes,7.8,0,No
CUST-00057,2024-01-19 18:00:00,Wireless Charger,Electronics,4,29.85,0.0,119.39,Web,South,No,62,33,Essential,Yes,8.1,6,No
CUST-00142,2024-01-19 18:00:00,Gift Candle,Home,1,18.25,0.0,18.25,Store,Central,No,21,39,Plus,No,9.8,0,No
CUST-00237,2024-01-19 19:00:00,Natural Soap Set,Personal Care,7,12.63,0.0,88.43,Web,South,No,38,33,Premium,Yes,5.6,0,No
CUST-00308,2024-01-19 20:00:00,Granola Pack,Grocery,3,6.55,0.0,19.65,Mobile app,North,No,34,13,Plus,Yes,6.2,2,No
CUST-00221,2024-01-20 18:00:00,Cotton Tote,Accessories,4,13.61,0.0,54.43,Mobile app,North,No,68,19,Premium,Yes,6.8,4,No
CUST-00112,2024-01-21 08:00:00,Wireless Charger,Electronics,4,28.0,0.0,111.98,Web,West,No,25,23,Essential,Yes,5.6,0,Yes
CUST-00051,2024-01-21 10:00:00,Herbal Tea,Beverages,9,7.01,0.0,63.09,Web,West,No,42,47,Premium,Yes,5.0,0,No
CUST-00146,2024-01-21 15:00:00,Gift Candle,Home,3,17.67,0.0,53.02,Mobile app,East,No,65,2,Essential,Yes,6.1,1,Yes
CUST-00144,2024-01-21 19:00:00,Herbal Tea,Beverages,8,7.33,0.0,58.62,Store,Central,No,53,16,Premium,Yes,10.0,3,No
CUST-00031,2024-01-21 21:00:00,Cotton Tote,Accessories,4,15.58,0.0,62.33,Mobile app,South,No,49,25,Essential,Yes,5.1,2,No
CUST-00209,2024-01-22 15:00:00,Herbal Tea,Beverages,3,7.46,0.0,22.37,Store,North,No,22,25,Plus,Yes,7.3,2,No
CUST-00143,2024-01-22 19:00:00,Gift Candle,Home,5,16.53,0.0,82.64,Web,East,No,59,26,Plus,Yes,8.6,1,No
CUST-00173,2024-01-23 10:00:00,Desk Notebook,Stationery,2,9.52,0.0,19.04,Web,North,No,27,13,Essential,No,7.5,2,Yes
CUST-00017,2024-01-23 19:00:00,Natural Soap Set,Personal Care,1,12.46,0.0,12.46,Mobile app,South,No,32,28,Premium,Yes,8.4,0,No
CUST-00116,2024-01-23 19:00:00,Granola Pack,Grocery,5,6.6,0.0,33.01,Store,North,No,55,23,Essential,Yes,8.1,0,No
CUST-00022,2024-01-23 20:00:00,Wireless Charger,Electronics,3,26.88,0.0,80.65,Mobile app,West,No,60,44,Premium,Yes,9.3,2,No
CUST-00236,2024-01-23 21:00:00,Wireless Charger,Electronics,4,29.5,0.0,117.99,Store,Central,No,63,48,Premium,Yes,4.0,4,No
CUST-00285,2024-01-24 15:00:00,Desk Notebook,Stationery,1,8.97,0.0,8.97,Store,South,No,65,23,Essential,Yes,7.3,1,No
CUST-00131,2024-01-24 17:00:00,Travel Mug,Accessories,5,21.03,0.0,105.14,Web,South,No,66,30,Essential,Yes,5.9,1,No
CUST-00230,2024-01-24 19:00:00,Everyday Coffee,Beverages,2,8.38,0.0,16.77,Mobile app,West,No,27,25,Essential,No,7.2,1,No
CUST-00244,2024-01-24 20:00:00,Cotton Tote,Accessories,5,13.24,0.0,66.18,Mobile app,South,No,45,30,Essential,Yes,9.2,3,No
CUST-00116,2024-01-25 11:00:00,Travel Mug,Accessories,4,21.07,0.0,84.3,Store,North,Yes,55,23,Essential,Yes,8.1,0,No
CUST-00284,2024-01-25 17:00:00,Everyday Coffee,Beverages,2,8.54,0.0,17.08,Mobile app,West,No,59,2,Plus,Yes,7.1,3,Yes
CUST-00301,2024-01-25 19:00:00,Wireless Charger,Electronics,2,27.02,0.0,54.04,Mobile app,North,No,61,40,Essential,No,6.6,1,No
CUST-00208,2024-01-25 21:00:00,Wireless Charger,Electronics,2,28.07,0.0,56.15,Store,West,No,50,25,Plus,No,7.3,1,Yes
CUST-00120,2024-01-26 08:00:00,Travel Mug,Accessories,6,21.56,0.05,122.9,Mobile app,North,Yes,47,30,Essential,Yes,4.4,2,No
CUST-00159,2024-01-26 09:00:00,Wireless Charger,Electronics,1,27.44,0.0,27.44,Web,South,No,38,10,Essential,No,5.8,0,Yes
CUST-00254,2024-01-26 12:00:00,Cotton Tote,Accessories,2,13.43,0.0,26.86,Mobile app,Central,No,53,16,Plus,No,6.8,0,Yes
CUST-00135,2024-01-26 13:00:00,Herbal Tea,Beverages,3,8.05,0.0,24.15,Web,West,No,26,18,Premium,No,7.4,0,No
CUST-00061,2024-01-27 08:00:00,Granola Pack,Grocery,1,6.54,0.0,6.54,Web,West,Yes,30,37,Essential,Yes,8.2,0,No
CUST-00139,2024-01-27 18:00:00,Desk Notebook,Stationery,4,8.7,0.0,34.79,Web,South,No,40,37,Essential,Yes,5.4,4,Yes
CUST-00177,2024-01-28 09:00:00,Phone Stand,Electronics,5,17.69,0.0,88.44,Mobile app,South,No,29,19,Plus,Yes,6.2,2,No
CUST-00215,2024-01-28 16:00:00,Cotton Tote,Accessories,1,13.82,0.0,13.82,Mobile app,South,No,51,2,Essential,No,5.8,1,Yes
CUST-00144,2024-01-29 08:00:00,Natural Soap Set,Personal Care,2,12.73,0.0,25.45,Store,Central,No,53,16,Premium,Yes,10.0,3,No
CUST-00138,2024-01-29 13:00:00,Travel Mug,Accessories,5,21.37,0.0,106.87,Web,Central,No,52,44,Plus,Yes,3.6,1,No
CUST-00067,2024-01-29 14:00:00,Desk Notebook,Stationery,3,8.84,0.0,26.53,Store,West,No,40,47,Plus,Yes,5.6,5,Yes
CUST-00255,2024-01-30 18:00:00,Cotton Tote,Accessories,4,15.31,0.0,61.23,Store,North,Yes,38,9,Premium,Yes,6.5,1,No
CUST-00048,2024-01-30 19:00:00,Cotton Tote,Accessories,7,14.18,0.0,99.26,Mobile app,Central,No,62,23,Plus,Yes,7.4,2,No
CUST-00157,2024-01-30 21:00:00,Everyday Coffee,Beverages,5,7.79,0.0,38.97,Store,East,No,62,44,Premium,No,5.3,1,No
CUST-00023,2024-02-01 11:00:00,Herbal Tea,Beverages,1,6.87,0.0,6.87,Mobile app,South,Yes,66,35,Plus,No,4.6,2,Yes
CUST-00147,2024-02-01 11:00:00,Desk Notebook,Stationery,8,9.1,0.0,72.77,Store,North,No,43,21,Essential,Yes,6.0,2,No
CUST-00210,2024-02-02 17:00:00,Cotton Tote,Accessories,4,15.21,0.0,60.85,Web,South,No,60,38,Plus,No,7.9,0,No
CUST-00035,2024-02-04 12:00:00,Cotton Tote,Accessories,5,15.45,0.0,77.25,Web,South,No,58,12,Essential,Yes,8.5,2,No
CUST-00223,2024-02-04 17:00:00,Desk Notebook,Stationery,1,9.19,0.0,9.19,Web,West,No,55,40,Plus,Yes,6.6,1,No
CUST-00230,2024-02-04 21:00:00,Wireless Charger,Electronics,4,29.84,0.0,119.38,Mobile app,West,No,27,25,Essential,No,7.2,1,No
CUST-00104,2024-02-05 08:00:00,Travel Mug,Accessories,6,21.79,0.0,130.76,Web,South,No,22,40,Essential,Yes,9.3,1,No
CUST-00026,2024-02-05 21:00:00,Desk Notebook,Stationery,6,8.87,0.0,53.2,Store,North,No,22,38,Premium,Yes,6.2,0,No
CUST-00128,2024-02-06 10:00:00,Everyday Coffee,Beverages,2,9.16,0.0,18.33,Store,North,No,29,31,Plus,Yes,7.2,3,No
CUST-00083,2024-02-06 11:00:00,Everyday Coffee,Beverages,4,8.33,0.0,33.33,Mobile app,West,No,23,46,Essential,Yes,6.5,2,No
CUST-00280,2024-02-06 18:00:00,Natural Soap Set,Personal Care,6,12.91,0.0,77.47,Store,Central,No,26,3,Essential,Yes,8.6,3,Yes
CUST-00039,2024-02-07 12:00:00,Herbal Tea,Beverages,3,7.44,0.05,21.21,Mobile app,East,Yes,41,11,Essential,No,6.7,0,Yes
CUST-00214,2024-02-07 15:00:00,Everyday Coffee,Beverages,2,8.97,0.0,17.95,Mobile app,South,No,38,25,Plus,Yes,3.6,2,Yes
CUST-00209,2024-02-08 19:00:00,Desk Notebook,Stationery,3,9.76,0.0,29.28,Store,North,No,22,25,Plus,Yes,7.3,2,No
CUST-00090,2024-02-09 09:00:00,Everyday Coffee,Beverages,3,9.01,0.0,27.03,Web,West,No,62,19,Plus,No,6.7,3,Yes
CUST-00015,2024-02-09 10:00:00,Desk Notebook,Stationery,3,8.47,0.0,25.41,Mobile app,West,No,63,32,Essential,Yes,4.7,0,No
CUST-00015,2024-02-09 13:00:00,Travel Mug,Accessories,6,21.68,0.0,130.07,Mobile app,West,No,63,32,Essential,Yes,4.7,0,No
CUST-00226,2024-02-10 14:00:00,Travel Mug,Accessories,3,21.37,0.1,57.71,Mobile app,Central,Yes,49,29,Essential,No,6.7,2,No
CUST-00118,2024-02-10 21:00:00,Gift Candle,Home,5,17.24,0.0,86.19,Web,South,No,28,20,Essential,Yes,6.9,1,No
CUST-00025,2024-02-11 12:00:00,Granola Pack,Grocery,4,7.29,0.0,29.17,Web,West,No,57,9,Essential,Yes,6.4,3,Yes
CUST-00005,2024-02-11 13:00:00,Gift Candle,Home,4,17.73,0.0,70.91,Store,South,No,49,20,Plus,No,6.7,0,Yes
CUST-00212,2024-02-11 13:00:00,Herbal Tea,Beverages,2,7.17,0.0,14.34,Web,West,No,50,26,Plus,Yes,4.5,1,No
CUST-00076,2024-02-11 15:00:00,Granola Pack,Grocery,3,7.51,0.0,22.52,Web,South,No,63,32,Premium,Yes,5.3,3,No
CUST-00178,2024-02-11 18:00:00,Granola Pack,Grocery,6,6.91,0.0,41.44,Web,South,No,49,20,Plus,Yes,7.5,0,No
CUST-00170,2024-02-11 19:00:00,Desk Notebook,Stationery,4,9.13,0.0,36.51,Web,West,No,40,11,Premium,Yes,8.6,0,No
CUST-00037,2024-02-12 10:00:00,Desk Notebook,Stationery,3,8.59,0.0,25.76,Web,East,No,55,27,Plus,No,9.1,1,Yes
CUST-00148,2024-02-12 13:00:00,Desk Notebook,Stationery,1,8.71,0.1,7.83,Web,North,Yes,65,9,Essential,Yes,7.6,2,No
CUST-00301,2024-02-12 19:00:00,Natural Soap Set,Personal Care,4,12.04,0.0,48.15,Mobile app,North,No,61,40,Essential,No,6.6,1,No
CUST-00039,2024-02-12 21:00:00,Travel Mug,Accessories,1,22.81,0.0,22.81,Mobile app,East,No,41,11,Essential,No,6.7,0,Yes
CUST-00197,2024-02-13 09:00:00,Phone Stand,Electronics,6,17.39,0.0,104.35,Web,South,No,63,35,Premium,Yes,6.6,0,No
CUST-00199,2024-02-14 10:00:00,Phone Stand,Electronics,3,17.94,0.0,53.81,Store,West,No,64,42,Essential,Yes,7.9,1,No
CUST-00192,2024-02-14 21:00:00,Herbal Tea,Beverages,10,7.23,0.0,72.3,Mobile app,East,No,50,42,Plus,No,8.9,1,No
CUST-00218,2024-02-15 08:00:00,Natural Soap Set,Personal Care,2,12.47,0.0,24.95,Web,South,No,51,24,Premium,Yes,7.7,3,No
CUST-00062,2024-02-15 14:00:00,Wireless Charger,Electronics,3,29.31,0.0,87.94,Mobile app,North,Yes,26,3,Essential,Yes,6.4,0,No
CUST-00089,2024-02-16 10:00:00,Gift Candle,Home,4,18.82,0.0,75.28,Mobile app,West,No,35,10,Plus,Yes,6.7,2,No
CUST-00103,2024-02-16 16:00:00,Cotton Tote,Accessories,3,14.38,0.0,43.14,Web,East,No,53,48,Plus,No,7.0,1,No
CUST-00023,2024-02-16 17:00:00,Everyday Coffee,Beverages,4,8.18,0.0,32.73,Mobile app,South,No,66,35,Plus,No,4.6,2,Yes
CUST-00097,2024-02-16 19:00:00,Everyday Coffee,Beverages,4,8.73,0.0,34.91,Store,West,No,31,4,Essential,Yes,7.5,0,No
CUST-00140,2024-02-17 10:00:00,Gift Candle,Home,3,17.73,0.0,53.18,Mobile app,Central,No,52,31,Plus,Yes,6.6,2,No
CUST-00117,2024-02-17 12:00:00,Herbal Tea,Beverages,4,7.39,0.0,29.55,Web,North,No,42,25,Essential,No,6.9,2,Yes
CUST-00007,2024-02-17 13:00:00,Wireless Charger,Electronics,3,30.28,0.0,90.85,Mobile app,Central,No,25,17,Plus,Yes,7.1,0,No
CUST-00066,2024-02-17 13:00:00,Cotton Tote,Accessories,3,15.32,0.0,45.97,Mobile app,Central,No,42,8,Essential,Yes,10.0,5,Yes
CUST-00288,2024-02-17 13:00:00,Phone Stand,Electronics,5,16.65,0.0,83.26,Mobile app,North,Yes,48,39,Essential,Yes,6.1,1,No
CUST-00273,2024-02-17 14:00:00,Gift Candle,Home,4,17.3,0.0,69.2,Web,Central,No,36,48,Essential,Yes,8.8,1,No
CUST-00192,2024-02-18 12:00:00,Granola Pack,Grocery,6,6.89,0.05,39.28,Mobile app,East,Yes,50,42,Plus,No,8.9,1,No
CUST-00117,2024-02-18 21:00:00,Granola Pack,Grocery,3,6.94,0.0,20.83,Web,North,No,42,25,Essential,No,6.9,2,Yes
CUST-00214,2024-02-19 15:00:00,Gift Candle,Home,5,17.18,0.0,85.88,Mobile app,South,No,38,25,Plus,Yes,3.6,2,Yes
CUST-00033,2024-02-19 21:00:00,Cotton Tote,Accessories,1,13.84,0.0,13.84,Mobile app,South,No,41,17,Essential,Yes,6.5,2,No
CUST-00210,2024-02-20 09:00:00,Everyday Coffee,Beverages,4,8.75,0.0,34.99,Web,South,No,60,38,Plus,No,7.9,0,No
CUST-00152,2024-02-20 11:00:00,Travel Mug,Accessories,5,21.81,0.0,109.06,Web,Central,No,38,8,Essential,Yes,7.9,3,No
CUST-00309,2024-02-20 12:00:00,Wireless Charger,Electronics,4,31.0,0.0,124.0,Store,South,No,46,46,Essential,Yes,8.1,0,No
CUST-00286,2024-02-20 13:00:00,Gift Candle,Home,4,16.81,0.0,67.23,Mobile app,North,No,44,38,Essential,Yes,5.3,1,No
CUST-00292,2024-02-20 16:00:00,Gift Candle,Home,2,18.14,0.0,36.27,Store,Central,No,33,35,Essential,Yes,5.5,2,No
CUST-00068,2024-02-20 17:00:00,Desk Notebook,Stationery,5,9.59,0.0,47.96,Store,South,No,43,22,Plus,Yes,6.7,3,No
CUST-00020,2024-02-20 18:00:00,Wireless Charger,Electronics,7,30.69,0.0,214.85,Mobile app,South,No,25,41,Plus,No,8.4,1,No
CUST-00047,2024-02-20 18:00:00,Herbal Tea,Beverages,10,7.35,0.0,73.54,Mobile app,Central,No,30,9,Plus,Yes,10.0,3,No
CUST-00058,2024-02-21 12:00:00,Cotton Tote,Accessories,4,15.39,0.0,61.57,Store,North,No,45,39,Essential,Yes,7.6,0,No
CUST-00230,2024-02-21 12:00:00,Gift Candle,Home,9,16.91,0.0,152.17,Mobile app,West,No,27,25,Essential,No,7.2,1,No
CUST-00279,2024-02-22 12:00:00,Phone Stand,Electronics,3,18.16,0.0,54.48,Web,South,No,39,10,Plus,Yes,7.3,0,No
CUST-00152,2024-02-22 17:00:00,Wireless Charger,Electronics,3,30.92,0.0,92.75,Web,Central,No,38,8,Essential,Yes,7.9,3,No
CUST-00208,2024-02-22 18:00:00,Gift Candle,Home,6,18.68,0.0,112.1,Store,West,No,50,25,Plus,No,7.3,1,Yes
CUST-00047,2024-02-23 21:00:00,Phone Stand,Electronics,3,17.06,0.0,51.17,Mobile app,Central,No,30,9,Plus,Yes,10.0,3,No
CUST-00074,2024-02-24 19:00:00,Wireless Charger,Electronics,4,30.72,0.0,122.86,Mobile app,South,No,21,42,Premium,Yes,7.8,2,No
CUST-00199,2024-02-24 21:00:00,Gift Candle,Home,6,19.2,0.0,115.19,Store,West,No,64,42,Essential,Yes,7.9,1,No
CUST-00188,2024-02-25 10:00:00,Everyday Coffee,Beverages,6,8.46,0.0,50.77,Mobile app,West,No,66,29,Essential,Yes,6.3,1,No
CUST-00031,2024-02-25 11:00:00,Everyday Coffee,Beverages,2,8.3,0.0,16.61,Mobile app,South,No,49,25,Essential,Yes,5.1,2,No
CUST-00108,2024-02-25 18:00:00,Granola Pack,Grocery,5,7.13,0.1,32.07,Store,North,Yes,22,30,Essential,Yes,7.6,2,No
CUST-00052,2024-02-25 21:00:00,Natural Soap Set,Personal Care,6,12.99,0.0,77.93,Store,North,No,68,35,Essential,Yes,6.4,1,No
CUST-00270,2024-02-26 14:00:00,Granola Pack,Grocery,2,6.84,0.1,12.31,Store,South,Yes,54,13,Premium,Yes,7.1,1,No
CUST-00058,2024-02-27 18:00:00,Phone Stand,Electronics,8,17.88,0.05,135.89,Store,North,Yes,45,39,Essential,Yes,7.6,0,No
CUST-00044,2024-02-27 20:00:00,Gift Candle,Home,2,17.61,0.0,35.22,Store,South,No,27,9,Premium,Yes,4.9,2,Yes
CUST-00318,2024-02-28 14:00:00,Wireless Charger,Electronics,4,29.0,0.0,115.99,Store,Central,No,48,33,Essential,Yes,8.1,0,No
CUST-00183,2024-02-28 15:00:00,Natural Soap Set,Personal Care,3,12.84,0.0,38.53,Mobile app,West,No,42,46,Essential,No,7.0,3,No
CUST-00149,2024-03-01 12:00:00,Herbal Tea,Beverages,2,6.79,0.0,13.58,Web,Central,No,22,11,Essential,Yes,6.4,1,Yes
CUST-00100,2024-03-01 13:00:00,Phone Stand,Electronics,1,17.94,0.0,17.94,Web,South,No,63,26,Premium,No,7.3,2,No
CUST-00147,2024-03-01 15:00:00,Cotton Tote,Accessories,3,14.23,0.0,42.69,Store,North,No,43,21,Essential,Yes,6.0,2,No
CUST-00262,2024-03-01 17:00:00,Desk Notebook,Stationery,2,8.83,0.0,17.66,Web,Central,No,59,24,Essential,No,7.8,1,Yes
CUST-00038,2024-03-01 21:00:00,Phone Stand,Electronics,2,17.63,0.0,35.25,Web,West,No,39,47,Essential,Yes,6.1,2,No
CUST-00086,2024-03-02 13:00:00,Travel Mug,Accessories,5,22.2,0.0,110.99,Mobile app,North,No,37,48,Essential,Yes,5.0,1,No
CUST-00111,2024-03-02 13:00:00,Natural Soap Set,Personal Care,6,12.34,0.0,74.04,Mobile app,Central,No,23,36,Plus,No,8.7,2,No
CUST-00296,2024-03-02 14:00:00,Herbal Tea,Beverages,4,6.58,0.0,26.33,Web,North,No,49,29,Premium,No,9.1,1,No
CUST-00109,2024-03-02 15:00:00,Herbal Tea,Beverages,6,7.12,0.0,42.74,Web,Central,No,55,42,Essential,No,6.6,0,No
CUST-00042,2024-03-02 19:00:00,Desk Notebook,Stationery,1,9.09,0.0,9.09,Mobile app,East,No,26,20,Plus,No,8.5,3,Yes
CUST-00005,2024-03-02 21:00:00,Phone Stand,Electronics,1,18.09,0.0,18.09,Store,South,No,49,20,Plus,No,6.7,0,Yes
CUST-00154,2024-03-03 14:00:00,Wireless Charger,Electronics,3,31.2,0.0,93.61,Mobile app,West,No,25,26,Premium,Yes,3.4,1,No
CUST-00100,2024-03-03 16:00:00,Cotton Tote,Accessories,3,13.14,0.0,39.42,Web,South,No,63,26,Premium,No,7.3,2,No
CUST-00102,2024-03-03 17:00:00,Granola Pack,Grocery,5,6.33,0.0,31.66,Web,North,No,49,12,Plus,Yes,9.3,0,No
CUST-00315,2024-03-03 19:00:00,Wireless Charger,Electronics,7,30.42,0.0,212.96,Web,South,No,51,32,Plus,Yes,8.1,3,No
CUST-00078,2024-03-03 20:00:00,Wireless Charger,Electronics,2,30.77,0.0,61.55,Web,East,No,52,33,Essential,Yes,7.2,1,No
CUST-00257,2024-03-04 09:00:00,Wireless Charger,Electronics,2,29.82,0.0,59.64,Web,South,No,60,16,Essential,Yes,7.6,0,No
CUST-00073,2024-03-04 16:00:00,Herbal Tea,Beverages,5,7.34,0.1,33.03,Web,South,Yes,23,35,Plus,Yes,7.1,2,No
CUST-00101,2024-03-04 21:00:00,Natural Soap Set,Personal Care,3,13.52,0.0,40.55,Mobile app,Central,No,40,2,Essential,Yes,5.9,3,Yes
CUST-00016,2024-03-05 09:00:00,Herbal Tea,Beverages,2,6.95,0.0,13.9,Mobile app,North,No,66,2,Essential,Yes,7.2,1,No
CUST-00108,2024-03-05 10:00:00,Travel Mug,Accessories,5,20.7,0.0,103.49,Store,North,No,22,30,Essential,Yes,7.6,2,No
CUST-00170,2024-03-05 15:00:00,Granola Pack,Grocery,2,6.21,0.0,12.43,Web,West,No,40,11,Premium,Yes,8.6,0,No
CUST-00116,2024-03-05 21:00:00,Phone Stand,Electronics,7,18.35,0.0,128.43,Store,North,No,55,23,Essential,Yes,8.1,0,No
CUST-00268,2024-03-06 09:00:00,Wireless Charger,Electronics,5,30.57,0.0,152.83,Store,East,No,43,43,Essential,Yes,8.5,2,No
CUST-00184,2024-03-06 18:00:00,Herbal Tea,Beverages,3,7.37,0.0,22.11,Mobile app,West,No,55,23,Essential,Yes,5.5,4,Yes
CUST-00018,2024-03-06 20:00:00,Herbal Tea,Beverages,3,7.15,0.0,21.44,Web,West,Yes,45,32,Essential,Yes,4.6,0,No
CUST-00113,2024-03-06 21:00:00,Phone Stand,Electronics,2,18.16,0.0,36.32,Web,Central,No,55,21,Essential,Yes,8.7,0,No
CUST-00147,2024-03-07 11:00:00,Granola Pack,Grocery,4,7.33,0.0,29.33,Store,North,No,43,21,Essential,Yes,6.0,2,No
CUST-00287,2024-03-07 12:00:00,Travel Mug,Accessories,3,23.54,0.0,70.62,Mobile app,South,No,39,14,Premium,No,9.6,1,Yes
CUST-00235,2024-03-07 20:00:00,Everyday Coffee,Beverages,3,9.18,0.05,26.16,Web,South,Yes,61,7,Premium,Yes,4.9,1,Yes
CUST-00177,2024-03-08 11:00:00,Travel Mug,Accessories,2,21.76,0.1,39.16,Mobile app,South,Yes,29,19,Plus,Yes,6.2,2,No
CUST-00259,2024-03-08 13:00:00,Gift Candle,Home,1,17.76,0.0,17.76,Web,South,No,64,11,Essential,Yes,9.3,3,No
CUST-00068,2024-03-08 18:00:00,Travel Mug,Accessories,8,21.96,0.0,175.69,Store,South,No,43,22,Plus,Yes,6.7,3,No
CUST-00209,2024-03-08 18:00:00,Desk Notebook,Stationery,2,9.12,0.0,18.24,Store,North,No,22,25,Plus,Yes,7.3,2,No
CUST-00198,2024-03-08 19:00:00,Herbal Tea,Beverages,2,7.31,0.0,14.62,Mobile app,South,No,56,26,Plus,No,5.7,3,Yes
CUST-00257,2024-03-08 20:00:00,Gift Candle,Home,3,18.44,0.0,55.33,Web,South,No,60,16,Essential,Yes,7.6,0,No
CUST-00252,2024-03-09 08:00:00,Desk Notebook,Stationery,4,9.02,0.0,36.06,Mobile app,North,No,26,34,Essential,Yes,6.0,1,No
CUST-00255,2024-03-09 15:00:00,Gift Candle,Home,5,16.9,0.0,84.48,Store,North,No,38,9,Premium,Yes,6.5,1,No
CUST-00308,2024-03-11 10:00:00,Gift Candle,Home,6,17.44,0.0,104.61,Mobile app,North,No,34,13,Plus,Yes,6.2,2,No
CUST-00103,2024-03-11 19:00:00,Phone Stand,Electronics,2,18.08,0.0,36.15,Web,East,No,53,48,Plus,No,7.0,1,No
CUST-00063,2024-03-11 21:00:00,Phone Stand,Electronics,3,16.73,0.0,50.2,Mobile app,West,No,45,15,Plus,Yes,7.9,2,No
CUST-00114,2024-03-12 10:00:00,Desk Notebook,Stationery,8,9.1,0.0,72.82,Mobile app,Central,No,53,34,Plus,Yes,7.3,0,No
CUST-00197,2024-03-12 11:00:00,Desk Notebook,Stationery,6,9.02,0.0,54.12,Web,South,No,63,35,Premium,Yes,6.6,0,No
CUST-00045,2024-03-12 16:00:00,Natural Soap Set,Personal Care,5,12.51,0.0,62.54,Web,North,No,22,46,Essential,Yes,6.6,1,No
CUST-00281,2024-03-12 16:00:00,Everyday Coffee,Beverages,2,8.17,0.0,16.34,Store,Central,No,46,25,Essential,Yes,6.9,2,No
CUST-00234,2024-03-12 19:00:00,Granola Pack,Grocery,2,6.16,0.0,12.32,Mobile app,West,No,59,38,Plus,Yes,9.3,2,No
CUST-00059,2024-03-12 21:00:00,Gift Candle,Home,2,17.36,0.0,34.72,Mobile app,Central,No,54,33,Plus,No,7.6,0,No
CUST-00222,2024-03-13 09:00:00,Travel Mug,Accessories,2,22.38,0.0,44.76,Web,Central,No,54,33,Essential,No,6.4,1,No
CUST-00239,2024-03-13 09:00:00,Cotton Tote,Accessories,3,15.08,0.0,45.24,Store,East,No,30,34,Essential,No,6.6,1,Yes
CUST-00017,2024-03-13 13:00:00,Natural Soap Set,Personal Care,8,11.97,0.05,90.97,Mobile app,South,Yes,32,28,Premium,Yes,8.4,0,No
CUST-00129,2024-03-13 16:00:00,Granola Pack,Grocery,1,6.67,0.0,6.67,Web,East,No,46,30,Premium,No,7.5,2,No
CUST-00305,2024-03-13 16:00:00,Granola Pack,Grocery,6,7.16,0.0,42.95,Web,West,No,65,36,Essential,Yes,10.0,3,No
CUST-00170,2024-03-13 17:00:00,Gift Candle,Home,1,17.9,0.0,17.9,Web,West,No,40,11,Premium,Yes,8.6,0,No
CUST-00261,2024-03-13 21:00:00,Wireless Charger,Electronics,4,31.72,0.0,126.88,Mobile app,East,No,43,19,Essential,Yes,5.2,3,Yes
CUST-00207,2024-03-14 10:00:00,Desk Notebook,Stationery,1,9.44,0.0,9.44,Web,South,No,26,24,Essential,Yes,6.9,0,No
CUST-00140,2024-03-14 15:00:00,Gift Candle,Home,2,17.02,0.0,34.03,Mobile app,Central,No,52,31,Plus,Yes,6.6,2,No
CUST-00242,2024-03-14 15:00:00,Granola Pack,Grocery,2,6.68,0.0,13.36,Web,North,No,32,15,Essential,Yes,7.7,2,No
CUST-00200,2024-03-14 17:00:00,Gift Candle,Home,6,17.72,0.0,106.29,Mobile app,South,No,68,48,Premium,Yes,5.6,0,No
CUST-00131,2024-03-15 11:00:00,Granola Pack,Grocery,4,6.47,0.0,25.9,Web,South,No,66,30,Essential,Yes,5.9,1,No
CUST-00038,2024-03-16 11:00:00,Gift Candle,Home,5,19.0,0.0,95.0,Web,West,No,39,47,Essential,Yes,6.1,2,No
CUST-00061,2024-03-16 14:00:00,Phone Stand,Electronics,5,17.07,0.0,85.33,Web,West,No,30,37,Essential,Yes,8.2,0,No
CUST-00230,2024-03-16 18:00:00,Travel Mug,Accessories,4,22.65,0.0,90.62,Mobile app,West,No,27,25,Essential,No,7.2,1,No
CUST-00236,2024-03-16 19:00:00,Cotton Tote,Accessories,4,14.21,0.0,56.86,Store,Central,No,63,48,Premium,Yes,4.0,4,No
CUST-00305,2024-03-17 11:00:00,Travel Mug,Accessories,6,21.72,0.0,130.3,Web,West,No,65,36,Essential,Yes,10.0,3,No
CUST-00273,2024-03-17 13:00:00,Everyday Coffee,Beverages,5,8.69,0.0,43.46,Web,Central,No,36,48,Essential,Yes,8.8,1,No
CUST-00277,2024-03-17 17:00:00,Everyday Coffee,Beverages,3,8.41,0.0,25.23,Web,North,No,65,4,Essential,Yes,6.0,4,Yes
CUST-00276,2024-03-17 19:00:00,Everyday Coffee,Beverages,6,9.02,0.0,54.11,Web,North,No,63,47,Plus,Yes,6.8,2,No
CUST-00125,2024-03-19 08:00:00,Desk Notebook,Stationery,5,9.35,0.0,46.75,Mobile app,Central,No,38,15,Plus,Yes,8.0,2,No
CUST-00197,2024-03-20 15:00:00,Phone Stand,Electronics,4,15.68,0.0,62.71,Web,South,No,63,35,Premium,Yes,6.6,0,No
CUST-00161,2024-03-20 17:00:00,Travel Mug,Accessories,4,22.33,0.0,89.33,Mobile app,South,No,56,44,Essential,Yes,7.1,0,No
CUST-00250,2024-03-21 11:00:00,Gift Candle,Home,1,17.72,0.0,17.72,Web,East,No,55,12,Essential,No,8.8,1,Yes
CUST-00069,2024-03-21 12:00:00,Gift Candle,Home,2,17.9,0.1,32.22,Store,North,Yes,27,25,Premium,Yes,8.3,0,No
CUST-00241,2024-03-21 13:00:00,Gift Candle,Home,1,18.83,0.0,18.83,Web,North,No,30,22,Premium,Yes,5.5,1,No
CUST-00124,2024-03-21 14:00:00,Travel Mug,Accessories,3,22.14,0.0,66.42,Web,West,No,39,33,Essential,Yes,5.9,0,Yes
CUST-00293,2024-03-21 19:00:00,Wireless Charger,Electronics,2,27.34,0.0,54.67,Mobile app,East,No,57,4,Plus,Yes,6.1,2,No
CUST-00041,2024-03-22 10:00:00,Phone Stand,Electronics,3,16.06,0.0,48.19,Store,Central,No,47,14,Essential,No,8.2,2,Yes
CUST-00045,2024-03-22 14:00:00,Wireless Charger,Electronics,6,30.83,0.05,175.71,Web,North,Yes,22,46,Essential,Yes,6.6,1,No
CUST-00212,2024-03-22 20:00:00,Wireless Charger,Electronics,2,30.16,0.0,60.31,Web,West,No,50,26,Plus,Yes,4.5,1,No
CUST-00157,2024-03-22 21:00:00,Gift Candle,Home,5,18.73,0.0,93.63,Store,East,No,62,44,Premium,No,5.3,1,No
CUST-00134,2024-03-23 10:00:00,Wireless Charger,Electronics,3,29.55,0.0,88.64,Web,East,Yes,41,29,Essential,Yes,7.4,1,No
CUST-00299,2024-03-23 17:00:00,Travel Mug,Accessories,1,21.9,0.0,21.9,Mobile app,East,No,38,7,Plus,No,7.7,2,Yes
CUST-00275,2024-03-23 21:00:00,Herbal Tea,Beverages,2,6.5,0.05,12.35,Store,North,Yes,24,36,Essential,Yes,5.8,2,No
CUST-00046,2024-03-24 09:00:00,Desk Notebook,Stationery,5,9.15,0.0,45.74,Web,South,No,59,41,Plus,Yes,6.1,2,No
CUST-00179,2024-03-24 09:00:00,Everyday Coffee,Beverages,5,8.36,0.0,41.81,Web,North,No,61,30,Plus,Yes,6.7,3,No
CUST-00009,2024-03-24 12:00:00,Travel Mug,Accessories,2,22.81,0.0,45.62,Web,North,No,35,37,Essential,No,6.9,1,No
CUST-00267,2024-03-24 14:00:00,Travel Mug,Accessories,1,21.92,0.0,21.92,Store,South,No,41,15,Essential,Yes,9.1,3,No
CUST-00105,2024-03-24 16:00:00,Desk Notebook,Stationery,6,9.73,0.0,58.4,Web,West,No,23,38,Essential,No,8.6,1,No
CUST-00025,2024-03-25 12:00:00,Desk Notebook,Stationery,2,9.09,0.15,15.45,Web,West,Yes,57,9,Essential,Yes,6.4,3,Yes
CUST-00213,2024-03-25 13:00:00,Granola Pack,Grocery,6,7.84,0.0,47.01,Web,East,No,55,41,Essential,Yes,5.7,1,No
CUST-00075,2024-03-25 15:00:00,Natural Soap Set,Personal Care,3,12.92,0.0,38.75,Web,East,No,28,38,Essential,No,6.9,1,No
CUST-00239,2024-03-26 08:00:00,Natural Soap Set,Personal Care,5,12.11,0.0,60.57,Store,East,No,30,34,Essential,No,6.6,1,Yes
CUST-00088,2024-03-26 09:00:00,Granola Pack,Grocery,3,7.09,0.0,21.26,Web,North,No,64,19,Essential,No,8.1,0,Yes
CUST-00108,2024-03-26 12:00:00,Granola Pack,Grocery,3,7.01,0.0,21.03,Store,North,No,22,30,Essential,Yes,7.6,2,No
CUST-00075,2024-03-26 14:00:00,Herbal Tea,Beverages,1,7.37,0.0,7.37,Web,East,Yes,28,38,Essential,No,6.9,1,No
CUST-00056,2024-03-26 20:00:00,Cotton Tote,Accessories,3,14.49,0.0,43.46,Web,North,No,43,31,Plus,No,7.5,0,No
CUST-00053,2024-03-26 21:00:00,Granola Pack,Grocery,3,6.81,0.0,20.43,Mobile app,South,No,40,44,Plus,No,5.0,0,Yes
CUST-00063,2024-03-27 09:00:00,Granola Pack,Grocery,2,6.5,0.0,13.0,Mobile app,West,No,45,15,Plus,Yes,7.9,2,No
CUST-00046,2024-03-27 17:00:00,Desk Notebook,Stationery,5,9.29,0.0,46.47,Web,South,No,59,41,Plus,Yes,6.1,2,No
CUST-00178,2024-03-28 08:00:00,Phone Stand,Electronics,2,17.66,0.0,35.32,Web,South,No,49,20,Plus,Yes,7.5,0,No
CUST-00266,2024-03-28 10:00:00,Phone Stand,Electronics,6,18.74,0.0,112.44,Web,East,No,62,18,Essential,Yes,5.5,1,Yes
CUST-00157,2024-03-28 12:00:00,Natural Soap Set,Personal Care,4,13.17,0.0,52.67,Store,East,No,62,44,Premium,No,5.3,1,No
CUST-00049,2024-03-28 16:00:00,Travel Mug,Accessories,2,22.3,0.0,44.6,Web,East,No,62,22,Plus,No,7.5,0,Yes
CUST-00018,2024-03-28 20:00:00,Granola Pack,Grocery,5,6.31,0.0,31.53,Web,West,No,45,32,Essential,Yes,4.6,0,No
CUST-00237,2024-03-29 10:00:00,Everyday Coffee,Beverages,2,7.52,0.0,15.05,Web,South,No,38,33,Premium,Yes,5.6,0,No
CUST-00154,2024-03-29 17:00:00,Natural Soap Set,Personal Care,6,12.82,0.0,76.9,Mobile app,West,No,25,26,Premium,Yes,3.4,1,No
CUST-00098,2024-03-30 13:00:00,Granola Pack,Grocery,3,6.99,0.0,20.96,Web,West,Yes,41,16,Essential,Yes,8.3,1,No
CUST-00245,2024-03-30 15:00:00,Granola Pack,Grocery,4,7.17,0.0,28.67,Mobile app,West,No,43,8,Essential,No,7.2,3,Yes
CUST-00248,2024-03-30 19:00:00,Gift Candle,Home,4,16.8,0.0,67.19,Web,Central,No,60,44,Plus,Yes,8.4,0,No
CUST-00194,2024-04-01 12:00:00,Gift Candle,Home,3,17.14,0.0,51.43,Web,West,No,47,43,Essential,Yes,8.1,2,No
CUST-00035,2024-04-01 13:00:00,Natural Soap Set,Personal Care,4,12.96,0.0,51.85,Web,South,No,58,12,Essential,Yes,8.5,2,No
CUST-00079,2024-04-01 16:00:00,Herbal Tea,Beverages,4,7.16,0.0,28.66,Web,South,No,38,2,Plus,Yes,7.9,1,Yes
CUST-00047,2024-04-02 08:00:00,Granola Pack,Grocery,2,5.98,0.0,11.96,Mobile app,Central,No,30,9,Plus,Yes,10.0,3,No
CUST-00139,2024-04-02 09:00:00,Travel Mug,Accessories,5,21.65,0.15,92.0,Web,South,Yes,40,37,Essential,Yes,5.4,4,Yes
CUST-00309,2024-04-02 11:00:00,Travel Mug,Accessories,2,22.32,0.0,44.64,Store,South,No,46,46,Essential,Yes,8.1,0,No
CUST-00036,2024-04-02 17:00:00,Desk Notebook,Stationery,3,9.12,0.1,24.63,Web,South,Yes,32,47,Essential,No,4.4,3,No
CUST-00089,2024-04-02 21:00:00,Granola Pack,Grocery,3,6.9,0.0,20.71,Mobile app,West,No,35,10,Plus,Yes,6.7,2,No
CUST-00120,2024-04-03 09:00:00,Gift Candle,Home,7,17.66,0.0,123.62,Mobile app,North,No,47,30,Essential,Yes,4.4,2,No
CUST-00231,2024-04-03 16:00:00,Cotton Tote,Accessories,2,13.13,0.0,26.27,Web,North,No,50,34,Essential,No,6.6,3,No
CUST-00263,2024-04-04 16:00:00,Granola Pack,Grocery,3,7.0,0.0,21.0,Web,East,Yes,65,12,Plus,No,7.1,1,Yes
CUST-00166,2024-04-04 20:00:00,Everyday Coffee,Beverages,1,8.1,0.0,8.1,Web,Central,No,59,34,Plus,No,6.4,2,Yes
CUST-00025,2024-04-05 21:00:00,Travel Mug,Accessories,3,21.84,0.0,65.53,Web,West,No,57,9,Essential,Yes,6.4,3,Yes
CUST-00098,2024-04-06 08:00:00,Herbal Tea,Beverages,4,7.24,0.0,28.95,Web,West,Yes,41,16,Essential,Yes,8.3,1,No
CUST-00052,2024-04-06 13:00:00,Travel Mug,Accessories,8,21.82,0.0,174.56,Store,North,No,68,35,Essential,Yes,6.4,1,No
CUST-00014,2024-04-06 15:00:00,Granola Pack,Grocery,1,6.85,0.0,6.85,Web,North,No,64,35,Premium,Yes,9.3,1,No
CUST-00226,2024-04-07 10:00:00,Gift Candle,Home,2,18.31,0.0,36.63,Mobile app,Central,No,49,29,Essential,No,6.7,2,No
CUST-00147,2024-04-07 14:00:00,Travel Mug,Accessories,3,21.29,0.0,63.86,Store,North,No,43,21,Essential,Yes,6.0,2,No
CUST-00203,2024-04-07 14:00:00,Cotton Tote,Accessories,2,14.29,0.0,28.59,Web,East,No,38,22,Plus,Yes,7.1,2,No
CUST-00238,2024-04-08 15:00:00,Herbal Tea,Beverages,3,7.47,0.0,22.41,Web,West,No,40,7,Premium,Yes,8.2,6,Yes
CUST-00078,2024-04-08 16:00:00,Granola Pack,Grocery,5,6.95,0.0,34.73,Web,East,No,52,33,Essential,Yes,7.2,1,No
CUST-00142,2024-04-08 18:00:00,Gift Candle,Home,3,16.5,0.0,49.5,Store,Central,No,21,39,Plus,No,9.8,0,No
CUST-00306,2024-04-08 19:00:00,Cotton Tote,Accessories,1,14.5,0.0,14.5,Mobile app,North,No,56,48,Plus,Yes,6.2,3,No
CUST-00025,2024-04-09 11:00:00,Travel Mug,Accessories,6,21.39,0.0,128.35,Web,West,No,57,9,Essential,Yes,6.4,3,Yes
CUST-00005,2024-04-09 13:00:00,Cotton Tote,Accessories,4,14.41,0.05,54.74,Store,South,Yes,49,20,Plus,No,6.7,0,Yes
CUST-00068,2024-04-09 14:00:00,Natural Soap Set,Personal Care,6,12.32,0.0,73.92,Store,South,No,43,22,Plus,Yes,6.7,3,No
CUST-00142,2024-04-09 17:00:00,Desk Notebook,Stationery,3,9.31,0.0,27.92,Store,Central,No,21,39,Plus,No,9.8,0,No
CUST-00050,2024-04-09 18:00:00,Herbal Tea,Beverages,2,7.22,0.0,14.43,Store,West,No,30,38,Essential,Yes,8.0,1,No
CUST-00121,2024-04-09 20:00:00,Gift Candle,Home,2,18.75,0.0,37.51,Store,North,No,65,36,Premium,Yes,5.9,0,No
CUST-00034,2024-04-10 08:00:00,Phone Stand,Electronics,5,17.24,0.0,86.19,Mobile app,North,No,47,14,Plus,No,4.4,1,Yes
CUST-00067,2024-04-10 08:00:00,Phone Stand,Electronics,5,17.72,0.0,88.61,Store,West,No,40,47,Plus,Yes,5.6,5,Yes
CUST-00245,2024-04-10 13:00:00,Gift Candle,Home,3,18.11,0.05,51.6,Mobile app,West,Yes,43,8,Essential,No,7.2,3,Yes
CUST-00261,2024-04-10 17:00:00,Granola Pack,Grocery,4,7.09,0.0,28.34,Mobile app,East,No,43,19,Essential,Yes,5.2,3,Yes
CUST-00085,2024-04-10 19:00:00,Travel Mug,Accessories,3,21.1,0.0,63.3,Store,West,No,28,48,Essential,Yes,6.5,2,No
CUST-00035,2024-04-11 12:00:00,Desk Notebook,Stationery,3,8.88,0.0,26.64,Web,South,No,58,12,Essential,Yes,8.5,2,No
CUST-00052,2024-04-11 13:00:00,Phone Stand,Electronics,2,17.96,0.1,32.33,Store,North,Yes,68,35,Essential,Yes,6.4,1,No
CUST-00072,2024-04-11 13:00:00,Wireless Charger,Electronics,3,27.81,0.0,83.43,Web,South,No,67,27,Plus,Yes,8.6,1,No
CUST-00281,2024-04-11 21:00:00,Desk Notebook,Stationery,1,8.81,0.0,8.81,Store,Central,No,46,25,Essential,Yes,6.9,2,No
CUST-00066,2024-04-12 10:00:00,Natural Soap Set,Personal Care,5,12.14,0.0,60.69,Mobile app,Central,No,42,8,Essential,Yes,10.0,5,Yes
CUST-00315,2024-04-12 10:00:00,Natural Soap Set,Personal Care,6,13.25,0.1,71.54,Web,South,Yes,51,32,Plus,Yes,8.1,3,No
CUST-00034,2024-04-12 13:00:00,Herbal Tea,Beverages,4,6.97,0.0,27.9,Mobile app,North,No,47,14,Plus,No,4.4,1,Yes
CUST-00079,2024-04-12 14:00:00,Granola Pack,Grocery,6,6.92,0.0,41.54,Web,South,No,38,2,Plus,Yes,7.9,1,Yes
CUST-00178,2024-04-13 09:00:00,Everyday Coffee,Beverages,3,8.57,0.0,25.71,Web,South,No,49,20,Plus,Yes,7.5,0,No
CUST-00114,2024-04-13 15:00:00,Natural Soap Set,Personal Care,4,12.91,0.0,51.65,Mobile app,Central,No,53,34,Plus,Yes,7.3,0,No
CUST-00143,2024-04-13 15:00:00,Wireless Charger,Electronics,5,30.96,0.0,154.78,Web,East,No,59,26,Plus,Yes,8.6,1,No
CUST-00222,2024-04-14 08:00:00,Everyday Coffee,Beverages,2,8.12,0.0,16.25,Web,Central,No,54,33,Essential,No,6.4,1,No
CUST-00293,2024-04-14 11:00:00,Everyday Coffee,Beverages,4,8.29,0.0,33.17,Mobile app,East,No,57,4,Plus,Yes,6.1,2,No
CUST-00248,2024-04-14 14:00:00,Herbal Tea,Beverages,3,7.57,0.0,22.7,Web,Central,No,60,44,Plus,Yes,8.4,0,No
CUST-00267,2024-04-14 15:00:00,Granola Pack,Grocery,3,6.68,0.0,20.05,Store,South,No,41,15,Essential,Yes,9.1,3,No
CUST-00319,2024-04-14 16:00:00,Cotton Tote,Accessories,3,13.92,0.0,41.76,Mobile app,East,No,39,30,Plus,No,7.4,2,Yes
CUST-00061,2024-04-14 21:00:00,Gift Candle,Home,5,16.93,0.0,84.64,Web,West,No,30,37,Essential,Yes,8.2,0,No
CUST-00279,2024-04-15 08:00:00,Desk Notebook,Stationery,2,8.69,0.0,17.39,Web,South,No,39,10,Plus,Yes,7.3,0,No
CUST-00003,2024-04-15 09:00:00,Granola Pack,Grocery,3,7.0,0.0,20.99,Web,North,No,60,9,Essential,Yes,7.9,0,No
CUST-00202,2024-04-15 14:00:00,Everyday Coffee,Beverages,5,8.63,0.0,43.13,Store,North,No,34,29,Essential,Yes,7.1,0,No
CUST-00295,2024-04-15 14:00:00,Phone Stand,Electronics,6,17.62,0.0,105.7,Mobile app,West,No,64,30,Essential,Yes,7.7,0,No
CUST-00320,2024-04-15 21:00:00,Travel Mug,Accessories,2,22.76,0.0,45.52,Store,North,No,65,6,Plus,Yes,7.7,3,No
CUST-00210,2024-04-16 13:00:00,Cotton Tote,Accessories,6,14.72,0.0,88.33,Web,South,No,60,38,Plus,No,7.9,0,No
CUST-00112,2024-04-16 14:00:00,Granola Pack,Grocery,2,6.7,0.0,13.41,Web,West,No,25,23,Essential,Yes,5.6,0,Yes
CUST-00070,2024-04-16 16:00:00,Natural Soap Set,Personal Care,1,13.09,0.0,13.09,Web,South,Yes,28,23,Plus,No,7.3,2,Yes
CUST-00174,2024-04-17 10:00:00,Natural Soap Set,Personal Care,1,11.82,0.0,11.82,Mobile app,North,No,22,44,Plus,Yes,6.3,3,No
CUST-00037,2024-04-17 13:00:00,Natural Soap Set,Personal Care,2,12.8,0.1,23.04,Web,East,Yes,55,27,Plus,No,9.1,1,Yes
CUST-00232,2024-04-17 15:00:00,Everyday Coffee,Beverages,4,8.66,0.0,34.64,Web,Central,No,32,32,Plus,No,7.7,0,No
CUST-00119,2024-04-17 17:00:00,Wireless Charger,Electronics,6,30.54,0.1,164.92,Store,South,Yes,65,3,Essential,Yes,7.4,0,Yes
CUST-00164,2024-04-18 12:00:00,Granola Pack,Grocery,7,7.3,0.0,51.12,Mobile app,South,No,28,34,Essential,Yes,9.0,1,No
CUST-00128,2024-04-18 20:00:00,Natural Soap Set,Personal Care,6,11.74,0.0,70.44,Store,North,No,29,31,Plus,Yes,7.2,3,No
CUST-00083,2024-04-20 10:00:00,Phone Stand,Electronics,4,17.29,0.0,69.14,Mobile app,West,No,23,46,Essential,Yes,6.5,2,No
CUST-00212,2024-04-20 10:00:00,Travel Mug,Accessories,2,21.84,0.15,37.13,Web,West,Yes,50,26,Plus,Yes,4.5,1,No
CUST-00186,2024-04-20 13:00:00,Desk Notebook,Stationery,4,8.96,0.0,35.83,Web,West,No,65,27,Premium,No,8.7,1,No
CUST-00143,2024-04-20 16:00:00,Gift Candle,Home,1,18.23,0.0,18.23,Web,East,No,59,26,Plus,Yes,8.6,1,No
CUST-00071,2024-04-20 19:00:00,Cotton Tote,Accessories,4,15.18,0.0,60.72,Web,North,No,30,31,Essential,Yes,9.4,3,No
CUST-00245,2024-04-21 08:00:00,Wireless Charger,Electronics,4,28.49,0.0,113.96,Mobile app,West,No,43,8,Essential,No,7.2,3,Yes
CUST-00210,2024-04-21 09:00:00,Natural Soap Set,Personal Care,3,12.6,0.0,37.8,Web,South,No,60,38,Plus,No,7.9,0,No
CUST-00115,2024-04-21 12:00:00,Desk Notebook,Stationery,4,9.07,0.0,36.27,Mobile app,North,No,37,36,Plus,Yes,7.4,1,No
CUST-00062,2024-04-21 17:00:00,Herbal Tea,Beverages,2,7.01,0.0,14.03,Mobile app,North,No,26,3,Essential,Yes,6.4,0,No
CUST-00278,2024-04-21 18:00:00,Herbal Tea,Beverages,5,6.95,0.0,34.77,Web,North,No,56,46,Plus,No,9.0,0,No
CUST-00159,2024-04-22 13:00:00,Natural Soap Set,Personal Care,4,12.92,0.0,51.7,Web,South,No,38,10,Essential,No,5.8,0,Yes
CUST-00075,2024-04-22 14:00:00,Phone Stand,Electronics,6,17.18,0.0,103.09,Web,East,No,28,38,Essential,No,6.9,1,No
CUST-00269,2024-04-23 09:00:00,Wireless Charger,Electronics,1,27.0,0.0,27.0,Web,Central,No,40,34,Plus,Yes,6.0,1,No
CUST-00014,2024-04-23 13:00:00,Gift Candle,Home,7,17.24,0.0,120.7,Web,North,No,64,35,Premium,Yes,9.3,1,No
CUST-00239,2024-04-23 15:00:00,Travel Mug,Accessories,2,23.18,0.0,46.37,Store,East,No,30,34,Essential,No,6.6,1,Yes
CUST-00046,2024-04-23 16:00:00,Granola Pack,Grocery,3,7.46,0.0,22.38,Web,South,No,59,41,Plus,Yes,6.1,2,No
CUST-00118,2024-04-23 20:00:00,Cotton Tote,Accessories,5,14.9,0.0,74.52,Web,South,No,28,20,Essential,Yes,6.9,1,No
CUST-00128,2024-04-24 08:00:00,Gift Candle,Home,5,17.7,0.0,88.49,Store,North,No,29,31,Plus,Yes,7.2,3,No
CUST-00150,2024-04-24 09:00:00,Wireless Charger,Electronics,5,30.1,0.0,150.52,Mobile app,Central,No,26,37,Plus,Yes,6.8,2,No
CUST-00160,2024-04-24 11:00:00,Everyday Coffee,Beverages,7,8.35,0.0,58.42,Mobile app,South,No,35,46,Essential,No,7.0,3,No
CUST-00289,2024-04-24 13:00:00,Everyday Coffee,Beverages,3,8.42,0.0,25.27,Store,Central,No,47,46,Essential,Yes,7.6,3,No
CUST-00060,2024-04-24 14:00:00,Herbal Tea,Beverages,3,7.46,0.0,22.37,Web,West,No,46,11,Essential,No,8.1,0,Yes
CUST-00232,2024-04-24 14:00:00,Everyday Coffee,Beverages,4,8.36,0.0,33.44,Web,Central,No,32,32,Plus,No,7.7,0,No
CUST-00080,2024-04-24 15:00:00,Natural Soap Set,Personal Care,3,12.12,0.0,36.36,Web,West,No,42,20,Essential,Yes,3.1,1,Yes
CUST-00294,2024-04-25 08:00:00,Gift Candle,Home,7,18.39,0.0,128.7,Web,Central,No,66,48,Plus,Yes,4.4,1,No
CUST-00319,2024-04-25 10:00:00,Herbal Tea,Beverages,1,7.71,0.0,7.71,Mobile app,East,No,39,30,Plus,No,7.4,2,Yes
CUST-00190,2024-04-25 11:00:00,Phone Stand,Electronics,1,17.64,0.1,15.88,Web,South,Yes,34,29,Plus,Yes,6.2,2,No
CUST-00055,2024-04-25 14:00:00,Travel Mug,Accessories,4,22.99,0.0,91.97,Store,West,No,64,37,Essential,Yes,6.2,0,No
CUST-00062,2024-04-25 16:00:00,Everyday Coffee,Beverages,2,8.74,0.1,15.72,Mobile app,North,Yes,26,3,Essential,Yes,6.4,0,No
CUST-00076,2024-04-25 17:00:00,Everyday Coffee,Beverages,3,8.7,0.0,26.11,Web,South,No,63,32,Premium,Yes,5.3,3,No
CUST-00195,2024-04-25 18:00:00,Gift Candle,Home,5,17.87,0.0,89.37,Mobile app,West,No,25,31,Premium,Yes,6.1,2,No
CUST-00180,2024-04-25 20:00:00,Travel Mug,Accessories,2,22.39,0.0,44.78,Mobile app,East,No,53,18,Essential,Yes,7.3,2,Yes
CUST-00088,2024-04-25 21:00:00,Herbal Tea,Beverages,2,7.57,0.0,15.13,Web,North,No,64,19,Essential,No,8.1,0,Yes
CUST-00273,2024-04-26 09:00:00,Travel Mug,Accessories,2,21.14,0.0,42.29,Web,Central,No,36,48,Essential,Yes,8.8,1,No
CUST-00068,2024-04-26 12:00:00,Desk Notebook,Stationery,2,8.31,0.0,16.62,Store,South,No,43,22,Plus,Yes,6.7,3,No
CUST-00110,2024-04-27 12:00:00,Natural Soap Set,Personal Care,2,11.61,0.1,20.89,Mobile app,West,Yes,50,36,Plus,Yes,7.6,1,No
CUST-00122,2024-04-27 13:00:00,Natural Soap Set,Personal Care,2,12.32,0.0,24.64,Web,North,Yes,44,28,Plus,No,6.8,1,No
CUST-00194,2024-04-27 13:00:00,Gift Candle,Home,4,18.91,0.0,75.64,Web,West,No,47,43,Essential,Yes,8.1,2,No
CUST-00091,2024-04-27 16:00:00,Everyday Coffee,Beverages,4,8.58,0.0,34.32,Web,Central,No,63,36,Plus,Yes,7.4,3,No
CUST-00199,2024-04-27 19:00:00,Herbal Tea,Beverages,4,7.51,0.0,30.03,Store,West,No,64,42,Essential,Yes,7.9,1,No
CUST-00054,2024-04-28 08:00:00,Natural Soap Set,Personal Care,4,12.76,0.0,51.06,Mobile app,North,No,32,17,Essential,Yes,10.0,2,No
CUST-00174,2024-04-28 11:00:00,Herbal Tea,Beverages,5,6.61,0.0,33.04,Mobile app,North,Yes,22,44,Plus,Yes,6.3,3,No
CUST-00090,2024-04-28 13:00:00,Herbal Tea,Beverages,5,7.18,0.1,32.31,Web,West,Yes,62,19,Plus,No,6.7,3,Yes
CUST-00054,2024-04-28 18:00:00,Natural Soap Set,Personal Care,1,12.98,0.0,12.98,Mobile app,North,No,32,17,Essential,Yes,10.0,2,No
CUST-00070,2024-04-29 08:00:00,Everyday Coffee,Beverages,5,9.0,0.0,45.02,Web,South,No,28,23,Plus,No,7.3,2,Yes
CUST-00097,2024-04-29 08:00:00,Phone Stand,Electronics,4,16.9,0.0,67.58,Store,West,No,31,4,Essential,Yes,7.5,0,No
CUST-00251,2024-04-29 09:00:00,Herbal Tea,Beverages,4,7.4,0.0,29.62,Web,West,No,63,37,Plus,Yes,7.2,3,No
CUST-00112,2024-04-29 11:00:00,Cotton Tote,Accessories,1,14.16,0.0,14.16,Web,West,No,25,23,Essential,Yes,5.6,0,Yes
CUST-00267,2024-04-29 12:00:00,Gift Candle,Home,1,17.57,0.0,17.57,Store,South,No,41,15,Essential,Yes,9.1,3,No
CUST-00183,2024-05-02 15:00:00,Wireless Charger,Electronics,4,29.8,0.0,119.22,Mobile app,West,No,42,46,Essential,No,7.0,3,No
CUST-00316,2024-05-02 15:00:00,Granola Pack,Grocery,5,6.9,0.0,34.49,Mobile app,East,No,32,45,Premium,No,8.7,2,No
CUST-00247,2024-05-03 12:00:00,Granola Pack,Grocery,6,6.64,0.0,39.86,Web,North,No,47,40,Plus,Yes,6.6,0,No
CUST-00094,2024-05-03 16:00:00,Gift Candle,Home,4,18.07,0.0,72.3,Web,South,No,54,45,Essential,No,9.3,2,No
CUST-00136,2024-05-03 17:00:00,Wireless Charger,Electronics,6,30.17,0.0,181.01,Web,West,No,30,42,Essential,Yes,7.3,3,No
CUST-00285,2024-05-04 11:00:00,Travel Mug,Accessories,4,20.58,0.0,82.31,Store,South,No,65,23,Essential,Yes,7.3,1,No
CUST-00086,2024-05-04 15:00:00,Travel Mug,Accessories,4,22.69,0.0,90.78,Mobile app,North,Yes,37,48,Essential,Yes,5.0,1,No
CUST-00055,2024-05-05 18:00:00,Wireless Charger,Electronics,5,28.44,0.0,142.18,Store,West,No,64,37,Essential,Yes,6.2,0,No
CUST-00188,2024-05-05 18:00:00,Herbal Tea,Beverages,1,7.71,0.0,7.71,Mobile app,West,No,66,29,Essential,Yes,6.3,1,No
CUST-00173,2024-05-05 20:00:00,Everyday Coffee,Beverages,3,7.83,0.0,23.49,Web,North,No,27,13,Essential,No,7.5,2,Yes
CUST-00279,2024-05-05 20:00:00,Herbal Tea,Beverages,4,6.84,0.0,27.36,Web,South,No,39,10,Plus,Yes,7.3,0,No
CUST-00274,2024-05-06 10:00:00,Cotton Tote,Accessories,4,14.0,0.0,56.01,Mobile app,North,No,43,45,Plus,Yes,10.0,5,No
CUST-00180,2024-05-06 13:00:00,Granola Pack,Grocery,2,6.53,0.0,13.06,Mobile app,East,No,53,18,Essential,Yes,7.3,2,Yes
CUST-00011,2024-05-07 15:00:00,Phone Stand,Electronics,1,16.98,0.0,16.98,Mobile app,Central,No,35,28,Plus,Yes,10.0,2,No
CUST-00249,2024-05-07 15:00:00,Natural Soap Set,Personal Care,4,13.21,0.0,52.85,Web,East,No,32,23,Plus,Yes,6.6,5,No
CUST-00061,2024-05-08 14:00:00,Granola Pack,Grocery,1,6.62,0.0,6.62,Web,West,No,30,37,Essential,Yes,8.2,0,No
CUST-00171,2024-05-08 14:00:00,Travel Mug,Accessories,3,20.25,0.0,60.75,Web,West,Yes,22,27,Essential,Yes,7.2,1,No
CUST-00201,2024-05-08 14:00:00,Wireless Charger,Electronics,5,31.25,0.0,156.27,Web,South,No,45,43,Plus,Yes,6.9,1,No
CUST-00050,2024-05-08 16:00:00,Gift Candle,Home,4,17.8,0.0,71.21,Store,West,No,30,38,Essential,Yes,8.0,1,No
CUST-00284,2024-05-08 21:00:00,Phone Stand,Electronics,1,16.81,0.0,16.81,Mobile app,West,No,59,2,Plus,Yes,7.1,3,Yes
CUST-00109,2024-05-09 08:00:00,Cotton Tote,Accessories,4,14.24,0.0,56.94,Web,Central,No,55,42,Essential,No,6.6,0,No
CUST-00174,2024-05-09 16:00:00,Granola Pack,Grocery,7,7.02,0.0,49.17,Mobile app,North,No,22,44,Plus,Yes,6.3,3,No
CUST-00266,2024-05-09 17:00:00,Granola Pack,Grocery,4,6.96,0.0,27.86,Web,East,No,62,18,Essential,Yes,5.5,1,Yes
CUST-00272,2024-05-09 18:00:00,Gift Candle,Home,4,17.83,0.0,71.3,Mobile app,North,No,22,38,Essential,Yes,8.1,2,No
CUST-00008,2024-05-10 10:00:00,Phone Stand,Electronics,4,17.0,0.0,67.98,Store,North,No,49,24,Plus,Yes,9.1,1,No
CUST-00318,2024-05-10 12:00:00,Desk Notebook,Stationery,3,9.14,0.1,24.68,Store,Central,Yes,48,33,Essential,Yes,8.1,0,No
CUST-00227,2024-05-10 21:00:00,Herbal Tea,Beverages,4,6.9,0.0,27.59,Mobile app,North,Yes,58,47,Essential,Yes,8.5,0,No
CUST-00082,2024-05-11 10:00:00,Wireless Charger,Electronics,2,29.63,0.0,59.25,Store,Central,No,66,17,Plus,Yes,6.4,1,No
CUST-00208,2024-05-11 12:00:00,Natural Soap Set,Personal Care,3,12.1,0.0,36.3,Store,West,No,50,25,Plus,No,7.3,1,Yes
CUST-00178,2024-05-11 13:00:00,Gift Candle,Home,1,17.7,0.0,17.7,Web,South,No,49,20,Plus,Yes,7.5,0,No
CUST-00287,2024-05-12 11:00:00,Granola Pack,Grocery,2,6.41,0.0,12.83,Mobile app,South,No,39,14,Premium,No,9.6,1,Yes
CUST-00032,2024-05-12 12:00:00,Granola Pack,Grocery,8,6.23,0.0,49.84,Web,West,No,36,43,Plus,Yes,8.2,1,No
CUST-00221,2024-05-12 12:00:00,Granola Pack,Grocery,2,6.87,0.0,13.74,Mobile app,North,No,68,19,Premium,Yes,6.8,4,No
CUST-00313,2024-05-12 14:00:00,Herbal Tea,Beverages,2,7.2,0.0,14.39,Mobile app,West,No,23,23,Essential,No,5.2,3,Yes
CUST-00153,2024-05-12 16:00:00,Herbal Tea,Beverages,5,7.33,0.05,34.84,Web,East,Yes,52,39,Plus,No,9.1,3,No
CUST-00230,2024-05-13 13:00:00,Desk Notebook,Stationery,3,8.58,0.0,25.74,Mobile app,West,No,27,25,Essential,No,7.2,1,No
CUST-00269,2024-05-13 14:00:00,Natural Soap Set,Personal Care,1,12.07,0.0,12.07,Web,Central,No,40,34,Plus,Yes,6.0,1,No
CUST-00184,2024-05-13 20:00:00,Travel Mug,Accessories,3,20.38,0.0,61.14,Mobile app,West,No,55,23,Essential,Yes,5.5,4,Yes
CUST-00220,2024-05-13 21:00:00,Natural Soap Set,Personal Care,1,12.59,0.0,12.59,Store,West,No,55,39,Plus,Yes,10.0,0,No
CUST-00003,2024-05-14 12:00:00,Phone Stand,Electronics,5,18.34,0.0,91.71,Web,North,No,60,9,Essential,Yes,7.9,0,No
CUST-00165,2024-05-14 17:00:00,Everyday Coffee,Beverages,5,8.12,0.0,40.61,Mobile app,East,No,37,30,Plus,No,6.8,2,No
CUST-00125,2024-05-14 18:00:00,Gift Candle,Home,5,17.93,0.0,89.67,Mobile app,Central,No,38,15,Plus,Yes,8.0,2,No
CUST-00180,2024-05-15 12:00:00,Desk Notebook,Stationery,1,8.87,0.0,8.87,Mobile app,East,No,53,18,Essential,Yes,7.3,2,Yes
CUST-00161,2024-05-15 13:00:00,Travel Mug,Accessories,5,20.86,0.15,88.67,Mobile app,South,Yes,56,44,Essential,Yes,7.1,0,No
CUST-00064,2024-05-15 18:00:00,Phone Stand,Electronics,6,17.94,0.0,107.61,Web,East,No,54,30,Plus,Yes,9.3,0,No
CUST-00234,2024-05-15 21:00:00,Granola Pack,Grocery,5,6.5,0.0,32.51,Mobile app,West,No,59,38,Plus,Yes,9.3,2,No
CUST-00099,2024-05-16 08:00:00,Natural Soap Set,Personal Care,3,12.1,0.0,36.31,Store,West,No,52,15,Premium,Yes,5.8,0,No
CUST-00152,2024-05-16 10:00:00,Wireless Charger,Electronics,4,30.53,0.0,122.12,Web,Central,No,38,8,Essential,Yes,7.9,3,No
CUST-00302,2024-05-16 18:00:00,Cotton Tote,Accessories,1,14.27,0.0,14.27,Web,South,No,46,7,Essential,No,5.4,2,Yes
CUST-00220,2024-05-16 19:00:00,Travel Mug,Accessories,5,22.0,0.0,110.0,Store,West,No,55,39,Plus,Yes,10.0,0,No
CUST-00114,2024-05-16 20:00:00,Herbal Tea,Beverages,9,7.48,0.0,67.28,Mobile app,Central,No,53,34,Plus,Yes,7.3,0,No
CUST-00191,2024-05-17 09:00:00,Granola Pack,Grocery,2,6.6,0.0,13.2,Mobile app,North,No,29,18,Plus,Yes,6.0,1,No
CUST-00018,2024-05-17 16:00:00,Everyday Coffee,Beverages,2,8.31,0.0,16.63,Web,West,No,45,32,Essential,Yes,4.6,0,No
CUST-00127,2024-05-17 16:00:00,Travel Mug,Accessories,1,21.57,0.0,21.57,Mobile app,North,No,22,16,Premium,Yes,7.8,0,No
CUST-00278,2024-05-17 18:00:00,Gift Candle,Home,2,17.86,0.0,35.72,Web,North,No,56,46,Plus,No,9.0,0,No
CUST-00023,2024-05-17 20:00:00,Wireless Charger,Electronics,3,27.37,0.0,82.1,Mobile app,South,No,66,35,Plus,No,4.6,2,Yes
CUST-00243,2024-05-18 14:00:00,Wireless Charger,Electronics,1,30.28,0.0,30.28,Store,East,No,28,34,Plus,Yes,7.0,1,No
CUST-00178,2024-05-18 16:00:00,Granola Pack,Grocery,7,6.87,0.0,48.11,Web,South,No,49,20,Plus,Yes,7.5,0,No
CUST-00087,2024-05-19 16:00:00,Herbal Tea,Beverages,5,6.84,0.0,34.2,Store,South,No,28,34,Essential,Yes,7.8,1,No
CUST-00140,2024-05-19 17:00:00,Natural Soap Set,Personal Care,5,12.29,0.0,61.45,Mobile app,Central,No,52,31,Plus,Yes,6.6,2,No
CUST-00222,2024-05-20 08:00:00,Cotton Tote,Accessories,6,15.46,0.0,92.76,Web,Central,No,54,33,Essential,No,6.4,1,No
CUST-00296,2024-05-20 11:00:00,Natural Soap Set,Personal Care,4,13.15,0.0,52.59,Web,North,No,49,29,Premium,No,9.1,1,No
CUST-00305,2024-05-20 11:00:00,Granola Pack,Grocery,1,6.82,0.0,6.82,Web,West,Yes,65,36,Essential,Yes,10.0,3,No
CUST-00051,2024-05-20 17:00:00,Wireless Charger,Electronics,3,28.44,0.0,85.33,Web,West,No,42,47,Premium,Yes,5.0,0,No
CUST-00225,2024-05-21 11:00:00,Natural Soap Set,Personal Care,3,12.94,0.0,38.81,Web,Central,No,36,43,Essential,Yes,5.6,2,No
CUST-00072,2024-05-21 13:00:00,Gift Candle,Home,6,17.53,0.0,105.2,Web,South,Yes,67,27,Plus,Yes,8.6,1,No
CUST-00028,2024-05-22 21:00:00,Everyday Coffee,Beverages,2,8.82,0.0,17.65,Web,North,No,42,5,Plus,Yes,4.6,2,Yes
CUST-00314,2024-05-22 21:00:00,Natural Soap Set,Personal Care,5,11.91,0.0,59.55,Web,East,No,24,27,Premium,No,5.3,1,Yes
CUST-00207,2024-05-23 11:00:00,Travel Mug,Accessories,5,20.53,0.0,102.65,Web,South,No,26,24,Essential,Yes,6.9,0,No
CUST-00041,2024-05-23 14:00:00,Desk Notebook,Stationery,3,8.83,0.0,26.48,Store,Central,No,47,14,Essential,No,8.2,2,Yes
CUST-00092,2024-05-23 20:00:00,Gift Candle,Home,1,17.36,0.0,17.36,Mobile app,Central,No,51,31,Plus,No,8.4,1,No
CUST-00016,2024-05-23 21:00:00,Herbal Tea,Beverages,2,6.78,0.0,13.55,Mobile app,North,No,66,2,Essential,Yes,7.2,1,No
CUST-00076,2024-05-24 09:00:00,Cotton Tote,Accessories,3,14.63,0.0,43.9,Web,South,No,63,32,Premium,Yes,5.3,3,No
CUST-00010,2024-05-24 14:00:00,Desk Notebook,Stationery,3,9.22,0.0,27.65,Mobile app,North,No,27,29,Premium,No,7.7,1,No
CUST-00090,2024-05-24 16:00:00,Phone Stand,Electronics,5,17.67,0.0,88.35,Web,West,No,62,19,Plus,No,6.7,3,Yes
CUST-00179,2024-05-24 18:00:00,Cotton Tote,Accessories,6,13.76,0.0,82.53,Web,North,No,61,30,Plus,Yes,6.7,3,No
CUST-00268,2024-05-24 20:00:00,Herbal Tea,Beverages,5,6.35,0.0,31.74,Store,East,No,43,43,Essential,Yes,8.5,2,No
CUST-00245,2024-05-24 21:00:00,Cotton Tote,Accessories,4,14.73,0.0,58.92,Mobile app,West,No,43,8,Essential,No,7.2,3,Yes
CUST-00254,2024-05-24 21:00:00,Herbal Tea,Beverages,7,6.89,0.0,48.26,Mobile app,Central,No,53,16,Plus,No,6.8,0,Yes
CUST-00061,2024-05-25 11:00:00,Travel Mug,Accessories,4,21.77,0.0,87.09,Web,West,Yes,30,37,Essential,Yes,8.2,0,No
CUST-00213,2024-05-25 11:00:00,Desk Notebook,Stationery,7,9.11,0.0,63.79,Web,East,No,55,41,Essential,Yes,5.7,1,No
CUST-00245,2024-05-25 11:00:00,Cotton Tote,Accessories,2,13.7,0.0,27.4,Mobile app,West,Yes,43,8,Essential,No,7.2,3,Yes
CUST-00116,2024-05-25 13:00:00,Granola Pack,Grocery,3,7.12,0.0,21.37,Store,North,No,55,23,Essential,Yes,8.1,0,No
CUST-00069,2024-05-25 18:00:00,Cotton Tote,Accessories,7,14.06,0.0,98.44,Store,North,Yes,27,25,Premium,Yes,8.3,0,No
CUST-00082,2024-05-26 08:00:00,Travel Mug,Accessories,2,21.67,0.0,43.33,Store,Central,No,66,17,Plus,Yes,6.4,1,No
CUST-00159,2024-05-26 09:00:00,Everyday Coffee,Beverages,3,8.52,0.1,23.01,Web,South,Yes,38,10,Essential,No,5.8,0,Yes
CUST-00139,2024-05-26 15:00:00,Wireless Charger,Electronics,4,29.41,0.0,117.66,Web,South,No,40,37,Essential,Yes,5.4,4,Yes
CUST-00089,2024-05-27 08:00:00,Herbal Tea,Beverages,4,7.39,0.0,29.55,Mobile app,West,No,35,10,Plus,Yes,6.7,2,No
CUST-00016,2024-05-27 09:00:00,Natural Soap Set,Personal Care,2,12.53,0.0,25.07,Mobile app,North,No,66,2,Essential,Yes,7.2,1,No
CUST-00086,2024-05-27 10:00:00,Gift Candle,Home,6,17.28,0.0,103.67,Mobile app,North,No,37,48,Essential,Yes,5.0,1,No
CUST-00174,2024-05-27 10:00:00,Wireless Charger,Electronics,7,30.76,0.0,215.31,Mobile app,North,No,22,44,Plus,Yes,6.3,3,No
CUST-00195,2024-05-27 12:00:00,Herbal Tea,Beverages,3,6.69,0.0,20.07,Mobile app,West,No,25,31,Premium,Yes,6.1,2,No
CUST-00200,2024-05-28 14:00:00,Travel Mug,Accessories,8,22.74,0.0,181.91,Mobile app,South,No,68,48,Premium,Yes,5.6,0,No
CUST-00247,2024-05-28 14:00:00,Herbal Tea,Beverages,5,6.53,0.0,32.65,Web,North,No,47,40,Plus,Yes,6.6,0,No
CUST-00299,2024-05-28 14:00:00,Cotton Tote,Accessories,4,15.77,0.0,63.09,Mobile app,East,No,38,7,Plus,No,7.7,2,Yes
CUST-00182,2024-05-29 13:00:00,Natural Soap Set,Personal Care,2,11.81,0.0,23.62,Web,West,No,64,43,Premium,Yes,8.7,0,No
CUST-00161,2024-05-29 17:00:00,Cotton Tote,Accessories,6,14.57,0.0,87.42,Mobile app,South,No,56,44,Essential,Yes,7.1,0,No
CUST-00265,2024-05-29 17:00:00,Desk Notebook,Stationery,6,9.33,0.0,55.99,Store,South,No,44,39,Premium,No,5.6,0,No
CUST-00244,2024-05-29 19:00:00,Desk Notebook,Stationery,2,9.18,0.0,18.36,Mobile app,South,No,45,30,Essential,Yes,9.2,3,No
CUST-00019,2024-05-30 13:00:00,Wireless Charger,Electronics,4,29.87,0.0,119.49,Web,North,No,52,6,Essential,Yes,6.7,2,No
CUST-00087,2024-05-30 17:00:00,Gift Candle,Home,1,17.89,0.0,17.89,Store,South,No,28,34,Essential,Yes,7.8,1,No
CUST-00281,2024-06-01 10:00:00,Everyday Coffee,Beverages,5,8.1,0.0,40.49,Store,Central,No,46,25,Essential,Yes,6.9,2,No
CUST-00136,2024-06-01 11:00:00,Travel Mug,Accessories,2,21.06,0.0,42.13,Web,West,No,30,42,Essential,Yes,7.3,3,No
CUST-00286,2024-06-01 12:00:00,Gift Candle,Home,3,17.94,0.0,53.82,Mobile app,North,No,44,38,Essential,Yes,5.3,1,No
CUST-00161,2024-06-02 10:00:00,Travel Mug,Accessories,6,20.82,0.0,124.91,Mobile app,South,No,56,44,Essential,Yes,7.1,0,No
CUST-00110,2024-06-02 12:00:00,Gift Candle,Home,6,17.45,0.0,104.71,Mobile app,West,No,50,36,Plus,Yes,7.6,1,No
CUST-00138,2024-06-02 16:00:00,Phone Stand,Electronics,1,17.44,0.0,17.44,Web,Central,No,52,44,Plus,Yes,3.6,1,No
CUST-00250,2024-06-02 20:00:00,Phone Stand,Electronics,1,18.19,0.0,18.19,Web,East,No,55,12,Essential,No,8.8,1,Yes
CUST-00205,2024-06-03 12:00:00,Granola Pack,Grocery,3,6.0,0.0,18.0,Web,East,No,31,29,Plus,Yes,8.0,1,No
CUST-00290,2024-06-03 19:00:00,Desk Notebook,Stationery,3,9.12,0.0,27.37,Store,East,No,38,41,Essential,No,6.8,1,No
CUST-00115,2024-06-04 08:00:00,Cotton Tote,Accessories,6,15.34,0.0,92.07,Mobile app,North,No,37,36,Plus,Yes,7.4,1,No
CUST-00023,2024-06-04 18:00:00,Herbal Tea,Beverages,5,6.77,0.0,33.86,Mobile app,South,No,66,35,Plus,No,4.6,2,Yes
CUST-00234,2024-06-05 20:00:00,Granola Pack,Grocery,2,6.18,0.0,12.37,Mobile app,West,No,59,38,Plus,Yes,9.3,2,No
CUST-00019,2024-06-06 09:00:00,Phone Stand,Electronics,1,17.09,0.0,17.09,Web,North,No,52,6,Essential,Yes,6.7,2,No
CUST-00038,2024-06-06 11:00:00,Travel Mug,Accessories,4,26.48,0.0,105.93,Web,West,No,39,47,Essential,Yes,6.1,2,No
CUST-00144,2024-06-06 12:00:00,Granola Pack,Grocery,6,7.16,0.0,42.96,Store,Central,No,53,16,Premium,Yes,10.0,3,No
CUST-00044,2024-06-06 15:00:00,Gift Candle,Home,1,17.44,0.0,17.44,Store,South,No,27,9,Premium,Yes,4.9,2,Yes
CUST-00179,2024-06-06 16:00:00,Phone Stand,Electronics,4,16.62,0.0,66.5,Web,North,No,61,30,Plus,Yes,6.7,3,No
CUST-00252,2024-06-06 20:00:00,Everyday Coffee,Beverages,3,8.52,0.0,25.56,Mobile app,North,No,26,34,Essential,Yes,6.0,1,No
CUST-00276,2024-06-07 16:00:00,Natural Soap Set,Personal Care,1,12.2,0.0,12.2,Web,North,No,63,47,Plus,Yes,6.8,2,No
CUST-00278,2024-06-07 21:00:00,Everyday Coffee,Beverages,1,7.79,0.0,7.79,Web,North,No,56,46,Plus,No,9.0,0,No
CUST-00036,2024-06-08 15:00:00,Herbal Tea,Beverages,2,7.26,0.0,14.52,Web,South,No,32,47,Essential,No,4.4,3,No
CUST-00076,2024-06-08 19:00:00,Natural Soap Set,Personal Care,3,13.26,0.0,39.78,Web,South,No,63,32,Premium,Yes,5.3,3,No
CUST-00208,2024-06-08 19:00:00,Travel Mug,Accessories,5,21.66,0.0,108.29,Store,West,No,50,25,Plus,No,7.3,1,Yes
CUST-00115,2024-06-09 10:00:00,Granola Pack,Grocery,2,6.84,0.0,13.67,Mobile app,North,No,37,36,Plus,Yes,7.4,1,No
CUST-00298,2024-06-09 11:00:00,Natural Soap Set,Personal Care,5,12.61,0.0,63.07,Web,East,No,42,3,Plus,Yes,6.4,3,Yes
CUST-00154,2024-06-09 12:00:00,Desk Notebook,Stationery,5,8.84,0.0,44.22,Mobile app,West,No,25,26,Premium,Yes,3.4,1,No
CUST-00277,2024-06-09 15:00:00,Cotton Tote,Accessories,9,14.13,0.0,127.14,Web,North,No,65,4,Essential,Yes,6.0,4,Yes
CUST-00218,2024-06-09 16:00:00,Gift Candle,Home,5,17.35,0.0,86.75,Web,South,No,51,24,Premium,Yes,7.7,3,No
CUST-00316,2024-06-10 14:00:00,Phone Stand,Electronics,7,18.05,0.0,126.34,Mobile app,East,No,32,45,Premium,No,8.7,2,No
CUST-00241,2024-06-11 10:00:00,Travel Mug,Accessories,7,21.79,0.0,152.54,Web,North,No,30,22,Premium,Yes,5.5,1,No
CUST-00302,2024-06-11 10:00:00,Travel Mug,Accessories,3,21.05,0.0,63.15,Web,South,No,46,7,Essential,No,5.4,2,Yes
CUST-00096,2024-06-11 15:00:00,Everyday Coffee,Beverages,6,8.28,0.0,49.67,Mobile app,West,Yes,39,34,Essential,No,7.0,0,Yes
CUST-00276,2024-06-11 18:00:00,Natural Soap Set,Personal Care,4,11.5,0.1,41.41,Web,North,Yes,63,47,Plus,Yes,6.8,2,No
CUST-00122,2024-06-12 13:00:00,Granola Pack,Grocery,4,6.81,0.0,27.22,Web,North,No,44,28,Plus,No,6.8,1,No
CUST-00241,2024-06-12 14:00:00,Everyday Coffee,Beverages,1,8.5,0.0,8.5,Web,North,No,30,22,Premium,Yes,5.5,1,No
CUST-00168,2024-06-12 18:00:00,Phone Stand,Electronics,3,16.06,0.0,48.18,Web,Central,No,40,22,Essential,No,6.4,1,Yes
CUST-00291,2024-06-12 19:00:00,Cotton Tote,Accessories,4,12.98,0.0,51.94,Web,West,No,26,12,Essential,No,6.9,1,Yes
CUST-00019,2024-06-12 21:00:00,Granola Pack,Grocery,2,7.21,0.0,14.42,Web,North,No,52,6,Essential,Yes,6.7,2,No
CUST-00056,2024-06-12 21:00:00,Gift Candle,Home,3,18.18,0.0,54.55,Web,North,No,43,31,Plus,No,7.5,0,No
CUST-00023,2024-06-13 16:00:00,Gift Candle,Home,7,17.68,0.0,123.76,Mobile app,South,No,66,35,Plus,No,4.6,2,Yes
CUST-00016,2024-06-14 13:00:00,Phone Stand,Electronics,5,16.66,0.0,83.28,Mobile app,North,No,66,2,Essential,Yes,7.2,1,No
CUST-00172,2024-06-15 11:00:00,Travel Mug,Accessories,3,21.92,0.0,65.75,Mobile app,South,No,31,14,Plus,Yes,9.1,0,No
CUST-00110,2024-06-15 18:00:00,Gift Candle,Home,1,17.83,0.0,17.83,Mobile app,West,No,50,36,Plus,Yes,7.6,1,No
CUST-00242,2024-06-15 18:00:00,Travel Mug,Accessories,3,21.76,0.0,65.28,Web,North,No,32,15,Essential,Yes,7.7,2,No
CUST-00069,2024-06-16 19:00:00,Everyday Coffee,Beverages,4,8.43,0.0,33.74,Store,North,No,27,25,Premium,Yes,8.3,0,No
CUST-00224,2024-06-16 19:00:00,Travel Mug,Accessories,4,23.47,0.0,93.89,Store,South,No,28,9,Essential,No,8.6,1,Yes
CUST-00258,2024-06-16 20:00:00,Gift Candle,Home,3,17.23,0.0,51.69,Web,South,No,40,27,Plus,Yes,5.9,2,Yes
CUST-00205,2024-06-17 19:00:00,Desk Notebook,Stationery,2,9.01,0.0,18.01,Web,East,No,31,29,Plus,Yes,8.0,1,No
CUST-00075,2024-06-18 10:00:00,Desk Notebook,Stationery,2,9.31,0.0,18.62,Web,East,No,28,38,Essential,No,6.9,1,No
CUST-00090,2024-06-18 10:00:00,Phone Stand,Electronics,4,17.9,0.0,71.62,Web,West,No,62,19,Plus,No,6.7,3,Yes
CUST-00134,2024-06-18 14:00:00,Cotton Tote,Accessories,4,14.88,0.0,59.53,Web,East,No,41,29,Essential,Yes,7.4,1,No
CUST-00160,2024-06-18 16:00:00,Natural Soap Set,Personal Care,5,11.2,0.0,56.0,Mobile app,South,No,35,46,Essential,No,7.0,3,No
CUST-00038,2024-06-19 10:00:00,Travel Mug,Accessories,3,23.34,0.0,70.03,Web,West,No,39,47,Essential,Yes,6.1,2,No
CUST-00151,2024-06-19 10:00:00,Everyday Coffee,Beverages,2,8.43,0.0,16.86,Mobile app,East,No,60,43,Essential,No,5.2,3,Yes
CUST-00165,2024-06-19 11:00:00,Travel Mug,Accessories,4,22.31,0.0,89.25,Mobile app,East,No,37,30,Plus,No,6.8,2,No
CUST-00237,2024-06-19 16:00:00,Wireless Charger,Electronics,2,28.52,0.0,57.04,Web,South,No,38,33,Premium,Yes,5.6,0,No
CUST-00293,2024-06-19 16:00:00,Cotton Tote,Accessories,2,15.42,0.0,30.84,Mobile app,East,No,57,4,Plus,Yes,6.1,2,No
CUST-00112,2024-06-20 10:00:00,Phone Stand,Electronics,3,18.52,0.0,55.55,Web,West,No,25,23,Essential,Yes,5.6,0,Yes
CUST-00135,2024-06-20 12:00:00,Phone Stand,Electronics,3,16.57,0.0,49.71,Web,West,No,26,18,Premium,No,7.4,0,No
CUST-00204,2024-06-20 12:00:00,Herbal Tea,Beverages,2,6.72,0.0,13.43,Web,Central,No,35,15,Plus,No,4.6,3,Yes
CUST-00057,2024-06-20 19:00:00,Granola Pack,Grocery,3,6.34,0.0,19.03,Web,South,No,62,33,Essential,Yes,8.1,6,No
CUST-00132,2024-06-20 19:00:00,Gift Candle,Home,1,16.98,0.0,16.98,Mobile app,Central,No,37,10,Plus,No,10.0,2,Yes
CUST-00037,2024-06-20 21:00:00,Natural Soap Set,Personal Care,2,11.88,0.0,23.75,Web,East,No,55,27,Plus,No,9.1,1,Yes
CUST-00047,2024-06-22 10:00:00,Gift Candle,Home,4,17.51,0.0,70.02,Mobile app,Central,No,30,9,Plus,Yes,10.0,3,No
CUST-00202,2024-06-22 15:00:00,Everyday Coffee,Beverages,6,8.17,0.0,49.01,Store,North,No,34,29,Essential,Yes,7.1,0,No
CUST-00301,2024-06-22 19:00:00,Herbal Tea,Beverages,2,6.68,0.0,13.36,Mobile app,North,No,61,40,Essential,No,6.6,1,No
CUST-00177,2024-06-22 20:00:00,Granola Pack,Grocery,5,7.09,0.0,35.45,Mobile app,South,No,29,19,Plus,Yes,6.2,2,No
CUST-00180,2024-06-23 09:00:00,Everyday Coffee,Beverages,4,8.96,0.0,35.85,Mobile app,East,No,53,18,Essential,Yes,7.3,2,Yes
CUST-00313,2024-06-23 09:00:00,Phone Stand,Electronics,3,18.73,0.0,56.19,Mobile app,West,No,23,23,Essential,No,5.2,3,Yes
CUST-00134,2024-06-23 11:00:00,Everyday Coffee,Beverages,2,8.55,0.0,17.09,Web,East,Yes,41,29,Essential,Yes,7.4,1,No
CUST-00224,2024-06-23 12:00:00,Everyday Coffee,Beverages,6,8.3,0.0,49.8,Store,South,Yes,28,9,Essential,No,8.6,1,Yes
CUST-00037,2024-06-23 13:00:00,Herbal Tea,Beverages,3,6.97,0.0,20.91,Web,East,No,55,27,Plus,No,9.1,1,Yes
CUST-00077,2024-06-23 13:00:00,Everyday Coffee,Beverages,6,8.54,0.15,43.56,Store,Central,Yes,39,46,Essential,Yes,9.9,2,No
CUST-00016,2024-06-23 20:00:00,Granola Pack,Grocery,1,7.03,0.0,7.03,Mobile app,North,No,66,2,Essential,Yes,7.2,1,No
CUST-00273,2024-06-24 21:00:00,Herbal Tea,Beverages,3,7.59,0.0,22.77,Web,Central,No,36,48,Essential,Yes,8.8,1,No
CUST-00266,2024-06-25 17:00:00,Gift Candle,Home,2,17.0,0.0,33.99,Web,East,No,62,18,Essential,Yes,5.5,1,Yes
CUST-00092,2024-06-25 19:00:00,Herbal Tea,Beverages,3,7.09,0.05,20.22,Mobile app,Central,Yes,51,31,Plus,No,8.4,1,No
CUST-00215,2024-06-26 08:00:00,Travel Mug,Accessories,2,21.99,0.0,43.97,Mobile app,South,No,51,2,Essential,No,5.8,1,Yes
CUST-00305,2024-06-26 09:00:00,Wireless Charger,Electronics,4,29.87,0.0,119.47,Web,West,No,65,36,Essential,Yes,10.0,3,No
CUST-00108,2024-06-26 17:00:00,Wireless Charger,Electronics,3,29.61,0.0,88.83,Store,North,No,22,30,Essential,Yes,7.6,2,No
CUST-00015,2024-06-26 21:00:00,Desk Notebook,Stationery,7,8.84,0.0,61.85,Mobile app,West,Yes,63,32,Essential,Yes,4.7,0,No
CUST-00046,2024-06-27 12:00:00,Natural Soap Set,Personal Care,3,12.07,0.0,36.2,Web,South,No,59,41,Plus,Yes,6.1,2,No
CUST-00077,2024-06-27 12:00:00,Herbal Tea,Beverages,3,7.71,0.0,23.14,Store,Central,Yes,39,46,Essential,Yes,9.9,2,No
CUST-00262,2024-06-28 13:00:00,Travel Mug,Accessories,3,20.35,0.0,61.06,Web,Central,No,59,24,Essential,No,7.8,1,Yes
CUST-00098,2024-06-29 11:00:00,Gift Candle,Home,1,17.96,0.0,17.96,Web,West,No,41,16,Essential,Yes,8.3,1,No
CUST-00138,2024-07-01 09:00:00,Desk Notebook,Stationery,6,9.61,0.0,57.65,Web,Central,No,52,44,Plus,Yes,3.6,1,No
CUST-00158,2024-07-01 19:00:00,Cotton Tote,Accessories,1,14.55,0.0,14.55,Store,East,No,49,10,Plus,No,7.3,1,Yes
CUST-00208,2024-07-02 08:00:00,Natural Soap Set,Personal Care,2,11.74,0.0,23.47,Store,West,No,50,25,Plus,No,7.3,1,Yes
CUST-00311,2024-07-02 11:00:00,Travel Mug,Accessories,4,22.87,0.0,91.48,Mobile app,North,No,21,40,Essential,Yes,4.9,3,No
CUST-00048,2024-07-02 15:00:00,Desk Notebook,Stationery,4,7.71,0.0,30.84,Mobile app,Central,No,62,23,Plus,Yes,7.4,2,No
CUST-00188,2024-07-02 17:00:00,Everyday Coffee,Beverages,8,8.73,0.0,69.86,Mobile app,West,No,66,29,Essential,Yes,6.3,1,No
CUST-00045,2024-07-02 18:00:00,Wireless Charger,Electronics,5,27.01,0.0,135.06,Web,North,No,22,46,Essential,Yes,6.6,1,No
CUST-00160,2024-07-02 19:00:00,Wireless Charger,Electronics,5,27.8,0.0,139.01,Mobile app,South,No,35,46,Essential,No,7.0,3,No
CUST-00303,2024-07-02 19:00:00,Natural Soap Set,Personal Care,4,12.88,0.0,51.52,Store,North,No,23,43,Essential,Yes,4.5,3,No
CUST-00274,2024-07-02 21:00:00,Travel Mug,Accessories,3,23.25,0.0,69.75,Mobile app,North,No,43,45,Plus,Yes,10.0,5,No
CUST-00233,2024-07-03 08:00:00,Phone Stand,Electronics,3,17.84,0.0,53.52,Mobile app,South,No,43,21,Plus,Yes,6.1,1,No
CUST-00295,2024-07-03 09:00:00,Gift Candle,Home,3,18.45,0.0,55.35,Mobile app,West,No,64,30,Essential,Yes,7.7,0,No
CUST-00044,2024-07-03 19:00:00,Cotton Tote,Accessories,5,14.84,0.0,74.19,Store,South,No,27,9,Premium,Yes,4.9,2,Yes
CUST-00215,2024-07-03 20:00:00,Cotton Tote,Accessories,1,14.03,0.0,14.03,Mobile app,South,No,51,2,Essential,No,5.8,1,Yes
CUST-00192,2024-07-05 14:00:00,Natural Soap Set,Personal Care,3,12.75,0.0,38.25,Mobile app,East,No,50,42,Plus,No,8.9,1,No
CUST-00255,2024-07-06 11:00:00,Granola Pack,Grocery,3,6.5,0.1,17.56,Store,North,Yes,38,9,Premium,Yes,6.5,1,No
CUST-00299,2024-07-06 11:00:00,Gift Candle,Home,3,18.65,0.0,55.94,Mobile app,East,No,38,7,Plus,No,7.7,2,Yes
CUST-00214,2024-07-06 13:00:00,Phone Stand,Electronics,4,17.68,0.0,70.73,Mobile app,South,No,38,25,Plus,Yes,3.6,2,Yes
CUST-00316,2024-07-06 14:00:00,Natural Soap Set,Personal Care,4,12.25,0.0,49.01,Mobile app,East,No,32,45,Premium,No,8.7,2,No
CUST-00164,2024-07-06 19:00:00,Wireless Charger,Electronics,5,28.77,0.0,143.85,Mobile app,South,No,28,34,Essential,Yes,9.0,1,No
CUST-00137,2024-07-06 20:00:00,Desk Notebook,Stationery,3,8.91,0.0,26.74,Mobile app,North,No,40,10,Plus,Yes,4.9,4,Yes
CUST-00314,2024-07-08 08:00:00,Wireless Charger,Electronics,2,30.53,0.0,61.05,Web,East,No,24,27,Premium,No,5.3,1,Yes
CUST-00070,2024-07-08 11:00:00,Cotton Tote,Accessories,1,13.85,0.0,13.85,Web,South,No,28,23,Plus,No,7.3,2,Yes
CUST-00205,2024-07-08 11:00:00,Desk Notebook,Stationery,3,8.44,0.0,25.33,Web,East,No,31,29,Plus,Yes,8.0,1,No
CUST-00256,2024-07-08 15:00:00,Travel Mug,Accessories,3,21.32,0.0,63.97,Mobile app,Central,No,50,47,Plus,Yes,8.7,1,No
CUST-00191,2024-07-09 09:00:00,Cotton Tote,Accessories,1,13.68,0.0,13.68,Mobile app,North,No,29,18,Plus,Yes,6.0,1,No
CUST-00039,2024-07-10 09:00:00,Travel Mug,Accessories,4,21.54,0.0,86.18,Mobile app,East,No,41,11,Essential,No,6.7,0,Yes
CUST-00231,2024-07-10 12:00:00,Phone Stand,Electronics,1,17.13,0.0,17.13,Web,North,No,50,34,Essential,No,6.6,3,No
CUST-00179,2024-07-10 15:00:00,Desk Notebook,Stationery,7,8.89,0.0,62.22,Web,North,No,61,30,Plus,Yes,6.7,3,No
CUST-00190,2024-07-11 09:00:00,Everyday Coffee,Beverages,6,8.19,0.0,49.15,Web,South,No,34,29,Plus,Yes,6.2,2,No
CUST-00136,2024-07-11 11:00:00,Granola Pack,Grocery,2,7.42,0.0,14.84,Web,West,No,30,42,Essential,Yes,7.3,3,No
CUST-00152,2024-07-11 16:00:00,Desk Notebook,Stationery,3,9.25,0.0,27.76,Web,Central,No,38,8,Essential,Yes,7.9,3,No
CUST-00144,2024-07-12 10:00:00,Natural Soap Set,Personal Care,5,14.11,0.0,70.55,Store,Central,No,53,16,Premium,Yes,10.0,3,No
CUST-00091,2024-07-12 15:00:00,Natural Soap Set,Personal Care,5,12.43,0.0,62.13,Web,Central,No,63,36,Plus,Yes,7.4,3,No
CUST-00018,2024-07-12 17:00:00,Herbal Tea,Beverages,3,7.27,0.0,21.8,Web,West,No,45,32,Essential,Yes,4.6,0,No
CUST-00124,2024-07-12 17:00:00,Travel Mug,Accessories,8,22.07,0.0,176.57,Web,West,No,39,33,Essential,Yes,5.9,0,Yes
CUST-00108,2024-07-12 19:00:00,Desk Notebook,Stationery,4,8.16,0.0,32.65,Store,North,No,22,30,Essential,Yes,7.6,2,No
CUST-00251,2024-07-13 10:00:00,Phone Stand,Electronics,5,16.71,0.0,83.53,Web,West,No,63,37,Plus,Yes,7.2,3,No
CUST-00314,2024-07-13 13:00:00,Natural Soap Set,Personal Care,3,12.36,0.0,37.07,Web,East,No,24,27,Premium,No,5.3,1,Yes
CUST-00136,2024-07-14 13:00:00,Cotton Tote,Accessories,3,13.44,0.0,40.33,Web,West,No,30,42,Essential,Yes,7.3,3,No
CUST-00017,2024-07-14 15:00:00,Wireless Charger,Electronics,3,30.42,0.0,91.25,Mobile app,South,Yes,32,28,Premium,Yes,8.4,0,No
CUST-00194,2024-07-14 15:00:00,Herbal Tea,Beverages,7,7.74,0.0,54.15,Web,West,No,47,43,Essential,Yes,8.1,2,No
CUST-00315,2024-07-14 18:00:00,Cotton Tote,Accessories,2,14.22,0.0,28.43,Web,South,No,51,32,Plus,Yes,8.1,3,No
CUST-00140,2024-07-15 12:00:00,Travel Mug,Accessories,4,21.74,0.0,86.96,Mobile app,Central,No,52,31,Plus,Yes,6.6,2,No
CUST-00034,2024-07-16 10:00:00,Travel Mug,Accessories,5,21.15,0.0,105.73,Mobile app,North,No,47,14,Plus,No,4.4,1,Yes
CUST-00319,2024-07-16 14:00:00,Desk Notebook,Stationery,1,8.94,0.0,8.94,Mobile app,East,No,39,30,Plus,No,7.4,2,Yes
CUST-00265,2024-07-16 16:00:00,Granola Pack,Grocery,3,6.89,0.0,20.67,Store,South,No,44,39,Premium,No,5.6,0,No
CUST-00099,2024-07-17 09:00:00,Cotton Tote,Accessories,3,15.2,0.15,38.75,Store,West,Yes,52,15,Premium,Yes,5.8,0,No
CUST-00097,2024-07-17 12:00:00,Gift Candle,Home,4,18.31,0.0,73.25,Store,West,No,31,4,Essential,Yes,7.5,0,No
CUST-00166,2024-07-17 20:00:00,Travel Mug,Accessories,1,21.07,0.0,21.07,Web,Central,No,59,34,Plus,No,6.4,2,Yes
CUST-00190,2024-07-18 10:00:00,Herbal Tea,Beverages,4,7.18,0.0,28.72,Web,South,No,34,29,Plus,Yes,6.2,2,No
CUST-00050,2024-07-18 11:00:00,Natural Soap Set,Personal Care,2,11.89,0.0,23.78,Store,West,No,30,38,Essential,Yes,8.0,1,No
CUST-00285,2024-07-18 11:00:00,Phone Stand,Electronics,3,17.46,0.0,52.39,Store,South,No,65,23,Essential,Yes,7.3,1,No
CUST-00009,2024-07-18 13:00:00,Phone Stand,Electronics,2,16.37,0.0,32.74,Web,North,No,35,37,Essential,No,6.9,1,No
CUST-00107,2024-07-18 20:00:00,Gift Candle,Home,1,17.82,0.0,17.82,Mobile app,West,No,36,33,Essential,No,6.8,0,No
CUST-00031,2024-07-19 12:00:00,Travel Mug,Accessories,1,21.55,0.0,21.55,Mobile app,South,No,49,25,Essential,Yes,5.1,2,No
CUST-00261,2024-07-19 14:00:00,Desk Notebook,Stationery,5,8.4,0.0,42.0,Mobile app,East,No,43,19,Essential,Yes,5.2,3,Yes
CUST-00187,2024-07-19 19:00:00,Travel Mug,Accessories,3,21.73,0.0,65.2,Web,South,Yes,40,38,Essential,Yes,6.5,3,No
CUST-00235,2024-07-20 08:00:00,Travel Mug,Accessories,1,22.02,0.0,22.02,Web,South,No,61,7,Premium,Yes,4.9,1,Yes
CUST-00115,2024-07-20 14:00:00,Herbal Tea,Beverages,2,7.45,0.0,14.89,Mobile app,North,No,37,36,Plus,Yes,7.4,1,No
CUST-00165,2024-07-20 17:00:00,Phone Stand,Electronics,2,17.33,0.0,34.65,Mobile app,East,No,37,30,Plus,No,6.8,2,No
CUST-00098,2024-07-21 11:00:00,Herbal Tea,Beverages,2,7.65,0.0,15.3,Web,West,No,41,16,Essential,Yes,8.3,1,No
CUST-00271,2024-07-22 15:00:00,Everyday Coffee,Beverages,2,8.4,0.0,16.8,Web,West,No,60,23,Plus,Yes,8.1,4,Yes
CUST-00008,2024-07-22 17:00:00,Cotton Tote,Accessories,4,14.2,0.0,56.8,Store,North,No,49,24,Plus,Yes,9.1,1,No
CUST-00286,2024-07-23 11:00:00,Natural Soap Set,Personal Care,5,12.49,0.0,62.43,Mobile app,North,No,44,38,Essential,Yes,5.3,1,No
CUST-00210,2024-07-23 12:00:00,Natural Soap Set,Personal Care,1,13.41,0.0,13.41,Web,South,No,60,38,Plus,No,7.9,0,No
CUST-00087,2024-07-24 18:00:00,Natural Soap Set,Personal Care,1,12.25,0.0,12.25,Store,South,No,28,34,Essential,Yes,7.8,1,No
CUST-00266,2024-07-24 18:00:00,Travel Mug,Accessories,5,21.66,0.0,108.31,Web,East,No,62,18,Essential,Yes,5.5,1,Yes
CUST-00063,2024-07-25 09:00:00,Wireless Charger,Electronics,4,27.64,0.0,110.58,Mobile app,West,No,45,15,Plus,Yes,7.9,2,No
CUST-00025,2024-07-25 20:00:00,Travel Mug,Accessories,2,22.32,0.0,44.65,Web,West,Yes,57,9,Essential,Yes,6.4,3,Yes
CUST-00189,2024-07-26 16:00:00,Wireless Charger,Electronics,5,30.15,0.0,150.74,Web,North,No,39,16,Essential,No,5.7,1,Yes
CUST-00210,2024-07-26 16:00:00,Cotton Tote,Accessories,3,14.88,0.0,44.64,Web,South,No,60,38,Plus,No,7.9,0,No
CUST-00178,2024-07-26 18:00:00,Herbal Tea,Beverages,4,7.29,0.0,29.15,Web,South,No,49,20,Plus,Yes,7.5,0,No
CUST-00086,2024-07-27 09:00:00,Natural Soap Set,Personal Care,1,13.13,0.0,13.13,Mobile app,North,No,37,48,Essential,Yes,5.0,1,No
CUST-00085,2024-07-27 10:00:00,Everyday Coffee,Beverages,9,8.18,0.0,73.66,Store,West,No,28,48,Essential,Yes,6.5,2,No
CUST-00078,2024-07-27 15:00:00,Gift Candle,Home,3,18.08,0.0,54.24,Web,East,No,52,33,Essential,Yes,7.2,1,No
CUST-00299,2024-07-28 08:00:00,Everyday Coffee,Beverages,1,8.64,0.0,8.64,Mobile app,East,No,38,7,Plus,No,7.7,2,Yes
CUST-00055,2024-07-28 12:00:00,Natural Soap Set,Personal Care,5,13.6,0.0,68.01,Store,West,No,64,37,Essential,Yes,6.2,0,No
CUST-00215,2024-07-29 13:00:00,Cotton Tote,Accessories,3,14.67,0.0,44.0,Mobile app,South,Yes,51,2,Essential,No,5.8,1,Yes
CUST-00196,2024-07-30 12:00:00,Gift Candle,Home,4,18.4,0.0,73.62,Mobile app,South,No,61,16,Premium,No,6.3,2,No
CUST-00258,2024-07-30 13:00:00,Cotton Tote,Accessories,4,14.17,0.0,56.7,Web,South,No,40,27,Plus,Yes,5.9,2,Yes
CUST-00170,2024-07-30 14:00:00,Herbal Tea,Beverages,5,7.58,0.0,37.89,Web,West,No,40,11,Premium,Yes,8.6,0,No
CUST-00182,2024-07-30 15:00:00,Wireless Charger,Electronics,7,27.25,0.0,190.78,Web,West,No,64,43,Premium,Yes,8.7,0,No
CUST-00065,2024-07-30 19:00:00,Granola Pack,Grocery,2,7.03,0.0,14.06,Web,East,No,57,3,Premium,Yes,6.5,0,No
CUST-00304,2024-07-30 20:00:00,Granola Pack,Grocery,3,6.57,0.15,16.76,Mobile app,West,Yes,58,13,Plus,Yes,4.7,1,Yes
CUST-00146,2024-08-01 08:00:00,Natural Soap Set,Personal Care,4,12.53,0.0,50.11,Mobile app,East,No,65,2,Essential,Yes,6.1,1,Yes
CUST-00161,2024-08-01 11:00:00,Travel Mug,Accessories,4,20.78,0.0,83.11,Mobile app,South,No,56,44,Essential,Yes,7.1,0,No
CUST-00011,2024-08-01 16:00:00,Cotton Tote,Accessories,2,16.22,0.0,32.44,Mobile app,Central,No,35,28,Plus,Yes,10.0,2,No
CUST-00160,2024-08-02 12:00:00,Cotton Tote,Accessories,5,13.6,0.0,67.99,Mobile app,South,No,35,46,Essential,No,7.0,3,No
CUST-00097,2024-08-02 19:00:00,Everyday Coffee,Beverages,2,8.45,0.0,16.89,Store,West,Yes,31,4,Essential,Yes,7.5,0,No
CUST-00130,2024-08-03 18:00:00,Travel Mug,Accessories,1,21.62,0.0,21.62,Store,North,No,53,24,Essential,No,7.5,2,Yes
CUST-00194,2024-08-03 18:00:00,Natural Soap Set,Personal Care,5,12.4,0.0,61.98,Web,West,No,47,43,Essential,Yes,8.1,2,No
CUST-00198,2024-08-04 19:00:00,Wireless Charger,Electronics,2,27.47,0.0,54.93,Mobile app,South,No,56,26,Plus,No,5.7,3,Yes
CUST-00303,2024-08-06 08:00:00,Wireless Charger,Electronics,5,27.76,0.0,138.79,Store,North,No,23,43,Essential,Yes,4.5,3,No
CUST-00232,2024-08-06 10:00:00,Cotton Tote,Accessories,2,14.2,0.0,28.41,Web,Central,No,32,32,Plus,No,7.7,0,No
CUST-00260,2024-08-06 16:00:00,Phone Stand,Electronics,5,17.69,0.0,88.46,Web,West,No,39,43,Plus,Yes,6.5,0,No
CUST-00016,2024-08-07 09:00:00,Phone Stand,Electronics,1,17.18,0.0,17.18,Mobile app,North,No,66,2,Essential,Yes,7.2,1,No
CUST-00098,2024-08-07 09:00:00,Desk Notebook,Stationery,4,9.39,0.0,37.55,Web,West,No,41,16,Essential,Yes,8.3,1,No
CUST-00260,2024-08-07 16:00:00,Cotton Tote,Accessories,1,14.63,0.0,14.63,Web,West,No,39,43,Plus,Yes,6.5,0,No
CUST-00233,2024-08-07 17:00:00,Granola Pack,Grocery,4,6.99,0.0,27.94,Mobile app,South,No,43,21,Plus,Yes,6.1,1,No
CUST-00307,2024-08-07 17:00:00,Cotton Tote,Accessories,3,14.1,0.0,42.31,Store,West,No,28,38,Plus,Yes,4.0,1,No
CUST-00073,2024-08-07 19:00:00,Natural Soap Set,Personal Care,1,12.34,0.0,12.34,Web,South,No,23,35,Plus,Yes,7.1,2,No
CUST-00229,2024-08-08 08:00:00,Desk Notebook,Stationery,4,9.66,0.0,38.65,Web,West,No,37,44,Plus,No,6.3,2,No
CUST-00086,2024-08-09 09:00:00,Wireless Charger,Electronics,2,28.64,0.0,57.28,Mobile app,North,No,37,48,Essential,Yes,5.0,1,No
CUST-00232,2024-08-09 11:00:00,Desk Notebook,Stationery,7,8.98,0.0,62.87,Web,Central,Yes,32,32,Plus,No,7.7,0,No
CUST-00075,2024-08-09 12:00:00,Travel Mug,Accessories,5,22.44,0.0,112.18,Web,East,No,28,38,Essential,No,6.9,1,No
CUST-00174,2024-08-11 09:00:00,Wireless Charger,Electronics,7,28.54,0.0,199.77,Mobile app,North,No,22,44,Plus,Yes,6.3,3,No
CUST-00183,2024-08-11 09:00:00,Desk Notebook,Stationery,2,9.0,0.0,18.0,Mobile app,West,No,42,46,Essential,No,7.0,3,No
CUST-00256,2024-08-11 20:00:00,Travel Mug,Accessories,8,21.02,0.0,168.18,Mobile app,Central,No,50,47,Plus,Yes,8.7,1,No
CUST-00172,2024-08-12 10:00:00,Everyday Coffee,Beverages,4,8.6,0.0,34.38,Mobile app,South,No,31,14,Plus,Yes,9.1,0,No
CUST-00313,2024-08-12 14:00:00,Phone Stand,Electronics,2,15.41,0.0,30.82,Mobile app,West,No,23,23,Essential,No,5.2,3,Yes
CUST-00069,2024-08-12 19:00:00,Herbal Tea,Beverages,3,7.76,0.0,23.28,Store,North,No,27,25,Premium,Yes,8.3,0,No
CUST-00064,2024-08-13 14:00:00,Everyday Coffee,Beverages,4,8.46,0.0,33.84,Web,East,No,54,30,Plus,Yes,9.3,0,No
CUST-00169,2024-08-14 10:00:00,Gift Candle,Home,1,17.3,0.0,17.3,Store,North,No,32,19,Essential,No,6.2,2,Yes
CUST-00280,2024-08-14 11:00:00,Everyday Coffee,Beverages,4,9.19,0.0,36.75,Store,Central,No,26,3,Essential,Yes,8.6,3,Yes
CUST-00124,2024-08-15 09:00:00,Natural Soap Set,Personal Care,5,12.9,0.0,64.52,Web,West,No,39,33,Essential,Yes,5.9,0,Yes
CUST-00046,2024-08-16 08:00:00,Desk Notebook,Stationery,6,9.28,0.0,55.69,Web,South,No,59,41,Plus,Yes,6.1,2,No
CUST-00254,2024-08-16 08:00:00,Desk Notebook,Stationery,6,9.13,0.0,54.8,Mobile app,Central,No,53,16,Plus,No,6.8,0,Yes
CUST-00146,2024-08-16 10:00:00,Cotton Tote,Accessories,1,14.0,0.0,14.0,Mobile app,East,No,65,2,Essential,Yes,6.1,1,Yes
CUST-00131,2024-08-16 13:00:00,Cotton Tote,Accessories,1,13.86,0.0,13.86,Web,South,Yes,66,30,Essential,Yes,5.9,1,No
CUST-00018,2024-08-16 19:00:00,Gift Candle,Home,2,19.16,0.0,38.32,Web,West,No,45,32,Essential,Yes,4.6,0,No
CUST-00319,2024-08-16 20:00:00,Travel Mug,Accessories,1,21.62,0.0,21.62,Mobile app,East,No,39,30,Plus,No,7.4,2,Yes
CUST-00274,2024-08-16 21:00:00,Natural Soap Set,Personal Care,7,12.68,0.0,88.76,Mobile app,North,No,43,45,Plus,Yes,10.0,5,No
CUST-00016,2024-08-17 11:00:00,Everyday Coffee,Beverages,1,8.33,0.0,8.33,Mobile app,North,No,66,2,Essential,Yes,7.2,1,No
CUST-00006,2024-08-17 15:00:00,Phone Stand,Electronics,1,17.91,0.0,17.91,Mobile app,East,No,53,34,Essential,No,8.2,3,No
CUST-00179,2024-08-18 08:00:00,Cotton Tote,Accessories,3,15.28,0.0,45.84,Web,North,No,61,30,Plus,Yes,6.7,3,No
CUST-00103,2024-08-18 10:00:00,Granola Pack,Grocery,1,7.36,0.0,7.36,Web,East,No,53,48,Plus,No,7.0,1,No
CUST-00160,2024-08-19 11:00:00,Everyday Coffee,Beverages,3,8.07,0.0,24.2,Mobile app,South,No,35,46,Essential,No,7.0,3,No
CUST-00175,2024-08-19 15:00:00,Everyday Coffee,Beverages,6,8.79,0.0,52.75,Store,North,No,66,39,Essential,Yes,8.7,3,No
CUST-00319,2024-08-19 20:00:00,Phone Stand,Electronics,5,17.88,0.0,89.42,Mobile app,East,Yes,39,30,Plus,No,7.4,2,Yes
CUST-00012,2024-08-20 09:00:00,Desk Notebook,Stationery,5,9.03,0.0,45.14,Web,West,No,63,18,Essential,No,3.9,2,Yes
CUST-00287,2024-08-21 09:00:00,Granola Pack,Grocery,6,6.84,0.0,41.03,Mobile app,South,No,39,14,Premium,No,9.6,1,Yes
CUST-00140,2024-08-22 09:00:00,Phone Stand,Electronics,7,17.4,0.0,121.77,Mobile app,Central,No,52,31,Plus,Yes,6.6,2,No
CUST-00190,2024-08-22 09:00:00,Gift Candle,Home,3,17.2,0.0,51.6,Web,South,No,34,29,Plus,Yes,6.2,2,No
CUST-00031,2024-08-22 14:00:00,Gift Candle,Home,3,17.97,0.05,51.2,Mobile app,South,Yes,49,25,Essential,Yes,5.1,2,No
CUST-00067,2024-08-22 15:00:00,Gift Candle,Home,2,18.26,0.15,31.04,Store,West,Yes,40,47,Plus,Yes,5.6,5,Yes
CUST-00212,2024-08-22 17:00:00,Everyday Coffee,Beverages,6,8.77,0.0,52.62,Web,West,No,50,26,Plus,Yes,4.5,1,No
CUST-00188,2024-08-23 09:00:00,Phone Stand,Electronics,1,17.49,0.0,17.49,Mobile app,West,No,66,29,Essential,Yes,6.3,1,No
CUST-00128,2024-08-24 08:00:00,Travel Mug,Accessories,5,23.18,0.0,115.9,Store,North,No,29,31,Plus,Yes,7.2,3,No
CUST-00147,2024-08-24 15:00:00,Gift Candle,Home,6,17.97,0.0,107.84,Store,North,No,43,21,Essential,Yes,6.0,2,No
CUST-00272,2024-08-24 17:00:00,Herbal Tea,Beverages,4,7.75,0.0,31.01,Mobile app,North,No,22,38,Essential,Yes,8.1,2,No
CUST-00067,2024-08-25 08:00:00,Phone Stand,Electronics,6,17.45,0.0,104.68,Store,West,No,40,47,Plus,Yes,5.6,5,Yes
CUST-00285,2024-08-25 15:00:00,Phone Stand,Electronics,2,18.99,0.0,37.98,Store,South,No,65,23,Essential,Yes,7.3,1,No
CUST-00045,2024-08-25 20:00:00,Everyday Coffee,Beverages,4,8.61,0.0,34.43,Web,North,No,22,46,Essential,Yes,6.6,1,No
CUST-00167,2024-08-26 08:00:00,Cotton Tote,Accessories,2,13.27,0.0,26.53,Mobile app,South,No,40,47,Plus,No,4.9,3,Yes
CUST-00053,2024-08-27 09:00:00,Desk Notebook,Stationery,10,8.36,0.0,83.57,Mobile app,South,No,40,44,Plus,No,5.0,0,Yes
CUST-00141,2024-08-27 12:00:00,Herbal Tea,Beverages,2,7.47,0.0,14.95,Web,North,No,31,16,Essential,Yes,8.6,3,No
CUST-00287,2024-08-27 21:00:00,Phone Stand,Electronics,3,18.67,0.0,56.01,Mobile app,South,No,39,14,Premium,No,9.6,1,Yes
CUST-00288,2024-08-27 21:00:00,Gift Candle,Home,6,18.63,0.0,111.79,Mobile app,North,Yes,48,39,Essential,Yes,6.1,1,No
CUST-00189,2024-08-28 16:00:00,Cotton Tote,Accessories,3,14.31,0.0,42.94,Web,North,No,39,16,Essential,No,5.7,1,Yes
CUST-00288,2024-08-29 21:00:00,Herbal Tea,Beverages,3,7.24,0.0,21.73,Mobile app,North,Yes,48,39,Essential,Yes,6.1,1,No
CUST-00186,2024-08-30 10:00:00,Herbal Tea,Beverages,5,7.57,0.05,35.96,Web,West,Yes,65,27,Premium,No,8.7,1,No
CUST-00256,2024-08-30 13:00:00,Cotton Tote,Accessories,1,13.86,0.0,13.86,Mobile app,Central,No,50,47,Plus,Yes,8.7,1,No
CUST-00032,2024-08-30 18:00:00,Herbal Tea,Beverages,9,6.98,0.0,62.83,Web,West,No,36,43,Plus,Yes,8.2,1,No
CUST-00171,2024-09-01 11:00:00,Wireless Charger,Electronics,6,27.64,0.0,165.83,Web,West,No,22,27,Essential,Yes,7.2,1,No
CUST-00314,2024-09-01 12:00:00,Travel Mug,Accessories,3,21.4,0.0,64.19,Web,East,No,24,27,Premium,No,5.3,1,Yes
CUST-00148,2024-09-01 20:00:00,Natural Soap Set,Personal Care,1,13.91,0.0,13.91,Web,North,No,65,9,Essential,Yes,7.6,2,No
CUST-00101,2024-09-02 16:00:00,Phone Stand,Electronics,3,16.94,0.0,50.83,Mobile app,Central,Yes,40,2,Essential,Yes,5.9,3,Yes
CUST-00273,2024-09-03 08:00:00,Gift Candle,Home,4,16.64,0.0,66.58,Web,Central,No,36,48,Essential,Yes,8.8,1,No
CUST-00153,2024-09-03 11:00:00,Wireless Charger,Electronics,2,29.5,0.0,59.0,Web,East,No,52,39,Plus,No,9.1,3,No
CUST-00226,2024-09-03 11:00:00,Cotton Tote,Accessories,3,14.3,0.0,42.91,Mobile app,Central,No,49,29,Essential,No,6.7,2,No
CUST-00044,2024-09-03 13:00:00,Desk Notebook,Stationery,3,8.94,0.1,24.15,Store,South,Yes,27,9,Premium,Yes,4.9,2,Yes
CUST-00194,2024-09-04 12:00:00,Wireless Charger,Electronics,1,29.08,0.0,29.08,Web,West,No,47,43,Essential,Yes,8.1,2,No
CUST-00286,2024-09-04 20:00:00,Travel Mug,Accessories,1,22.16,0.0,22.16,Mobile app,North,No,44,38,Essential,Yes,5.3,1,No
CUST-00050,2024-09-05 10:00:00,Phone Stand,Electronics,1,17.09,0.0,17.09,Store,West,No,30,38,Essential,Yes,8.0,1,No
CUST-00261,2024-09-05 11:00:00,Wireless Charger,Electronics,3,31.09,0.0,93.27,Mobile app,East,No,43,19,Essential,Yes,5.2,3,Yes
CUST-00252,2024-09-06 11:00:00,Herbal Tea,Beverages,2,7.15,0.0,14.3,Mobile app,North,No,26,34,Essential,Yes,6.0,1,No
CUST-00263,2024-09-06 19:00:00,Travel Mug,Accessories,3,22.1,0.0,66.29,Web,East,No,65,12,Plus,No,7.1,1,Yes
CUST-00064,2024-09-07 10:00:00,Phone Stand,Electronics,4,16.87,0.0,67.49,Web,East,Yes,54,30,Plus,Yes,9.3,0,No
CUST-00287,2024-09-07 19:00:00,Herbal Tea,Beverages,2,7.33,0.0,14.65,Mobile app,South,No,39,14,Premium,No,9.6,1,Yes
CUST-00071,2024-09-07 20:00:00,Desk Notebook,Stationery,5,8.47,0.0,42.35,Web,North,No,30,31,Essential,Yes,9.4,3,No
CUST-00014,2024-09-08 09:00:00,Natural Soap Set,Personal Care,4,12.3,0.0,49.22,Web,North,No,64,35,Premium,Yes,9.3,1,No
CUST-00307,2024-09-08 11:00:00,Wireless Charger,Electronics,5,29.49,0.0,147.47,Store,West,No,28,38,Plus,Yes,4.0,1,No
CUST-00031,2024-09-08 15:00:00,Everyday Coffee,Beverages,2,8.53,0.0,17.05,Mobile app,South,No,49,25,Essential,Yes,5.1,2,No
CUST-00195,2024-09-09 19:00:00,Desk Notebook,Stationery,2,8.98,0.0,17.95,Mobile app,West,No,25,31,Premium,Yes,6.1,2,No
CUST-00145,2024-09-09 21:00:00,Gift Candle,Home,2,17.89,0.0,35.79,Web,South,No,62,22,Essential,No,8.6,1,Yes
CUST-00276,2024-09-09 21:00:00,Travel Mug,Accessories,5,22.61,0.0,113.06,Web,North,No,63,47,Plus,Yes,6.8,2,No
CUST-00284,2024-09-09 21:00:00,Desk Notebook,Stationery,2,9.5,0.0,19.0,Mobile app,West,No,59,2,Plus,Yes,7.1,3,Yes
CUST-00304,2024-09-10 11:00:00,Travel Mug,Accessories,4,23.52,0.0,94.09,Mobile app,West,No,58,13,Plus,Yes,4.7,1,Yes
CUST-00026,2024-09-10 16:00:00,Cotton Tote,Accessories,2,14.65,0.0,29.3,Store,North,No,22,38,Premium,Yes,6.2,0,No
CUST-00062,2024-09-10 16:00:00,Phone Stand,Electronics,4,17.14,0.0,68.56,Mobile app,North,No,26,3,Essential,Yes,6.4,0,No
CUST-00045,2024-09-10 17:00:00,Natural Soap Set,Personal Care,5,12.92,0.0,64.61,Web,North,No,22,46,Essential,Yes,6.6,1,No
CUST-00222,2024-09-10 18:00:00,Cotton Tote,Accessories,3,14.04,0.0,42.13,Web,Central,No,54,33,Essential,No,6.4,1,No
CUST-00186,2024-09-10 19:00:00,Wireless Charger,Electronics,5,27.12,0.0,135.61,Web,West,No,65,27,Premium,No,8.7,1,No
CUST-00060,2024-09-10 20:00:00,Natural Soap Set,Personal Care,7,12.42,0.0,86.95,Web,West,No,46,11,Essential,No,8.1,0,Yes
CUST-00044,2024-09-11 14:00:00,Cotton Tote,Accessories,2,13.99,0.0,27.97,Store,South,No,27,9,Premium,Yes,4.9,2,Yes
CUST-00077,2024-09-11 15:00:00,Travel Mug,Accessories,5,21.37,0.05,101.52,Store,Central,Yes,39,46,Essential,Yes,9.9,2,No
CUST-00028,2024-09-13 08:00:00,Granola Pack,Grocery,8,6.88,0.0,55.03,Web,North,No,42,5,Plus,Yes,4.6,2,Yes
CUST-00223,2024-09-13 09:00:00,Travel Mug,Accessories,3,22.09,0.0,66.26,Web,West,No,55,40,Plus,Yes,6.6,1,No
CUST-00235,2024-09-13 18:00:00,Desk Notebook,Stationery,7,8.86,0.0,62.04,Web,South,No,61,7,Premium,Yes,4.9,1,Yes
CUST-00202,2024-09-13 19:00:00,Herbal Tea,Beverages,2,7.22,0.0,14.44,Store,North,No,34,29,Essential,Yes,7.1,0,No
CUST-00011,2024-09-13 20:00:00,Natural Soap Set,Personal Care,5,12.45,0.0,62.24,Mobile app,Central,No,35,28,Plus,Yes,10.0,2,No
CUST-00198,2024-09-13 21:00:00,Herbal Tea,Beverages,1,7.53,0.0,7.53,Mobile app,South,No,56,26,Plus,No,5.7,3,Yes
CUST-00052,2024-09-15 18:00:00,Granola Pack,Grocery,3,6.67,0.0,20.02,Store,North,No,68,35,Essential,Yes,6.4,1,No
CUST-00225,2024-09-16 11:00:00,Desk Notebook,Stationery,6,10.18,0.0,61.1,Web,Central,No,36,43,Essential,Yes,5.6,2,No
CUST-00065,2024-09-16 16:00:00,Travel Mug,Accessories,4,22.04,0.05,83.74,Web,East,Yes,57,3,Premium,Yes,6.5,0,No
CUST-00166,2024-09-16 16:00:00,Granola Pack,Grocery,5,7.19,0.0,35.93,Web,Central,No,59,34,Plus,No,6.4,2,Yes
CUST-00191,2024-09-17 12:00:00,Phone Stand,Electronics,4,17.77,0.0,71.08,Mobile app,North,No,29,18,Plus,Yes,6.0,1,No
CUST-00128,2024-09-17 13:00:00,Natural Soap Set,Personal Care,4,12.48,0.0,49.91,Store,North,No,29,31,Plus,Yes,7.2,3,No
CUST-00226,2024-09-17 15:00:00,Desk Notebook,Stationery,2,9.52,0.0,19.03,Mobile app,Central,No,49,29,Essential,No,6.7,2,No
CUST-00200,2024-09-17 18:00:00,Gift Candle,Home,4,17.54,0.0,70.15,Mobile app,South,No,68,48,Premium,Yes,5.6,0,No
CUST-00140,2024-09-17 20:00:00,Travel Mug,Accessories,5,23.36,0.0,116.79,Mobile app,Central,No,52,31,Plus,Yes,6.6,2,No
CUST-00054,2024-09-18 18:00:00,Everyday Coffee,Beverages,5,8.08,0.0,40.41,Mobile app,North,No,32,17,Essential,Yes,10.0,2,No
CUST-00181,2024-09-18 19:00:00,Phone Stand,Electronics,5,18.22,0.0,91.11,Mobile app,East,No,52,11,Plus,Yes,8.4,1,No
CUST-00145,2024-09-19 08:00:00,Natural Soap Set,Personal Care,3,12.65,0.0,37.95,Web,South,No,62,22,Essential,No,8.6,1,Yes
CUST-00108,2024-09-20 15:00:00,Gift Candle,Home,6,17.4,0.0,104.4,Store,North,No,22,30,Essential,Yes,7.6,2,No
CUST-00116,2024-09-21 08:00:00,Wireless Charger,Electronics,4,28.01,0.0,112.05,Store,North,No,55,23,Essential,Yes,8.1,0,No
CUST-00049,2024-09-21 11:00:00,Gift Candle,Home,2,17.75,0.0,35.5,Web,East,Yes,62,22,Plus,No,7.5,0,Yes
CUST-00319,2024-09-22 16:00:00,Wireless Charger,Electronics,4,28.49,0.0,113.96,Mobile app,East,Yes,39,30,Plus,No,7.4,2,Yes
CUST-00057,2024-09-23 09:00:00,Cotton Tote,Accessories,4,13.49,0.0,53.95,Web,South,Yes,62,33,Essential,Yes,8.1,6,No
CUST-00134,2024-09-23 17:00:00,Natural Soap Set,Personal Care,7,11.98,0.0,83.86,Web,East,No,41,29,Essential,Yes,7.4,1,No
CUST-00057,2024-09-24 09:00:00,Cotton Tote,Accessories,3,14.73,0.0,44.18,Web,South,No,62,33,Essential,Yes,8.1,6,No
CUST-00110,2024-09-24 10:00:00,Gift Candle,Home,4,19.13,0.0,76.51,Mobile app,West,No,50,36,Plus,Yes,7.6,1,No
CUST-00014,2024-09-24 19:00:00,Herbal Tea,Beverages,2,7.63,0.0,15.27,Web,North,No,64,35,Premium,Yes,9.3,1,No
CUST-00225,2024-09-25 08:00:00,Cotton Tote,Accessories,10,14.22,0.0,142.22,Web,Central,No,36,43,Essential,Yes,5.6,2,No
CUST-00299,2024-09-25 13:00:00,Travel Mug,Accessories,8,21.93,0.0,175.43,Mobile app,East,No,38,7,Plus,No,7.7,2,Yes
CUST-00173,2024-09-25 14:00:00,Gift Candle,Home,3,18.73,0.0,56.18,Web,North,No,27,13,Essential,No,7.5,2,Yes
CUST-00304,2024-09-26 09:00:00,Wireless Charger,Electronics,4,28.58,0.0,114.32,Mobile app,West,No,58,13,Plus,Yes,4.7,1,Yes
CUST-00178,2024-09-26 20:00:00,Desk Notebook,Stationery,6,9.8,0.0,58.82,Web,South,No,49,20,Plus,Yes,7.5,0,No
CUST-00115,2024-09-27 14:00:00,Natural Soap Set,Personal Care,2,12.95,0.0,25.9,Mobile app,North,No,37,36,Plus,Yes,7.4,1,No
CUST-00284,2024-09-27 21:00:00,Travel Mug,Accessories,3,21.76,0.0,65.27,Mobile app,West,No,59,2,Plus,Yes,7.1,3,Yes
CUST-00135,2024-09-28 09:00:00,Cotton Tote,Accessories,7,14.35,0.0,100.42,Web,West,No,26,18,Premium,No,7.4,0,No
CUST-00120,2024-09-28 20:00:00,Phone Stand,Electronics,1,16.86,0.0,16.86,Mobile app,North,No,47,30,Essential,Yes,4.4,2,No
CUST-00030,2024-09-29 13:00:00,Herbal Tea,Beverages,3,7.31,0.0,21.93,Web,North,No,27,15,Plus,No,8.8,0,Yes
CUST-00122,2024-09-29 14:00:00,Gift Candle,Home,3,17.15,0.0,51.46,Web,North,No,44,28,Plus,No,6.8,1,No
CUST-00148,2024-09-29 16:00:00,Everyday Coffee,Beverages,4,9.02,0.0,36.08,Web,North,No,65,9,Essential,Yes,7.6,2,No
CUST-00193,2024-09-29 19:00:00,Travel Mug,Accessories,1,22.08,0.0,22.08,Web,South,No,38,12,Plus,Yes,9.1,1,No
CUST-00301,2024-10-01 10:00:00,Phone Stand,Electronics,4,17.92,0.0,71.69,Mobile app,North,No,61,40,Essential,No,6.6,1,No
CUST-00235,2024-10-01 14:00:00,Wireless Charger,Electronics,6,29.34,0.0,176.06,Web,South,Yes,61,7,Premium,Yes,4.9,1,Yes
CUST-00121,2024-10-01 17:00:00,Herbal Tea,Beverages,6,7.53,0.0,45.16,Store,North,No,65,36,Premium,Yes,5.9,0,No
CUST-00153,2024-10-01 17:00:00,Phone Stand,Electronics,7,17.7,0.0,123.92,Web,East,No,52,39,Plus,No,9.1,3,No
CUST-00168,2024-10-01 17:00:00,Natural Soap Set,Personal Care,3,12.35,0.0,37.05,Web,Central,No,40,22,Essential,No,6.4,1,Yes
CUST-00040,2024-10-02 13:00:00,Natural Soap Set,Personal Care,4,12.49,0.0,49.96,Store,North,No,52,40,Plus,Yes,7.7,1,No
CUST-00108,2024-10-02 20:00:00,Cotton Tote,Accessories,3,13.53,0.0,40.58,Store,North,No,22,30,Essential,Yes,7.6,2,No
CUST-00208,2024-10-03 09:00:00,Wireless Charger,Electronics,4,29.2,0.0,116.79,Store,West,No,50,25,Plus,No,7.3,1,Yes
CUST-00058,2024-10-03 12:00:00,Desk Notebook,Stationery,2,9.09,0.0,18.19,Store,North,No,45,39,Essential,Yes,7.6,0,No
CUST-00154,2024-10-03 12:00:00,Desk Notebook,Stationery,5,8.78,0.0,43.88,Mobile app,West,No,25,26,Premium,Yes,3.4,1,No
CUST-00212,2024-10-03 17:00:00,Cotton Tote,Accessories,6,14.26,0.0,85.59,Web,West,No,50,26,Plus,Yes,4.5,1,No
CUST-00288,2024-10-04 15:00:00,Cotton Tote,Accessories,3,14.61,0.0,43.84,Mobile app,North,No,48,39,Essential,Yes,6.1,1,No
CUST-00025,2024-10-04 19:00:00,Wireless Charger,Electronics,3,29.63,0.0,88.88,Web,West,No,57,9,Essential,Yes,6.4,3,Yes
CUST-00187,2024-10-04 19:00:00,Gift Candle,Home,3,16.6,0.0,49.79,Web,South,No,40,38,Essential,Yes,6.5,3,No
CUST-00101,2024-10-05 11:00:00,Travel Mug,Accessories,5,21.26,0.0,106.3,Mobile app,Central,No,40,2,Essential,Yes,5.9,3,Yes
CUST-00114,2024-10-05 12:00:00,Granola Pack,Grocery,4,6.81,0.0,27.25,Mobile app,Central,No,53,34,Plus,Yes,7.3,0,No
CUST-00168,2024-10-05 13:00:00,Travel Mug,Accessories,2,20.73,0.0,41.45,Web,Central,No,40,22,Essential,No,6.4,1,Yes
CUST-00142,2024-10-05 14:00:00,Wireless Charger,Electronics,5,28.86,0.0,144.28,Store,Central,No,21,39,Plus,No,9.8,0,No
CUST-00214,2024-10-05 19:00:00,Herbal Tea,Beverages,4,7.82,0.0,31.28,Mobile app,South,No,38,25,Plus,Yes,3.6,2,Yes
CUST-00023,2024-10-06 13:00:00,Desk Notebook,Stationery,4,8.99,0.0,35.97,Mobile app,South,No,66,35,Plus,No,4.6,2,Yes
CUST-00164,2024-10-06 18:00:00,Cotton Tote,Accessories,4,13.77,0.0,55.07,Mobile app,South,No,28,34,Essential,Yes,9.0,1,No
CUST-00147,2024-10-07 11:00:00,Natural Soap Set,Personal Care,4,12.17,0.0,48.68,Store,North,No,43,21,Essential,Yes,6.0,2,No
CUST-00259,2024-10-07 12:00:00,Everyday Coffee,Beverages,2,8.28,0.0,16.55,Web,South,No,64,11,Essential,Yes,9.3,3,No
CUST-00189,2024-10-07 19:00:00,Everyday Coffee,Beverages,2,8.91,0.0,17.82,Web,North,No,39,16,Essential,No,5.7,1,Yes
CUST-00264,2024-10-07 19:00:00,Travel Mug,Accessories,2,21.04,0.0,42.09,Web,East,No,49,15,Premium,No,5.3,0,Yes
CUST-00136,2024-10-07 21:00:00,Wireless Charger,Electronics,2,28.63,0.0,57.25,Web,West,No,30,42,Essential,Yes,7.3,3,No
CUST-00244,2024-10-08 13:00:00,Cotton Tote,Accessories,7,14.15,0.0,99.02,Mobile app,South,No,45,30,Essential,Yes,9.2,3,No
CUST-00270,2024-10-08 14:00:00,Granola Pack,Grocery,6,6.87,0.0,41.2,Store,South,No,54,13,Premium,Yes,7.1,1,No
CUST-00195,2024-10-08 15:00:00,Granola Pack,Grocery,1,6.93,0.0,6.93,Mobile app,West,No,25,31,Premium,Yes,6.1,2,No
CUST-00098,2024-10-09 11:00:00,Gift Candle,Home,1,18.13,0.0,18.13,Web,West,No,41,16,Essential,Yes,8.3,1,No
CUST-00085,2024-10-09 17:00:00,Herbal Tea,Beverages,3,6.72,0.0,20.17,Store,West,No,28,48,Essential,Yes,6.5,2,No
CUST-00184,2024-10-09 17:00:00,Cotton Tote,Accessories,5,14.94,0.0,74.69,Mobile app,West,No,55,23,Essential,Yes,5.5,4,Yes
CUST-00277,2024-10-09 18:00:00,Everyday Coffee,Beverages,6,8.59,0.0,51.53,Web,North,No,65,4,Essential,Yes,6.0,4,Yes
CUST-00307,2024-10-11 18:00:00,Gift Candle,Home,1,18.46,0.0,18.46,Store,West,No,28,38,Plus,Yes,4.0,1,No
CUST-00024,2024-10-12 10:00:00,Cotton Tote,Accessories,5,14.66,0.0,73.32,Web,Central,Yes,53,48,Plus,No,8.1,2,No
CUST-00096,2024-10-12 10:00:00,Cotton Tote,Accessories,4,14.11,0.0,56.44,Mobile app,West,No,39,34,Essential,No,7.0,0,Yes
CUST-00318,2024-10-12 11:00:00,Herbal Tea,Beverages,2,7.05,0.0,14.1,Store,Central,No,48,33,Essential,Yes,8.1,0,No
CUST-00088,2024-10-12 16:00:00,Phone Stand,Electronics,2,19.13,0.0,38.26,Web,North,No,64,19,Essential,No,8.1,0,Yes
CUST-00162,2024-10-12 18:00:00,Gift Candle,Home,3,20.1,0.0,60.29,Mobile app,North,No,21,13,Plus,Yes,8.1,0,No
CUST-00306,2024-10-14 13:00:00,Everyday Coffee,Beverages,2,8.7,0.0,17.4,Mobile app,North,No,56,48,Plus,Yes,6.2,3,No
CUST-00171,2024-10-14 14:00:00,Phone Stand,Electronics,2,18.75,0.0,37.51,Web,West,No,22,27,Essential,Yes,7.2,1,No
CUST-00308,2024-10-14 19:00:00,Desk Notebook,Stationery,3,8.46,0.0,25.39,Mobile app,North,No,34,13,Plus,Yes,6.2,2,No
CUST-00026,2024-10-15 09:00:00,Gift Candle,Home,4,19.18,0.0,76.71,Store,North,No,22,38,Premium,Yes,6.2,0,No
CUST-00095,2024-10-15 14:00:00,Gift Candle,Home,7,18.56,0.05,123.43,Mobile app,South,Yes,52,39,Essential,Yes,6.0,3,No
CUST-00079,2024-10-16 16:00:00,Natural Soap Set,Personal Care,1,12.84,0.0,12.84,Web,South,No,38,2,Plus,Yes,7.9,1,Yes
CUST-00289,2024-10-16 16:00:00,Desk Notebook,Stationery,4,9.66,0.0,38.65,Store,Central,No,47,46,Essential,Yes,7.6,3,No
CUST-00272,2024-10-17 11:00:00,Cotton Tote,Accessories,2,14.76,0.0,29.52,Mobile app,North,No,22,38,Essential,Yes,8.1,2,No
CUST-00122,2024-10-17 21:00:00,Cotton Tote,Accessories,5,14.66,0.0,73.28,Web,North,No,44,28,Plus,No,6.8,1,No
CUST-00226,2024-10-19 10:00:00,Gift Candle,Home,7,18.31,0.0,128.18,Mobile app,Central,No,49,29,Essential,No,6.7,2,No
CUST-00035,2024-10-19 17:00:00,Wireless Charger,Electronics,3,27.74,0.0,83.22,Web,South,No,58,12,Essential,Yes,8.5,2,No
CUST-00031,2024-10-19 21:00:00,Granola Pack,Grocery,3,6.94,0.0,20.82,Mobile app,South,No,49,25,Essential,Yes,5.1,2,No
CUST-00115,2024-10-20 10:00:00,Everyday Coffee,Beverages,2,8.36,0.0,16.71,Mobile app,North,No,37,36,Plus,Yes,7.4,1,No
CUST-00247,2024-10-20 13:00:00,Herbal Tea,Beverages,5,7.06,0.0,35.28,Web,North,No,47,40,Plus,Yes,6.6,0,No
CUST-00244,2024-10-20 14:00:00,Granola Pack,Grocery,2,7.27,0.0,14.54,Mobile app,South,No,45,30,Essential,Yes,9.2,3,No
CUST-00031,2024-10-21 21:00:00,Natural Soap Set,Personal Care,4,12.45,0.0,49.81,Mobile app,South,No,49,25,Essential,Yes,5.1,2,No
CUST-00210,2024-10-21 21:00:00,Wireless Charger,Electronics,4,30.79,0.0,123.17,Web,South,Yes,60,38,Plus,No,7.9,0,No
CUST-00071,2024-10-22 19:00:00,Travel Mug,Accessories,1,22.15,0.0,22.15,Web,North,Yes,30,31,Essential,Yes,9.4,3,No
CUST-00058,2024-10-23 08:00:00,Cotton Tote,Accessories,2,13.46,0.0,26.91,Store,North,No,45,39,Essential,Yes,7.6,0,No
CUST-00305,2024-10-23 14:00:00,Wireless Charger,Electronics,3,30.17,0.0,90.52,Web,West,No,65,36,Essential,Yes,10.0,3,No
CUST-00057,2024-10-23 17:00:00,Natural Soap Set,Personal Care,1,12.91,0.0,12.91,Web,South,No,62,33,Essential,Yes,8.1,6,No
CUST-00171,2024-10-24 10:00:00,Natural Soap Set,Personal Care,1,12.41,0.0,12.41,Web,West,No,22,27,Essential,Yes,7.2,1,No
CUST-00025,2024-10-24 13:00:00,Gift Candle,Home,1,18.26,0.0,18.26,Web,West,No,57,9,Essential,Yes,6.4,3,Yes
CUST-00120,2024-10-24 20:00:00,Cotton Tote,Accessories,4,14.27,0.0,57.06,Mobile app,North,No,47,30,Essential,Yes,4.4,2,No
CUST-00121,2024-10-25 15:00:00,Granola Pack,Grocery,1,6.91,0.0,6.91,Store,North,No,65,36,Premium,Yes,5.9,0,No
CUST-00248,2024-10-25 21:00:00,Cotton Tote,Accessories,4,13.77,0.0,55.08,Web,Central,No,60,44,Plus,Yes,8.4,0,No
CUST-00157,2024-10-26 11:00:00,Phone Stand,Electronics,2,16.85,0.0,33.69,Store,East,No,62,44,Premium,No,5.3,1,No
CUST-00127,2024-10-26 14:00:00,Wireless Charger,Electronics,4,30.31,0.0,121.25,Mobile app,North,No,22,16,Premium,Yes,7.8,0,No
CUST-00205,2024-10-27 09:00:00,Everyday Coffee,Beverages,5,8.09,0.0,40.45,Web,East,No,31,29,Plus,Yes,8.0,1,No
CUST-00016,2024-10-27 16:00:00,Desk Notebook,Stationery,6,8.95,0.0,53.68,Mobile app,North,No,66,2,Essential,Yes,7.2,1,No
CUST-00070,2024-10-27 19:00:00,Cotton Tote,Accessories,3,14.88,0.0,44.64,Web,South,No,28,23,Plus,No,7.3,2,Yes
CUST-00204,2024-10-28 08:00:00,Everyday Coffee,Beverages,1,8.72,0.0,8.72,Web,Central,No,35,15,Plus,No,4.6,3,Yes
CUST-00174,2024-10-28 15:00:00,Wireless Charger,Electronics,2,26.86,0.0,53.71,Mobile app,North,No,22,44,Plus,Yes,6.3,3,No
CUST-00167,2024-10-28 16:00:00,Phone Stand,Electronics,4,17.03,0.0,68.12,Mobile app,South,No,40,47,Plus,No,4.9,3,Yes
CUST-00057,2024-10-28 20:00:00,Cotton Tote,Accessories,5,13.85,0.0,69.25,Web,South,No,62,33,Essential,Yes,8.1,6,No
CUST-00101,2024-10-29 10:00:00,Herbal Tea,Beverages,2,6.79,0.0,13.58,Mobile app,Central,No,40,2,Essential,Yes,5.9,3,Yes
CUST-00087,2024-10-29 11:00:00,Cotton Tote,Accessories,5,13.66,0.0,68.3,Store,South,No,28,34,Essential,Yes,7.8,1,No
CUST-00227,2024-10-29 15:00:00,Cotton Tote,Accessories,7,14.66,0.0,102.63,Mobile app,North,No,58,47,Essential,Yes,8.5,0,No
CUST-00068,2024-10-30 13:00:00,Cotton Tote,Accessories,3,12.94,0.1,34.93,Store,South,Yes,43,22,Plus,Yes,6.7,3,No
CUST-00108,2024-10-30 13:00:00,Cotton Tote,Accessories,2,13.89,0.0,27.77,Store,North,No,22,30,Essential,Yes,7.6,2,No
CUST-00160,2024-10-30 15:00:00,Natural Soap Set,Personal Care,2,11.92,0.15,20.27,Mobile app,South,Yes,35,46,Essential,No,7.0,3,No
CUST-00198,2024-10-30 16:00:00,Desk Notebook,Stationery,9,9.3,0.0,83.71,Mobile app,South,No,56,26,Plus,No,5.7,3,Yes
CUST-00124,2024-11-01 18:00:00,Cotton Tote,Accessories,1,14.45,0.0,14.45,Web,West,No,39,33,Essential,Yes,5.9,0,Yes
CUST-00064,2024-11-02 18:00:00,Natural Soap Set,Personal Care,2,12.09,0.0,24.18,Web,East,No,54,30,Plus,Yes,9.3,0,No
CUST-00305,2024-11-02 20:00:00,Travel Mug,Accessories,2,21.74,0.0,43.49,Web,West,No,65,36,Essential,Yes,10.0,3,No
CUST-00260,2024-11-02 21:00:00,Travel Mug,Accessories,7,21.69,0.0,151.82,Web,West,Yes,39,43,Plus,Yes,6.5,0,No
CUST-00104,2024-11-03 11:00:00,Everyday Coffee,Beverages,3,8.21,0.0,24.63,Web,South,Yes,22,40,Essential,Yes,9.3,1,No
CUST-00145,2024-11-03 13:00:00,Wireless Charger,Electronics,2,28.11,0.0,56.21,Web,South,No,62,22,Essential,No,8.6,1,Yes
CUST-00269,2024-11-03 14:00:00,Travel Mug,Accessories,5,22.51,0.0,112.54,Web,Central,No,40,34,Plus,Yes,6.0,1,No
CUST-00265,2024-11-04 09:00:00,Desk Notebook,Stationery,1,9.2,0.0,9.2,Store,South,No,44,39,Premium,No,5.6,0,No
CUST-00220,2024-11-05 08:00:00,Granola Pack,Grocery,1,7.2,0.0,7.2,Store,West,No,55,39,Plus,Yes,10.0,0,No
CUST-00158,2024-11-05 12:00:00,Everyday Coffee,Beverages,6,9.35,0.0,56.1,Store,East,No,49,10,Plus,No,7.3,1,Yes
CUST-00094,2024-11-05 18:00:00,Cotton Tote,Accessories,3,15.16,0.0,45.47,Web,South,No,54,45,Essential,No,9.3,2,No
CUST-00072,2024-11-05 19:00:00,Granola Pack,Grocery,6,6.24,0.0,37.45,Web,South,No,67,27,Plus,Yes,8.6,1,No
CUST-00100,2024-11-06 12:00:00,Wireless Charger,Electronics,4,28.63,0.0,114.53,Web,South,No,63,26,Premium,No,7.3,2,No
CUST-00271,2024-11-06 17:00:00,Natural Soap Set,Personal Care,2,13.42,0.1,24.16,Web,West,Yes,60,23,Plus,Yes,8.1,4,Yes
CUST-00197,2024-11-06 21:00:00,Everyday Coffee,Beverages,8,8.65,0.0,69.23,Web,South,No,63,35,Premium,Yes,6.6,0,No
CUST-00102,2024-11-07 08:00:00,Gift Candle,Home,1,19.17,0.0,19.17,Web,North,No,49,12,Plus,Yes,9.3,0,No
CUST-00016,2024-11-07 19:00:00,Gift Candle,Home,7,17.61,0.0,123.27,Mobile app,North,No,66,2,Essential,Yes,7.2,1,No
CUST-00011,2024-11-07 20:00:00,Wireless Charger,Electronics,5,28.84,0.0,144.18,Mobile app,Central,No,35,28,Plus,Yes,10.0,2,No
CUST-00184,2024-11-08 15:00:00,Wireless Charger,Electronics,1,26.59,0.1,23.93,Mobile app,West,Yes,55,23,Essential,Yes,5.5,4,Yes
CUST-00247,2024-11-08 17:00:00,Cotton Tote,Accessories,2,15.21,0.0,30.43,Web,North,No,47,40,Plus,Yes,6.6,0,No
CUST-00028,2024-11-08 18:00:00,Granola Pack,Grocery,2,7.28,0.0,14.55,Web,North,No,42,5,Plus,Yes,4.6,2,Yes
CUST-00058,2024-11-08 19:00:00,Wireless Charger,Electronics,7,28.48,0.0,199.39,Store,North,No,45,39,Essential,Yes,7.6,0,No
CUST-00073,2024-11-08 20:00:00,Wireless Charger,Electronics,5,27.92,0.0,139.6,Web,South,No,23,35,Plus,Yes,7.1,2,No
CUST-00078,2024-11-08 20:00:00,Phone Stand,Electronics,1,18.56,0.0,18.56,Web,East,No,52,33,Essential,Yes,7.2,1,No
CUST-00292,2024-11-08 21:00:00,Everyday Coffee,Beverages,2,8.51,0.0,17.01,Store,Central,No,33,35,Essential,Yes,5.5,2,No
CUST-00314,2024-11-08 21:00:00,Granola Pack,Grocery,1,7.74,0.0,7.74,Web,East,Yes,24,27,Premium,No,5.3,1,Yes
CUST-00231,2024-11-09 09:00:00,Phone Stand,Electronics,3,17.92,0.0,53.77,Web,North,No,50,34,Essential,No,6.6,3,No
CUST-00292,2024-11-09 15:00:00,Desk Notebook,Stationery,5,8.46,0.0,42.28,Store,Central,No,33,35,Essential,Yes,5.5,2,No
CUST-00300,2024-11-09 17:00:00,Cotton Tote,Accessories,1,14.37,0.0,14.37,Store,North,No,27,41,Premium,Yes,7.8,0,No
CUST-00013,2024-11-10 08:00:00,Granola Pack,Grocery,4,6.72,0.0,26.89,Mobile app,South,No,46,9,Plus,No,6.7,2,Yes
CUST-00209,2024-11-10 10:00:00,Travel Mug,Accessories,1,21.23,0.0,21.23,Store,North,No,22,25,Plus,Yes,7.3,2,No
CUST-00118,2024-11-10 12:00:00,Desk Notebook,Stationery,3,9.17,0.0,27.52,Web,South,No,28,20,Essential,Yes,6.9,1,No
CUST-00134,2024-11-10 16:00:00,Everyday Coffee,Beverages,5,8.14,0.0,40.71,Web,East,No,41,29,Essential,Yes,7.4,1,No
CUST-00270,2024-11-11 16:00:00,Cotton Tote,Accessories,1,13.92,0.0,13.92,Store,South,No,54,13,Premium,Yes,7.1,1,No
CUST-00244,2024-11-12 08:00:00,Gift Candle,Home,7,17.88,0.0,125.16,Mobile app,South,No,45,30,Essential,Yes,9.2,3,No
CUST-00091,2024-11-12 11:00:00,Gift Candle,Home,4,19.14,0.0,76.58,Web,Central,No,63,36,Plus,Yes,7.4,3,No
CUST-00168,2024-11-13 08:00:00,Travel Mug,Accessories,3,22.09,0.0,66.26,Web,Central,No,40,22,Essential,No,6.4,1,Yes
CUST-00207,2024-11-13 11:00:00,Gift Candle,Home,8,17.49,0.0,139.9,Web,South,No,26,24,Essential,Yes,6.9,0,No
CUST-00286,2024-11-13 16:00:00,Cotton Tote,Accessories,4,14.79,0.0,59.16,Mobile app,North,No,44,38,Essential,Yes,5.3,1,No
CUST-00015,2024-11-14 11:00:00,Cotton Tote,Accessories,5,14.25,0.1,64.11,Mobile app,West,Yes,63,32,Essential,Yes,4.7,0,No
CUST-00062,2024-11-14 11:00:00,Desk Notebook,Stationery,6,8.91,0.0,53.43,Mobile app,North,No,26,3,Essential,Yes,6.4,0,No
CUST-00120,2024-11-14 15:00:00,Granola Pack,Grocery,6,6.34,0.0,38.05,Mobile app,North,Yes,47,30,Essential,Yes,4.4,2,No
CUST-00046,2024-11-14 18:00:00,Granola Pack,Grocery,4,6.68,0.0,26.72,Web,South,Yes,59,41,Plus,Yes,6.1,2,No
CUST-00257,2024-11-15 15:00:00,Travel Mug,Accessories,5,22.73,0.0,113.64,Web,South,No,60,16,Essential,Yes,7.6,0,No
CUST-00118,2024-11-16 16:00:00,Granola Pack,Grocery,1,6.69,0.0,6.69,Web,South,Yes,28,20,Essential,Yes,6.9,1,No
CUST-00257,2024-11-16 20:00:00,Cotton Tote,Accessories,3,14.75,0.0,44.26,Web,South,No,60,16,Essential,Yes,7.6,0,No
CUST-00053,2024-11-17 20:00:00,Desk Notebook,Stationery,4,9.29,0.15,31.59,Mobile app,South,Yes,40,44,Plus,No,5.0,0,Yes
CUST-00050,2024-11-18 12:00:00,Natural Soap Set,Personal Care,1,12.61,0.0,12.61,Store,West,No,30,38,Essential,Yes,8.0,1,No
CUST-00161,2024-11-18 13:00:00,Desk Notebook,Stationery,6,8.73,0.0,52.37,Mobile app,South,No,56,44,Essential,Yes,7.1,0,No
CUST-00179,2024-11-19 11:00:00,Herbal Tea,Beverages,4,7.9,0.0,31.59,Web,North,No,61,30,Plus,Yes,6.7,3,No
CUST-00109,2024-11-19 19:00:00,Phone Stand,Electronics,3,17.81,0.0,53.42,Web,Central,No,55,42,Essential,No,6.6,0,No
CUST-00214,2024-11-19 20:00:00,Phone Stand,Electronics,5,19.24,0.0,96.2,Mobile app,South,No,38,25,Plus,Yes,3.6,2,Yes
CUST-00230,2024-11-20 20:00:00,Herbal Tea,Beverages,5,6.39,0.0,31.93,Mobile app,West,Yes,27,25,Essential,No,7.2,1,No
CUST-00120,2024-11-21 10:00:00,Travel Mug,Accessories,6,20.92,0.0,125.5,Mobile app,North,No,47,30,Essential,Yes,4.4,2,No
CUST-00033,2024-11-21 13:00:00,Everyday Coffee,Beverages,2,8.93,0.1,16.07,Mobile app,South,Yes,41,17,Essential,Yes,6.5,2,No
CUST-00240,2024-11-21 15:00:00,Herbal Tea,Beverages,4,6.88,0.1,24.78,Web,West,Yes,61,40,Essential,Yes,9.5,2,No
CUST-00135,2024-11-22 09:00:00,Gift Candle,Home,3,17.83,0.0,53.48,Web,West,Yes,26,18,Premium,No,7.4,0,No
CUST-00201,2024-11-22 11:00:00,Travel Mug,Accessories,2,22.13,0.0,44.26,Web,South,No,45,43,Plus,Yes,6.9,1,No
CUST-00248,2024-11-22 15:00:00,Travel Mug,Accessories,1,21.38,0.0,21.38,Web,Central,No,60,44,Plus,Yes,8.4,0,No
CUST-00247,2024-11-23 09:00:00,Granola Pack,Grocery,4,6.62,0.0,26.46,Web,North,No,47,40,Plus,Yes,6.6,0,No
CUST-00149,2024-11-24 12:00:00,Natural Soap Set,Personal Care,3,13.17,0.0,39.52,Web,Central,No,22,11,Essential,Yes,6.4,1,Yes
CUST-00164,2024-11-24 13:00:00,Phone Stand,Electronics,4,17.26,0.0,69.04,Mobile app,South,Yes,28,34,Essential,Yes,9.0,1,No
CUST-00279,2024-11-24 16:00:00,Gift Candle,Home,1,18.82,0.0,18.82,Web,South,No,39,10,Plus,Yes,7.3,0,No
CUST-00158,2024-11-24 17:00:00,Cotton Tote,Accessories,2,14.41,0.0,28.82,Store,East,No,49,10,Plus,No,7.3,1,Yes
CUST-00065,2024-11-24 20:00:00,Natural Soap Set,Personal Care,6,12.47,0.1,67.35,Web,East,Yes,57,3,Premium,Yes,6.5,0,No
CUST-00138,2024-11-26 14:00:00,Wireless Charger,Electronics,1,28.24,0.0,28.24,Web,Central,Yes,52,44,Plus,Yes,3.6,1,No
CUST-00181,2024-11-27 08:00:00,Travel Mug,Accessories,1,22.14,0.0,22.14,Mobile app,East,No,52,11,Plus,Yes,8.4,1,No
CUST-00080,2024-11-27 18:00:00,Desk Notebook,Stationery,4,8.28,0.0,33.1,Web,West,No,42,20,Essential,Yes,3.1,1,Yes
CUST-00077,2024-11-27 21:00:00,Gift Candle,Home,3,17.99,0.0,53.98,Store,Central,No,39,46,Essential,Yes,9.9,2,No
CUST-00046,2024-11-28 08:00:00,Everyday Coffee,Beverages,3,8.63,0.0,25.9,Web,South,No,59,41,Plus,Yes,6.1,2,No
CUST-00017,2024-11-28 10:00:00,Natural Soap Set,Personal Care,3,11.23,0.0,33.7,Mobile app,South,No,32,28,Premium,Yes,8.4,0,No
CUST-00011,2024-11-28 16:00:00,Everyday Coffee,Beverages,3,9.02,0.0,27.05,Mobile app,Central,No,35,28,Plus,Yes,10.0,2,No
CUST-00205,2024-11-28 17:00:00,Herbal Tea,Beverages,2,7.09,0.0,14.18,Web,East,No,31,29,Plus,Yes,8.0,1,No
CUST-00266,2024-11-29 09:00:00,Phone Stand,Electronics,3,19.19,0.0,57.57,Web,East,No,62,18,Essential,Yes,5.5,1,Yes
CUST-00270,2024-11-29 17:00:00,Everyday Coffee,Beverages,2,8.61,0.0,17.22,Store,South,No,54,13,Premium,Yes,7.1,1,No
CUST-00194,2024-12-01 11:00:00,Travel Mug,Accessories,3,21.31,0.0,63.93,Web,West,No,47,43,Essential,Yes,8.1,2,No
CUST-00302,2024-12-01 20:00:00,Wireless Charger,Electronics,5,28.56,0.1,128.53,Web,South,Yes,46,7,Essential,No,5.4,2,Yes
CUST-00176,2024-12-02 09:00:00,Travel Mug,Accessories,3,22.63,0.0,67.88,Store,Central,No,49,13,Plus,Yes,7.0,0,No
CUST-00015,2024-12-03 09:00:00,Cotton Tote,Accessories,4,15.96,0.0,63.85,Mobile app,West,No,63,32,Essential,Yes,4.7,0,No
CUST-00288,2024-12-03 10:00:00,Gift Candle,Home,2,17.57,0.0,35.14,Mobile app,North,No,48,39,Essential,Yes,6.1,1,No
CUST-00181,2024-12-03 12:00:00,Natural Soap Set,Personal Care,3,11.59,0.0,34.78,Mobile app,East,No,52,11,Plus,Yes,8.4,1,No
CUST-00232,2024-12-03 17:00:00,Herbal Tea,Beverages,4,7.21,0.0,28.84,Web,Central,No,32,32,Plus,No,7.7,0,No
CUST-00261,2024-12-04 19:00:00,Natural Soap Set,Personal Care,1,12.49,0.0,12.49,Mobile app,East,No,43,19,Essential,Yes,5.2,3,Yes
CUST-00293,2024-12-05 08:00:00,Everyday Coffee,Beverages,2,8.81,0.0,17.61,Mobile app,East,Yes,57,4,Plus,Yes,6.1,2,No
CUST-00116,2024-12-05 10:00:00,Granola Pack,Grocery,5,6.39,0.0,31.95,Store,North,No,55,23,Essential,Yes,8.1,0,No
CUST-00088,2024-12-05 13:00:00,Gift Candle,Home,3,18.15,0.0,54.44,Web,North,No,64,19,Essential,No,8.1,0,Yes
CUST-00252,2024-12-06 10:00:00,Everyday Coffee,Beverages,4,8.86,0.0,35.45,Mobile app,North,No,26,34,Essential,Yes,6.0,1,No
CUST-00306,2024-12-06 21:00:00,Granola Pack,Grocery,4,6.41,0.0,25.63,Mobile app,North,No,56,48,Plus,Yes,6.2,3,No
CUST-00005,2024-12-07 10:00:00,Gift Candle,Home,1,18.66,0.0,18.66,Store,South,Yes,49,20,Plus,No,6.7,0,Yes
CUST-00257,2024-12-07 13:00:00,Phone Stand,Electronics,5,17.03,0.0,85.13,Web,South,No,60,16,Essential,Yes,7.6,0,No
CUST-00276,2024-12-07 14:00:00,Everyday Coffee,Beverages,4,8.07,0.0,32.28,Web,North,No,63,47,Plus,Yes,6.8,2,No
CUST-00070,2024-12-07 17:00:00,Natural Soap Set,Personal Care,6,12.42,0.0,74.51,Web,South,No,28,23,Plus,No,7.3,2,Yes
CUST-00255,2024-12-07 17:00:00,Gift Candle,Home,2,19.4,0.0,38.81,Store,North,No,38,9,Premium,Yes,6.5,1,No
CUST-00279,2024-12-07 21:00:00,Cotton Tote,Accessories,1,14.38,0.0,14.38,Web,South,No,39,10,Plus,Yes,7.3,0,No
CUST-00258,2024-12-08 12:00:00,Gift Candle,Home,3,17.52,0.0,52.56,Web,South,Yes,40,27,Plus,Yes,5.9,2,Yes
CUST-00229,2024-12-08 13:00:00,Cotton Tote,Accessories,8,13.45,0.0,107.62,Web,West,No,37,44,Plus,No,6.3,2,No
CUST-00135,2024-12-08 18:00:00,Natural Soap Set,Personal Care,1,12.25,0.0,12.25,Web,West,No,26,18,Premium,No,7.4,0,No
CUST-00282,2024-12-09 17:00:00,Travel Mug,Accessories,2,24.12,0.0,48.23,Mobile app,South,No,48,24,Plus,No,7.2,1,Yes
CUST-00241,2024-12-09 18:00:00,Herbal Tea,Beverages,2,7.37,0.0,14.74,Web,North,No,30,22,Premium,Yes,5.5,1,No
CUST-00146,2024-12-11 15:00:00,Natural Soap Set,Personal Care,5,12.55,0.0,62.74,Mobile app,East,No,65,2,Essential,Yes,6.1,1,Yes
CUST-00015,2024-12-11 18:00:00,Cotton Tote,Accessories,5,14.16,0.0,70.79,Mobile app,West,Yes,63,32,Essential,Yes,4.7,0,No
CUST-00311,2024-12-12 11:00:00,Phone Stand,Electronics,1,17.64,0.0,17.64,Mobile app,North,No,21,40,Essential,Yes,4.9,3,No
CUST-00028,2024-12-13 12:00:00,Cotton Tote,Accessories,5,13.81,0.0,69.05,Web,North,No,42,5,Plus,Yes,4.6,2,Yes
CUST-00132,2024-12-13 13:00:00,Granola Pack,Grocery,5,6.81,0.0,34.06,Mobile app,Central,No,37,10,Plus,No,10.0,2,Yes
CUST-00070,2024-12-13 18:00:00,Phone Stand,Electronics,1,15.71,0.0,15.71,Web,South,No,28,23,Plus,No,7.3,2,Yes
CUST-00162,2024-12-13 21:00:00,Granola Pack,Grocery,4,6.77,0.0,27.09,Mobile app,North,Yes,21,13,Plus,Yes,8.1,0,No
CUST-00302,2024-12-14 12:00:00,Desk Notebook,Stationery,2,8.56,0.0,17.13,Web,South,No,46,7,Essential,No,5.4,2,Yes
CUST-00233,2024-12-15 08:00:00,Herbal Tea,Beverages,7,7.26,0.0,50.81,Mobile app,South,No,43,21,Plus,Yes,6.1,1,No
CUST-00252,2024-12-15 11:00:00,Natural Soap Set,Personal Care,4,13.07,0.0,52.27,Mobile app,North,Yes,26,34,Essential,Yes,6.0,1,No
CUST-00318,2024-12-15 13:00:00,Natural Soap Set,Personal Care,2,12.46,0.0,24.92,Store,Central,No,48,33,Essential,Yes,8.1,0,No
CUST-00238,2024-12-15 18:00:00,Wireless Charger,Electronics,3,30.34,0.0,91.03,Web,West,No,40,7,Premium,Yes,8.2,6,Yes
CUST-00020,2024-12-16 08:00:00,Cotton Tote,Accessories,1,14.15,0.0,14.15,Mobile app,South,No,25,41,Plus,No,8.4,1,No
CUST-00113,2024-12-18 15:00:00,Herbal Tea,Beverages,5,7.27,0.05,34.52,Web,Central,Yes,55,21,Essential,Yes,8.7,0,No
CUST-00306,2024-12-19 11:00:00,Gift Candle,Home,8,16.9,0.0,135.23,Mobile app,North,Yes,56,48,Plus,Yes,6.2,3,No
CUST-00023,2024-12-19 15:00:00,Travel Mug,Accessories,2,20.36,0.0,40.72,Mobile app,South,No,66,35,Plus,No,4.6,2,Yes
CUST-00231,2024-12-19 19:00:00,Gift Candle,Home,5,16.86,0.0,84.32,Web,North,No,50,34,Essential,No,6.6,3,No
CUST-00166,2024-12-20 09:00:00,Granola Pack,Grocery,4,6.95,0.0,27.8,Web,Central,No,59,34,Plus,No,6.4,2,Yes
CUST-00083,2024-12-20 10:00:00,Natural Soap Set,Personal Care,6,12.64,0.0,75.84,Mobile app,West,Yes,23,46,Essential,Yes,6.5,2,No
CUST-00104,2024-12-20 10:00:00,Granola Pack,Grocery,2,6.4,0.0,12.8,Web,South,No,22,40,Essential,Yes,9.3,1,No
CUST-00320,2024-12-20 10:00:00,Cotton Tote,Accessories,4,14.58,0.0,58.31,Store,North,No,65,6,Plus,Yes,7.7,3,No
CUST-00153,2024-12-20 13:00:00,Phone Stand,Electronics,3,18.25,0.0,54.75,Web,East,No,52,39,Plus,No,9.1,3,No
CUST-00162,2024-12-20 15:00:00,Cotton Tote,Accessories,2,14.36,0.0,28.73,Mobile app,North,No,21,13,Plus,Yes,8.1,0,No
CUST-00309,2024-12-21 12:00:00,Desk Notebook,Stationery,9,9.9,0.05,84.63,Store,South,Yes,46,46,Essential,Yes,8.1,0,No
CUST-00278,2024-12-21 20:00:00,Herbal Tea,Beverages,3,6.8,0.0,20.41,Web,North,No,56,46,Plus,No,9.0,0,No
CUST-00085,2024-12-22 13:00:00,Cotton Tote,Accessories,5,15.03,0.0,75.14,Store,West,No,28,48,Essential,Yes,6.5,2,No
CUST-00008,2024-12-23 13:00:00,Phone Stand,Electronics,1,17.6,0.0,17.6,Store,North,No,49,24,Plus,Yes,9.1,1,No
CUST-00212,2024-12-23 20:00:00,Natural Soap Set,Personal Care,4,12.27,0.0,49.08,Web,West,No,50,26,Plus,Yes,4.5,1,No
CUST-00143,2024-12-24 12:00:00,Phone Stand,Electronics,1,18.83,0.0,18.83,Web,East,No,59,26,Plus,Yes,8.6,1,No
CUST-00310,2024-12-24 12:00:00,Granola Pack,Grocery,5,6.01,0.0,30.03,Web,East,Yes,39,28,Essential,Yes,7.7,1,No
CUST-00001,2024-12-25 18:00:00,Cotton Tote,Accessories,3,15.37,0.0,46.1,Mobile app,West,Yes,50,8,Plus,Yes,6.1,0,Yes
CUST-00204,2024-12-25 19:00:00,Herbal Tea,Beverages,3,7.63,0.0,22.89,Web,Central,No,35,15,Plus,No,4.6,3,Yes
CUST-00206,2024-12-25 21:00:00,Herbal Tea,Beverages,3,7.28,0.0,21.84,Web,Central,Yes,54,26,Essential,Yes,4.0,1,Yes
CUST-00040,2024-12-26 19:00:00,Granola Pack,Grocery,4,6.69,0.0,26.76,Store,North,No,52,40,Plus,Yes,7.7,1,No
CUST-00035,2024-12-27 09:00:00,Travel Mug,Accessories,1,21.25,0.0,21.25,Web,South,No,58,12,Essential,Yes,8.5,2,No
CUST-00082,2024-12-27 11:00:00,Natural Soap Set,Personal Care,2,11.79,0.0,23.59,Store,Central,No,66,17,Plus,Yes,6.4,1,No
CUST-00038,2024-12-27 15:00:00,Natural Soap Set,Personal Care,4,12.92,0.0,51.69,Web,West,No,39,47,Essential,Yes,6.1,2,No
CUST-00176,2024-12-27 15:00:00,Natural Soap Set,Personal Care,6,13.2,0.0,79.22,Store,Central,No,49,13,Plus,Yes,7.0,0,No
CUST-00132,2024-12-28 18:00:00,Gift Candle,Home,2,18.78,0.0,37.56,Mobile app,Central,No,37,10,Plus,No,10.0,2,Yes
CUST-00261,2024-12-29 08:00:00,Cotton Tote,Accessories,5,14.46,0.0,72.3,Mobile app,East,Yes,43,19,Essential,Yes,5.2,3,Yes
CUST-00179,2024-12-29 10:00:00,Granola Pack,Grocery,1,6.89,0.0,6.89,Web,North,No,61,30,Plus,Yes,6.7,3,No
CUST-00295,2024-12-29 10:00:00,Gift Candle,Home,3,17.57,0.1,47.45,Mobile app,West,Yes,64,30,Essential,Yes,7.7,0,No
CUST-00097,2024-12-29 11:00:00,Herbal Tea,Beverages,5,7.06,0.0,35.29,Store,West,Yes,31,4,Essential,Yes,7.5,0,No
CUST-00085,2024-12-29 14:00:00,Natural Soap Set,Personal Care,6,13.07,0.0,78.4,Store,West,Yes,28,48,Essential,Yes,6.5,2,No
CUST-00077,2024-12-29 18:00:00,Travel Mug,Accessories,6,22.24,0.0,133.42,Store,Central,No,39,46,Essential,Yes,9.9,2,No
CUST-00221,2024-12-30 17:00:00,Granola Pack,Grocery,2,7.17,0.0,14.34,Mobile app,North,Yes,68,19,Premium,Yes,6.8,4,No
CUST-00194,2024-12-30 20:00:00,Cotton Tote,Accessories,2,14.4,0.0,28.81,Web,West,No,47,43,Essential,Yes,8.1,2,No
CUST-00257,2025-01-01 08:00:00,Desk Notebook,Stationery,1,8.8,0.0,8.8,Web,South,No,60,16,Essential,Yes,7.6,0,No
CUST-00315,2025-01-01 08:00:00,Natural Soap Set,Personal Care,3,13.25,0.0,39.74,Web,South,No,51,32,Plus,Yes,8.1,3,No
CUST-00030,2025-01-01 10:00:00,Everyday Coffee,Beverages,6,8.86,0.0,53.15,Web,North,No,27,15,Plus,No,8.8,0,Yes
CUST-00062,2025-01-01 10:00:00,Desk Notebook,Stationery,3,9.17,0.0,27.52,Mobile app,North,No,26,3,Essential,Yes,6.4,0,No
CUST-00057,2025-01-01 14:00:00,Wireless Charger,Electronics,2,27.46,0.0,54.91,Web,South,No,62,33,Essential,Yes,8.1,6,No
CUST-00151,2025-01-01 17:00:00,Cotton Tote,Accessories,5,13.15,0.0,65.77,Mobile app,East,No,60,43,Essential,No,5.2,3,Yes
CUST-00164,2025-01-02 11:00:00,Desk Notebook,Stationery,1,8.49,0.0,8.49,Mobile app,South,No,28,34,Essential,Yes,9.0,1,No
CUST-00241,2025-01-02 12:00:00,Natural Soap Set,Personal Care,2,12.54,0.0,25.08,Web,North,No,30,22,Premium,Yes,5.5,1,No
CUST-00294,2025-01-02 19:00:00,Travel Mug,Accessories,10,22.44,0.0,224.37,Web,Central,No,66,48,Plus,Yes,4.4,1,No
CUST-00309,2025-01-03 20:00:00,Herbal Tea,Beverages,5,7.2,0.0,36.01,Store,South,No,46,46,Essential,Yes,8.1,0,No
CUST-00265,2025-01-04 08:00:00,Granola Pack,Grocery,4,6.82,0.0,27.27,Store,South,Yes,44,39,Premium,No,5.6,0,No
CUST-00288,2025-01-04 08:00:00,Travel Mug,Accessories,4,22.02,0.0,88.06,Mobile app,North,No,48,39,Essential,Yes,6.1,1,No
CUST-00284,2025-01-04 14:00:00,Travel Mug,Accessories,1,22.77,0.0,22.77,Mobile app,West,No,59,2,Plus,Yes,7.1,3,Yes
CUST-00265,2025-01-04 17:00:00,Desk Notebook,Stationery,6,9.36,0.0,56.16,Store,South,No,44,39,Premium,No,5.6,0,No
CUST-00015,2025-01-05 09:00:00,Desk Notebook,Stationery,8,8.8,0.0,70.43,Mobile app,West,No,63,32,Essential,Yes,4.7,0,No
CUST-00260,2025-01-05 17:00:00,Herbal Tea,Beverages,3,6.98,0.05,19.9,Web,West,Yes,39,43,Plus,Yes,6.5,0,No
CUST-00154,2025-01-06 09:00:00,Phone Stand,Electronics,1,18.67,0.0,18.67,Mobile app,West,No,25,26,Premium,Yes,3.4,1,No
CUST-00206,2025-01-06 12:00:00,Phone Stand,Electronics,6,16.83,0.0,100.95,Web,Central,No,54,26,Essential,Yes,4.0,1,Yes
CUST-00297,2025-01-07 08:00:00,Travel Mug,Accessories,2,22.23,0.0,44.45,Store,Central,Yes,41,16,Plus,Yes,4.7,2,Yes
CUST-00254,2025-01-07 11:00:00,Granola Pack,Grocery,1,7.06,0.0,7.06,Mobile app,Central,No,53,16,Plus,No,6.8,0,Yes
CUST-00006,2025-01-07 15:00:00,Herbal Tea,Beverages,5,7.14,0.0,35.68,Mobile app,East,No,53,34,Essential,No,8.2,3,No
CUST-00197,2025-01-08 11:00:00,Wireless Charger,Electronics,4,28.82,0.0,115.27,Web,South,No,63,35,Premium,Yes,6.6,0,No
CUST-00009,2025-01-08 16:00:00,Granola Pack,Grocery,5,7.2,0.0,35.98,Web,North,Yes,35,37,Essential,No,6.9,1,No
CUST-00025,2025-01-08 21:00:00,Phone Stand,Electronics,3,17.48,0.0,52.45,Web,West,No,57,9,Essential,Yes,6.4,3,Yes
CUST-00008,2025-01-09 08:00:00,Gift Candle,Home,5,17.87,0.0,89.36,Store,North,No,49,24,Plus,Yes,9.1,1,No
CUST-00040,2025-01-09 13:00:00,Desk Notebook,Stationery,1,8.71,0.0,8.71,Store,North,No,52,40,Plus,Yes,7.7,1,No
CUST-00130,2025-01-09 16:00:00,Everyday Coffee,Beverages,4,8.53,0.0,34.13,Store,North,No,53,24,Essential,No,7.5,2,Yes
CUST-00154,2025-01-09 16:00:00,Gift Candle,Home,7,18.33,0.0,128.29,Mobile app,West,No,25,26,Premium,Yes,3.4,1,No
CUST-00072,2025-01-09 21:00:00,Gift Candle,Home,1,17.08,0.0,17.08,Web,South,No,67,27,Plus,Yes,8.6,1,No
CUST-00319,2025-01-10 08:00:00,Gift Candle,Home,3,18.32,0.0,54.97,Mobile app,East,No,39,30,Plus,No,7.4,2,Yes
CUST-00189,2025-01-11 12:00:00,Wireless Charger,Electronics,5,28.62,0.0,143.1,Web,North,No,39,16,Essential,No,5.7,1,Yes
CUST-00118,2025-01-11 15:00:00,Gift Candle,Home,2,18.21,0.0,36.42,Web,South,No,28,20,Essential,Yes,6.9,1,No
CUST-00124,2025-01-11 20:00:00,Granola Pack,Grocery,1,7.41,0.0,7.41,Web,West,No,39,33,Essential,Yes,5.9,0,Yes
CUST-00063,2025-01-12 12:00:00,Cotton Tote,Accessories,6,14.87,0.0,89.2,Mobile app,West,No,45,15,Plus,Yes,7.9,2,No
CUST-00105,2025-01-12 13:00:00,Wireless Charger,Electronics,1,30.79,0.0,30.79,Web,West,No,23,38,Essential,No,8.6,1,No
CUST-00165,2025-01-12 14:00:00,Everyday Coffee,Beverages,3,8.93,0.0,26.8,Mobile app,East,No,37,30,Plus,No,6.8,2,No
CUST-00289,2025-01-12 20:00:00,Granola Pack,Grocery,2,6.91,0.0,13.82,Store,Central,No,47,46,Essential,Yes,7.6,3,No
CUST-00234,2025-01-13 19:00:00,Gift Candle,Home,3,16.98,0.0,50.95,Mobile app,West,No,59,38,Plus,Yes,9.3,2,No
CUST-00278,2025-01-14 13:00:00,Wireless Charger,Electronics,3,29.56,0.0,88.67,Web,North,No,56,46,Plus,No,9.0,0,No
CUST-00318,2025-01-14 21:00:00,Natural Soap Set,Personal Care,4,12.7,0.0,50.79,Store,Central,No,48,33,Essential,Yes,8.1,0,No
CUST-00008,2025-01-15 08:00:00,Natural Soap Set,Personal Care,4,11.16,0.0,44.65,Store,North,Yes,49,24,Plus,Yes,9.1,1,No
CUST-00068,2025-01-15 17:00:00,Cotton Tote,Accessories,4,14.6,0.0,58.38,Store,South,No,43,22,Plus,Yes,6.7,3,No
CUST-00106,2025-01-15 18:00:00,Granola Pack,Grocery,2,7.17,0.0,14.35,Mobile app,North,No,27,7,Premium,Yes,7.7,2,No
CUST-00230,2025-01-15 19:00:00,Desk Notebook,Stationery,5,8.51,0.0,42.54,Mobile app,West,Yes,27,25,Essential,No,7.2,1,No
CUST-00218,2025-01-16 13:00:00,Gift Candle,Home,4,18.58,0.1,66.9,Web,South,Yes,51,24,Premium,Yes,7.7,3,No
CUST-00027,2025-01-16 20:00:00,Granola Pack,Grocery,3,6.98,0.0,20.94,Mobile app,South,No,48,6,Essential,Yes,9.2,3,Yes
CUST-00212,2025-01-16 20:00:00,Desk Notebook,Stationery,2,9.6,0.0,19.19,Web,West,No,50,26,Plus,Yes,4.5,1,No
CUST-00278,2025-01-17 21:00:00,Desk Notebook,Stationery,5,9.23,0.0,46.17,Web,North,Yes,56,46,Plus,No,9.0,0,No
CUST-00179,2025-01-18 11:00:00,Herbal Tea,Beverages,3,6.97,0.0,20.91,Web,North,No,61,30,Plus,Yes,6.7,3,No
CUST-00254,2025-01-18 13:00:00,Cotton Tote,Accessories,2,14.84,0.0,29.68,Mobile app,Central,No,53,16,Plus,No,6.8,0,Yes
CUST-00312,2025-01-18 13:00:00,Phone Stand,Electronics,1,17.25,0.0,17.25,Store,North,Yes,40,15,Plus,No,7.2,1,Yes
CUST-00280,2025-01-19 09:00:00,Granola Pack,Grocery,4,6.55,0.0,26.21,Store,Central,No,26,3,Essential,Yes,8.6,3,Yes
CUST-00149,2025-01-19 12:00:00,Travel Mug,Accessories,2,22.97,0.0,45.94,Web,Central,No,22,11,Essential,Yes,6.4,1,Yes
CUST-00074,2025-01-20 11:00:00,Phone Stand,Electronics,3,19.12,0.0,57.35,Mobile app,South,No,21,42,Premium,Yes,7.8,2,No
CUST-00173,2025-01-20 16:00:00,Cotton Tote,Accessories,2,14.29,0.0,28.59,Web,North,No,27,13,Essential,No,7.5,2,Yes
CUST-00075,2025-01-21 09:00:00,Granola Pack,Grocery,1,6.02,0.0,6.02,Web,East,No,28,38,Essential,No,6.9,1,No
CUST-00297,2025-01-21 09:00:00,Natural Soap Set,Personal Care,2,11.83,0.0,23.66,Store,Central,No,41,16,Plus,Yes,4.7,2,Yes
CUST-00104,2025-01-21 12:00:00,Phone Stand,Electronics,4,16.11,0.0,64.45,Web,South,No,22,40,Essential,Yes,9.3,1,No
CUST-00316,2025-01-21 21:00:00,Gift Candle,Home,1,17.54,0.0,17.54,Mobile app,East,No,32,45,Premium,No,8.7,2,No
CUST-00190,2025-01-23 18:00:00,Phone Stand,Electronics,7,18.52,0.0,129.61,Web,South,No,34,29,Plus,Yes,6.2,2,No
CUST-00184,2025-01-25 10:00:00,Travel Mug,Accessories,5,23.04,0.0,115.22,Mobile app,West,No,55,23,Essential,Yes,5.5,4,Yes
CUST-00159,2025-01-25 11:00:00,Desk Notebook,Stationery,2,8.41,0.0,16.81,Web,South,No,38,10,Essential,No,5.8,0,Yes
CUST-00269,2025-01-25 14:00:00,Desk Notebook,Stationery,5,8.6,0.0,42.98,Web,Central,No,40,34,Plus,Yes,6.0,1,No
CUST-00065,2025-01-25 19:00:00,Natural Soap Set,Personal Care,4,12.25,0.0,49.0,Web,East,No,57,3,Premium,Yes,6.5,0,No
CUST-00116,2025-01-26 13:00:00,Desk Notebook,Stationery,2,8.9,0.0,17.79,Store,North,No,55,23,Essential,Yes,8.1,0,No
CUST-00244,2025-01-26 14:00:00,Cotton Tote,Accessories,1,14.6,0.0,14.6,Mobile app,South,No,45,30,Essential,Yes,9.2,3,No
CUST-00171,2025-01-26 17:00:00,Cotton Tote,Accessories,4,15.2,0.0,60.82,Web,West,No,22,27,Essential,Yes,7.2,1,No
CUST-00312,2025-01-27 09:00:00,Natural Soap Set,Personal Care,5,11.85,0.0,59.23,Store,North,No,40,15,Plus,No,7.2,1,Yes
CUST-00004,2025-01-27 20:00:00,Herbal Tea,Beverages,5,7.15,0.0,35.76,Web,West,No,51,46,Plus,Yes,9.2,0,No
CUST-00014,2025-01-27 20:00:00,Desk Notebook,Stationery,6,9.25,0.0,55.52,Web,North,No,64,35,Premium,Yes,9.3,1,No
CUST-00237,2025-01-28 08:00:00,Cotton Tote,Accessories,5,14.55,0.0,72.73,Web,South,Yes,38,33,Premium,Yes,5.6,0,No
CUST-00173,2025-01-28 10:00:00,Everyday Coffee,Beverages,3,8.58,0.0,25.73,Web,North,No,27,13,Essential,No,7.5,2,Yes
CUST-00021,2025-01-28 17:00:00,Herbal Tea,Beverages,3,6.97,0.0,20.91,Web,East,No,64,35,Plus,Yes,8.0,3,No
CUST-00120,2025-01-28 18:00:00,Gift Candle,Home,3,16.97,0.0,50.9,Mobile app,North,No,47,30,Essential,Yes,4.4,2,No
CUST-00126,2025-01-28 21:00:00,Gift Candle,Home,3,18.45,0.0,55.34,Store,West,No,37,40,Essential,No,7.3,2,No
CUST-00070,2025-01-29 08:00:00,Natural Soap Set,Personal Care,3,12.25,0.1,33.09,Web,South,Yes,28,23,Plus,No,7.3,2,Yes
CUST-00164,2025-01-30 09:00:00,Everyday Coffee,Beverages,6,8.79,0.0,52.74,Mobile app,South,No,28,34,Essential,Yes,9.0,1,No
CUST-00153,2025-01-30 21:00:00,Desk Notebook,Stationery,1,8.28,0.15,7.04,Web,East,Yes,52,39,Plus,No,9.1,3,No
CUST-00163,2025-02-01 17:00:00,Travel Mug,Accessories,3,23.51,0.0,70.54,Web,West,No,58,37,Plus,Yes,8.4,4,No
CUST-00056,2025-02-01 18:00:00,Granola Pack,Grocery,3,7.29,0.0,21.87,Web,North,No,43,31,Plus,No,7.5,0,No
CUST-00185,2025-02-02 10:00:00,Desk Notebook,Stationery,5,9.25,0.0,46.26,Mobile app,South,Yes,26,27,Essential,Yes,5.0,1,No
CUST-00179,2025-02-02 13:00:00,Natural Soap Set,Personal Care,5,12.6,0.1,56.68,Web,North,Yes,61,30,Plus,Yes,6.7,3,No
CUST-00021,2025-02-02 14:00:00,Wireless Charger,Electronics,1,27.57,0.0,27.57,Web,East,No,64,35,Plus,Yes,8.0,3,No
CUST-00083,2025-02-02 15:00:00,Everyday Coffee,Beverages,3,8.54,0.0,25.62,Mobile app,West,No,23,46,Essential,Yes,6.5,2,No
CUST-00296,2025-02-02 20:00:00,Natural Soap Set,Personal Care,3,13.54,0.0,40.62,Web,North,No,49,29,Premium,No,9.1,1,No
CUST-00242,2025-02-03 20:00:00,Gift Candle,Home,3,17.95,0.0,53.84,Web,North,No,32,15,Essential,Yes,7.7,2,No
CUST-00143,2025-02-03 21:00:00,Natural Soap Set,Personal Care,4,12.7,0.0,50.82,Web,East,No,59,26,Plus,Yes,8.6,1,No
CUST-00036,2025-02-04 16:00:00,Wireless Charger,Electronics,2,29.71,0.0,59.42,Web,South,No,32,47,Essential,No,4.4,3,No
CUST-00053,2025-02-05 13:00:00,Desk Notebook,Stationery,4,9.57,0.0,38.28,Mobile app,South,No,40,44,Plus,No,5.0,0,Yes
CUST-00184,2025-02-05 13:00:00,Cotton Tote,Accessories,1,14.83,0.0,14.83,Mobile app,West,No,55,23,Essential,Yes,5.5,4,Yes
CUST-00202,2025-02-05 21:00:00,Wireless Charger,Electronics,2,31.44,0.0,62.89,Store,North,No,34,29,Essential,Yes,7.1,0,No
CUST-00115,2025-02-06 14:00:00,Wireless Charger,Electronics,2,29.59,0.0,59.18,Mobile app,North,No,37,36,Plus,Yes,7.4,1,No
CUST-00293,2025-02-06 15:00:00,Granola Pack,Grocery,2,6.95,0.1,12.5,Mobile app,East,Yes,57,4,Plus,Yes,6.1,2,No
CUST-00299,2025-02-07 08:00:00,Granola Pack,Grocery,1,6.46,0.0,6.46,Mobile app,East,Yes,38,7,Plus,No,7.7,2,Yes
CUST-00289,2025-02-07 09:00:00,Gift Candle,Home,3,18.7,0.0,56.09,Store,Central,No,47,46,Essential,Yes,7.6,3,No
CUST-00217,2025-02-07 15:00:00,Travel Mug,Accessories,2,21.8,0.0,43.6,Mobile app,South,No,35,8,Plus,No,6.5,3,Yes
CUST-00227,2025-02-07 16:00:00,Phone Stand,Electronics,2,16.72,0.0,33.43,Mobile app,North,No,58,47,Essential,Yes,8.5,0,No
CUST-00091,2025-02-07 18:00:00,Desk Notebook,Stationery,4,8.75,0.0,34.99,Web,Central,No,63,36,Plus,Yes,7.4,3,No
CUST-00202,2025-02-08 09:00:00,Phone Stand,Electronics,6,16.94,0.0,101.66,Store,North,No,34,29,Essential,Yes,7.1,0,No
CUST-00250,2025-02-08 09:00:00,Herbal Tea,Beverages,4,7.16,0.0,28.63,Web,East,No,55,12,Essential,No,8.8,1,Yes
CUST-00237,2025-02-08 12:00:00,Herbal Tea,Beverages,5,7.1,0.0,35.48,Web,South,No,38,33,Premium,Yes,5.6,0,No
CUST-00125,2025-02-08 16:00:00,Phone Stand,Electronics,4,17.62,0.0,70.5,Mobile app,Central,No,38,15,Plus,Yes,8.0,2,No
CUST-00039,2025-02-08 21:00:00,Herbal Tea,Beverages,2,7.09,0.0,14.17,Mobile app,East,No,41,11,Essential,No,6.7,0,Yes
CUST-00256,2025-02-10 11:00:00,Everyday Coffee,Beverages,4,8.09,0.0,32.37,Mobile app,Central,No,50,47,Plus,Yes,8.7,1,No
CUST-00274,2025-02-11 11:00:00,Phone Stand,Electronics,4,19.47,0.05,73.97,Mobile app,North,Yes,43,45,Plus,Yes,10.0,5,No
CUST-00069,2025-02-11 20:00:00,Granola Pack,Grocery,3,6.83,0.0,20.49,Store,North,No,27,25,Premium,Yes,8.3,0,No
CUST-00050,2025-02-12 19:00:00,Herbal Tea,Beverages,4,7.37,0.0,29.49,Store,West,No,30,38,Essential,Yes,8.0,1,No
CUST-00247,2025-02-12 20:00:00,Gift Candle,Home,2,18.64,0.0,37.28,Web,North,No,47,40,Plus,Yes,6.6,0,No
CUST-00109,2025-02-13 11:00:00,Travel Mug,Accessories,3,24.82,0.0,74.46,Web,Central,No,55,42,Essential,No,6.6,0,No
CUST-00299,2025-02-13 13:00:00,Wireless Charger,Electronics,4,28.86,0.0,115.44,Mobile app,East,No,38,7,Plus,No,7.7,2,Yes
CUST-00132,2025-02-13 14:00:00,Natural Soap Set,Personal Care,1,13.01,0.0,13.01,Mobile app,Central,Yes,37,10,Plus,No,10.0,2,Yes
CUST-00231,2025-02-13 19:00:00,Everyday Coffee,Beverages,1,8.68,0.0,8.68,Web,North,No,50,34,Essential,No,6.6,3,No
CUST-00177,2025-02-13 20:00:00,Herbal Tea,Beverages,4,7.4,0.0,29.61,Mobile app,South,No,29,19,Plus,Yes,6.2,2,No
CUST-00015,2025-02-14 09:00:00,Granola Pack,Grocery,2,6.56,0.0,13.12,Mobile app,West,No,63,32,Essential,Yes,4.7,0,No
CUST-00040,2025-02-14 12:00:00,Herbal Tea,Beverages,1,6.98,0.0,6.98,Store,North,No,52,40,Plus,Yes,7.7,1,No
CUST-00055,2025-02-14 13:00:00,Natural Soap Set,Personal Care,4,11.86,0.0,47.46,Store,West,No,64,37,Essential,Yes,6.2,0,No
CUST-00153,2025-02-14 15:00:00,Gift Candle,Home,7,17.69,0.0,123.83,Web,East,No,52,39,Plus,No,9.1,3,No
CUST-00301,2025-02-14 15:00:00,Cotton Tote,Accessories,4,13.83,0.0,55.33,Mobile app,North,No,61,40,Essential,No,6.6,1,No
CUST-00138,2025-02-14 18:00:00,Wireless Charger,Electronics,3,25.68,0.0,77.05,Web,Central,No,52,44,Plus,Yes,3.6,1,No
CUST-00074,2025-02-15 11:00:00,Desk Notebook,Stationery,2,8.36,0.0,16.72,Mobile app,South,No,21,42,Premium,Yes,7.8,2,No
CUST-00166,2025-02-15 11:00:00,Herbal Tea,Beverages,1,7.0,0.0,7.0,Web,Central,No,59,34,Plus,No,6.4,2,Yes
CUST-00033,2025-02-15 19:00:00,Desk Notebook,Stationery,4,8.81,0.0,35.25,Mobile app,South,No,41,17,Essential,Yes,6.5,2,No
CUST-00037,2025-02-16 08:00:00,Granola Pack,Grocery,3,6.94,0.05,19.78,Web,East,Yes,55,27,Plus,No,9.1,1,Yes
CUST-00282,2025-02-16 09:00:00,Natural Soap Set,Personal Care,5,12.87,0.0,64.36,Mobile app,South,No,48,24,Plus,No,7.2,1,Yes
CUST-00317,2025-02-16 13:00:00,Desk Notebook,Stationery,8,9.27,0.0,74.14,Web,West,No,41,40,Premium,Yes,3.8,2,No
CUST-00253,2025-02-16 14:00:00,Cotton Tote,Accessories,5,14.16,0.0,70.81,Web,North,No,33,13,Essential,No,7.6,0,Yes
CUST-00263,2025-02-16 18:00:00,Everyday Coffee,Beverages,1,7.96,0.0,7.96,Web,East,No,65,12,Plus,No,7.1,1,Yes
CUST-00076,2025-02-16 20:00:00,Cotton Tote,Accessories,5,13.89,0.0,69.45,Web,South,No,63,32,Premium,Yes,5.3,3,No
CUST-00131,2025-02-17 11:00:00,Gift Candle,Home,4,17.63,0.0,70.53,Web,South,No,66,30,Essential,Yes,5.9,1,No
CUST-00137,2025-02-17 11:00:00,Everyday Coffee,Beverages,1,9.07,0.0,9.07,Mobile app,North,No,40,10,Plus,Yes,4.9,4,Yes
CUST-00236,2025-02-17 18:00:00,Cotton Tote,Accessories,2,15.07,0.0,30.14,Store,Central,No,63,48,Premium,Yes,4.0,4,No
CUST-00127,2025-02-18 08:00:00,Granola Pack,Grocery,3,6.52,0.0,19.56,Mobile app,North,No,22,16,Premium,Yes,7.8,0,No
CUST-00317,2025-02-18 12:00:00,Herbal Tea,Beverages,6,7.88,0.0,47.28,Web,West,No,41,40,Premium,Yes,3.8,2,No
CUST-00185,2025-02-18 16:00:00,Granola Pack,Grocery,4,7.02,0.0,28.09,Mobile app,South,No,26,27,Essential,Yes,5.0,1,No
CUST-00037,2025-02-19 13:00:00,Gift Candle,Home,4,16.74,0.0,66.95,Web,East,No,55,27,Plus,No,9.1,1,Yes
CUST-00290,2025-02-19 15:00:00,Phone Stand,Electronics,1,18.08,0.0,18.08,Store,East,No,38,41,Essential,No,6.8,1,No
CUST-00305,2025-02-19 21:00:00,Cotton Tote,Accessories,3,14.2,0.0,42.61,Web,West,No,65,36,Essential,Yes,10.0,3,No
CUST-00289,2025-02-20 11:00:00,Granola Pack,Grocery,3,7.1,0.0,21.29,Store,Central,No,47,46,Essential,Yes,7.6,3,No
CUST-00119,2025-02-20 14:00:00,Wireless Charger,Electronics,1,25.69,0.0,25.69,Store,South,No,65,3,Essential,Yes,7.4,0,Yes
CUST-00094,2025-02-20 16:00:00,Everyday Coffee,Beverages,5,8.19,0.0,40.94,Web,South,No,54,45,Essential,No,9.3,2,No
CUST-00174,2025-02-21 10:00:00,Granola Pack,Grocery,5,7.04,0.0,35.2,Mobile app,North,No,22,44,Plus,Yes,6.3,3,No
CUST-00268,2025-02-21 16:00:00,Granola Pack,Grocery,3,6.38,0.0,19.14,Store,East,No,43,43,Essential,Yes,8.5,2,No
CUST-00079,2025-02-21 18:00:00,Gift Candle,Home,7,17.94,0.1,113.03,Web,South,Yes,38,2,Plus,Yes,7.9,1,Yes
CUST-00138,2025-02-21 18:00:00,Phone Stand,Electronics,1,18.2,0.0,18.2,Web,Central,No,52,44,Plus,Yes,3.6,1,No
CUST-00054,2025-02-22 10:00:00,Cotton Tote,Accessories,2,14.16,0.0,28.33,Mobile app,North,No,32,17,Essential,Yes,10.0,2,No
CUST-00109,2025-02-22 13:00:00,Phone Stand,Electronics,7,16.77,0.0,117.4,Web,Central,No,55,42,Essential,No,6.6,0,No
CUST-00246,2025-02-23 10:00:00,Cotton Tote,Accessories,2,14.33,0.0,28.66,Mobile app,South,No,30,18,Essential,No,7.0,1,Yes
CUST-00119,2025-02-23 13:00:00,Phone Stand,Electronics,4,18.69,0.0,74.76,Store,South,No,65,3,Essential,Yes,7.4,0,Yes
CUST-00221,2025-02-23 16:00:00,Wireless Charger,Electronics,6,28.3,0.0,169.8,Mobile app,North,No,68,19,Premium,Yes,6.8,4,No
CUST-00147,2025-02-23 18:00:00,Natural Soap Set,Personal Care,4,13.19,0.0,52.75,Store,North,No,43,21,Essential,Yes,6.0,2,No
CUST-00262,2025-02-24 08:00:00,Travel Mug,Accessories,2,21.98,0.0,43.96,Web,Central,No,59,24,Essential,No,7.8,1,Yes
CUST-00072,2025-02-24 09:00:00,Gift Candle,Home,1,17.24,0.0,17.24,Web,South,Yes,67,27,Plus,Yes,8.6,1,No
CUST-00183,2025-02-24 12:00:00,Cotton Tote,Accessories,4,13.68,0.0,54.72,Mobile app,West,No,42,46,Essential,No,7.0,3,No
CUST-00245,2025-02-24 19:00:00,Everyday Coffee,Beverages,6,8.81,0.0,52.89,Mobile app,West,No,43,8,Essential,No,7.2,3,Yes
CUST-00319,2025-02-24 20:00:00,Gift Candle,Home,2,17.79,0.0,35.58,Mobile app,East,No,39,30,Plus,No,7.4,2,Yes
CUST-00053,2025-02-25 10:00:00,Wireless Charger,Electronics,2,29.74,0.0,59.48,Mobile app,South,Yes,40,44,Plus,No,5.0,0,Yes
CUST-00010,2025-02-25 13:00:00,Herbal Tea,Beverages,9,6.66,0.0,59.91,Mobile app,North,No,27,29,Premium,No,7.7,1,No
CUST-00132,2025-02-25 15:00:00,Wireless Charger,Electronics,2,29.67,0.0,59.34,Mobile app,Central,No,37,10,Plus,No,10.0,2,Yes
CUST-00035,2025-02-25 16:00:00,Natural Soap Set,Personal Care,3,12.68,0.0,38.05,Web,South,No,58,12,Essential,Yes,8.5,2,No
CUST-00287,2025-02-26 08:00:00,Wireless Charger,Electronics,1,30.13,0.0,30.13,Mobile app,South,No,39,14,Premium,No,9.6,1,Yes
CUST-00306,2025-02-26 11:00:00,Gift Candle,Home,6,18.62,0.0,111.73,Mobile app,North,No,56,48,Plus,Yes,6.2,3,No
CUST-00014,2025-02-26 13:00:00,Travel Mug,Accessories,5,21.94,0.0,109.71,Web,North,No,64,35,Premium,Yes,9.3,1,No
CUST-00212,2025-02-27 16:00:00,Desk Notebook,Stationery,4,9.8,0.05,37.24,Web,West,Yes,50,26,Plus,Yes,4.5,1,No
CUST-00079,2025-02-27 20:00:00,Phone Stand,Electronics,2,17.51,0.0,35.01,Web,South,No,38,2,Plus,Yes,7.9,1,Yes
CUST-00272,2025-03-01 11:00:00,Everyday Coffee,Beverages,4,8.46,0.0,33.85,Mobile app,North,No,22,38,Essential,Yes,8.1,2,No
CUST-00002,2025-03-01 15:00:00,Desk Notebook,Stationery,1,9.11,0.0,9.11,Mobile app,West,No,68,4,Essential,Yes,2.0,3,Yes
CUST-00063,2025-03-01 16:00:00,Natural Soap Set,Personal Care,4,12.72,0.0,50.87,Mobile app,West,No,45,15,Plus,Yes,7.9,2,No
CUST-00019,2025-03-01 21:00:00,Travel Mug,Accessories,2,20.97,0.0,41.93,Web,North,No,52,6,Essential,Yes,6.7,2,No
CUST-00023,2025-03-02 10:00:00,Everyday Coffee,Beverages,4,7.94,0.0,31.75,Mobile app,South,No,66,35,Plus,No,4.6,2,Yes
CUST-00110,2025-03-02 11:00:00,Cotton Tote,Accessories,5,14.09,0.0,70.43,Mobile app,West,No,50,36,Plus,Yes,7.6,1,No
CUST-00216,2025-03-02 17:00:00,Wireless Charger,Electronics,3,27.75,0.0,83.24,Mobile app,North,No,60,11,Essential,No,8.0,1,Yes
CUST-00148,2025-03-02 19:00:00,Gift Candle,Home,3,17.71,0.0,53.13,Web,North,No,65,9,Essential,Yes,7.6,2,No
CUST-00295,2025-03-03 16:00:00,Desk Notebook,Stationery,2,8.73,0.0,17.46,Mobile app,West,No,64,30,Essential,Yes,7.7,0,No
CUST-00259,2025-03-04 10:00:00,Herbal Tea,Beverages,3,6.7,0.0,20.1,Web,South,No,64,11,Essential,Yes,9.3,3,No
CUST-00305,2025-03-04 18:00:00,Desk Notebook,Stationery,3,8.82,0.0,26.45,Web,West,No,65,36,Essential,Yes,10.0,3,No
CUST-00213,2025-03-04 20:00:00,Everyday Coffee,Beverages,4,8.0,0.0,32.02,Web,East,No,55,41,Essential,Yes,5.7,1,No
CUST-00037,2025-03-05 19:00:00,Herbal Tea,Beverages,4,6.94,0.0,27.77,Web,East,No,55,27,Plus,No,9.1,1,Yes
CUST-00303,2025-03-05 19:00:00,Travel Mug,Accessories,4,20.0,0.0,80.01,Store,North,No,23,43,Essential,Yes,4.5,3,No
CUST-00179,2025-03-05 20:00:00,Gift Candle,Home,4,17.47,0.0,69.89,Web,North,Yes,61,30,Plus,Yes,6.7,3,No
CUST-00109,2025-03-06 14:00:00,Gift Candle,Home,3,18.25,0.0,54.74,Web,Central,No,55,42,Essential,No,6.6,0,No
CUST-00279,2025-03-07 09:00:00,Natural Soap Set,Personal Care,5,12.97,0.0,64.87,Web,South,No,39,10,Plus,Yes,7.3,0,No
CUST-00073,2025-03-07 16:00:00,Natural Soap Set,Personal Care,1,13.41,0.0,13.41,Web,South,No,23,35,Plus,Yes,7.1,2,No
CUST-00254,2025-03-08 08:00:00,Phone Stand,Electronics,3,16.46,0.0,49.38,Mobile app,Central,Yes,53,16,Plus,No,6.8,0,Yes
CUST-00256,2025-03-08 09:00:00,Desk Notebook,Stationery,6,8.73,0.0,52.4,Mobile app,Central,No,50,47,Plus,Yes,8.7,1,No
CUST-00260,2025-03-08 11:00:00,Phone Stand,Electronics,3,17.2,0.0,51.61,Web,West,No,39,43,Plus,Yes,6.5,0,No
CUST-00269,2025-03-08 15:00:00,Granola Pack,Grocery,6,6.86,0.0,41.17,Web,Central,No,40,34,Plus,Yes,6.0,1,No
CUST-00266,2025-03-08 18:00:00,Desk Notebook,Stationery,3,8.77,0.0,26.31,Web,East,No,62,18,Essential,Yes,5.5,1,Yes
CUST-00154,2025-03-09 10:00:00,Wireless Charger,Electronics,5,29.69,0.0,148.45,Mobile app,West,No,25,26,Premium,Yes,3.4,1,No
CUST-00116,2025-03-09 13:00:00,Natural Soap Set,Personal Care,3,12.49,0.0,37.48,Store,North,No,55,23,Essential,Yes,8.1,0,No
CUST-00154,2025-03-09 14:00:00,Natural Soap Set,Personal Care,5,12.43,0.0,62.13,Mobile app,West,No,25,26,Premium,Yes,3.4,1,No
CUST-00216,2025-03-09 14:00:00,Wireless Charger,Electronics,3,26.98,0.0,80.95,Mobile app,North,No,60,11,Essential,No,8.0,1,Yes
CUST-00195,2025-03-10 08:00:00,Granola Pack,Grocery,2,6.58,0.0,13.16,Mobile app,West,No,25,31,Premium,Yes,6.1,2,No
CUST-00213,2025-03-10 09:00:00,Herbal Tea,Beverages,5,7.23,0.0,36.17,Web,East,No,55,41,Essential,Yes,5.7,1,No
CUST-00234,2025-03-10 14:00:00,Travel Mug,Accessories,4,23.02,0.0,92.07,Mobile app,West,No,59,38,Plus,Yes,9.3,2,No
CUST-00039,2025-03-10 15:00:00,Travel Mug,Accessories,2,21.14,0.0,42.28,Mobile app,East,No,41,11,Essential,No,6.7,0,Yes
CUST-00227,2025-03-10 17:00:00,Travel Mug,Accessories,4,21.2,0.0,84.8,Mobile app,North,No,58,47,Essential,Yes,8.5,0,No
CUST-00283,2025-03-12 08:00:00,Granola Pack,Grocery,3,6.31,0.0,18.94,Mobile app,North,No,25,2,Essential,Yes,9.2,0,Yes
CUST-00022,2025-03-12 10:00:00,Wireless Charger,Electronics,6,28.71,0.0,172.24,Mobile app,West,No,60,44,Premium,Yes,9.3,2,No
CUST-00309,2025-03-12 11:00:00,Everyday Coffee,Beverages,1,7.77,0.0,7.77,Store,South,No,46,46,Essential,Yes,8.1,0,No
CUST-00243,2025-03-12 12:00:00,Everyday Coffee,Beverages,6,8.07,0.0,48.42,Store,East,No,28,34,Plus,Yes,7.0,1,No
CUST-00215,2025-03-12 14:00:00,Granola Pack,Grocery,1,6.73,0.0,6.73,Mobile app,South,No,51,2,Essential,No,5.8,1,Yes
CUST-00271,2025-03-12 17:00:00,Everyday Coffee,Beverages,1,7.98,0.0,7.98,Web,West,No,60,23,Plus,Yes,8.1,4,Yes
CUST-00314,2025-03-12 19:00:00,Travel Mug,Accessories,6,20.85,0.0,125.12,Web,East,No,24,27,Premium,No,5.3,1,Yes
CUST-00166,2025-03-13 11:00:00,Wireless Charger,Electronics,4,27.93,0.0,111.72,Web,Central,No,59,34,Plus,No,6.4,2,Yes
CUST-00147,2025-03-13 12:00:00,Travel Mug,Accessories,2,22.36,0.0,44.72,Store,North,No,43,21,Essential,Yes,6.0,2,No
CUST-00183,2025-03-14 12:00:00,Travel Mug,Accessories,2,22.55,0.0,45.11,Mobile app,West,No,42,46,Essential,No,7.0,3,No
CUST-00049,2025-03-14 16:00:00,Phone Stand,Electronics,3,16.77,0.0,50.31,Web,East,No,62,22,Plus,No,7.5,0,Yes
CUST-00104,2025-03-14 18:00:00,Desk Notebook,Stationery,1,9.24,0.0,9.24,Web,South,No,22,40,Essential,Yes,9.3,1,No
CUST-00164,2025-03-14 19:00:00,Gift Candle,Home,6,17.93,0.0,107.6,Mobile app,South,No,28,34,Essential,Yes,9.0,1,No
CUST-00109,2025-03-15 10:00:00,Everyday Coffee,Beverages,3,9.02,0.0,27.05,Web,Central,No,55,42,Essential,No,6.6,0,No
CUST-00208,2025-03-15 15:00:00,Wireless Charger,Electronics,1,30.68,0.0,30.68,Store,West,No,50,25,Plus,No,7.3,1,Yes
CUST-00245,2025-03-15 15:00:00,Natural Soap Set,Personal Care,4,11.82,0.05,44.92,Mobile app,West,Yes,43,8,Essential,No,7.2,3,Yes
CUST-00031,2025-03-15 19:00:00,Desk Notebook,Stationery,3,8.69,0.0,26.08,Mobile app,South,No,49,25,Essential,Yes,5.1,2,No
CUST-00233,2025-03-16 08:00:00,Granola Pack,Grocery,2,7.15,0.0,14.3,Mobile app,South,No,43,21,Plus,Yes,6.1,1,No
CUST-00003,2025-03-16 12:00:00,Desk Notebook,Stationery,1,8.9,0.0,8.9,Web,North,No,60,9,Essential,Yes,7.9,0,No
CUST-00139,2025-03-16 13:00:00,Wireless Charger,Electronics,5,28.84,0.0,144.21,Web,South,No,40,37,Essential,Yes,5.4,4,Yes
CUST-00241,2025-03-16 16:00:00,Desk Notebook,Stationery,4,8.65,0.0,34.59,Web,North,No,30,22,Premium,Yes,5.5,1,No
CUST-00262,2025-03-16 17:00:00,Natural Soap Set,Personal Care,2,12.37,0.0,24.74,Web,Central,No,59,24,Essential,No,7.8,1,Yes
CUST-00089,2025-03-16 21:00:00,Natural Soap Set,Personal Care,3,13.0,0.0,39.0,Mobile app,West,No,35,10,Plus,Yes,6.7,2,No
CUST-00107,2025-03-17 11:00:00,Wireless Charger,Electronics,2,27.55,0.0,55.1,Mobile app,West,No,36,33,Essential,No,6.8,0,No
CUST-00108,2025-03-17 11:00:00,Desk Notebook,Stationery,2,8.56,0.1,15.41,Store,North,Yes,22,30,Essential,Yes,7.6,2,No
CUST-00218,2025-03-17 12:00:00,Natural Soap Set,Personal Care,2,13.05,0.0,26.11,Web,South,No,51,24,Premium,Yes,7.7,3,No
CUST-00250,2025-03-17 15:00:00,Granola Pack,Grocery,5,6.68,0.0,33.41,Web,East,No,55,12,Essential,No,8.8,1,Yes
CUST-00194,2025-03-17 18:00:00,Natural Soap Set,Personal Care,7,12.29,0.0,86.02,Web,West,No,47,43,Essential,Yes,8.1,2,No
CUST-00019,2025-03-17 21:00:00,Travel Mug,Accessories,2,23.16,0.0,46.32,Web,North,No,52,6,Essential,Yes,6.7,2,No
CUST-00090,2025-03-18 14:00:00,Desk Notebook,Stationery,3,9.37,0.0,28.1,Web,West,No,62,19,Plus,No,6.7,3,Yes
CUST-00015,2025-03-18 17:00:00,Everyday Coffee,Beverages,4,8.86,0.0,35.42,Mobile app,West,No,63,32,Essential,Yes,4.7,0,No
CUST-00182,2025-03-20 16:00:00,Granola Pack,Grocery,4,6.96,0.0,27.83,Web,West,No,64,43,Premium,Yes,8.7,0,No
CUST-00061,2025-03-20 17:00:00,Granola Pack,Grocery,4,6.54,0.0,26.17,Web,West,No,30,37,Essential,Yes,8.2,0,No
CUST-00105,2025-03-21 11:00:00,Desk Notebook,Stationery,4,8.92,0.0,35.69,Web,West,No,23,38,Essential,No,8.6,1,No
CUST-00138,2025-03-21 11:00:00,Herbal Tea,Beverages,3,6.79,0.0,20.38,Web,Central,No,52,44,Plus,Yes,3.6,1,No
CUST-00161,2025-03-21 17:00:00,Natural Soap Set,Personal Care,3,12.45,0.0,37.36,Mobile app,South,No,56,44,Essential,Yes,7.1,0,No
CUST-00158,2025-03-21 20:00:00,Desk Notebook,Stationery,2,8.75,0.0,17.5,Store,East,No,49,10,Plus,No,7.3,1,Yes
CUST-00075,2025-03-22 10:00:00,Cotton Tote,Accessories,2,15.0,0.0,30.01,Web,East,No,28,38,Essential,No,6.9,1,No
CUST-00059,2025-03-22 15:00:00,Gift Candle,Home,5,19.41,0.0,97.06,Mobile app,Central,No,54,33,Plus,No,7.6,0,No
CUST-00018,2025-03-22 16:00:00,Phone Stand,Electronics,4,16.39,0.0,65.56,Web,West,No,45,32,Essential,Yes,4.6,0,No
CUST-00083,2025-03-22 21:00:00,Everyday Coffee,Beverages,3,8.59,0.0,25.78,Mobile app,West,No,23,46,Essential,Yes,6.5,2,No
CUST-00148,2025-03-23 12:00:00,Desk Notebook,Stationery,3,9.37,0.0,28.12,Web,North,No,65,9,Essential,Yes,7.6,2,No
CUST-00298,2025-03-23 14:00:00,Natural Soap Set,Personal Care,4,12.6,0.05,47.88,Web,East,Yes,42,3,Plus,Yes,6.4,3,Yes
CUST-00096,2025-03-25 12:00:00,Desk Notebook,Stationery,6,8.61,0.0,51.63,Mobile app,West,No,39,34,Essential,No,7.0,0,Yes
CUST-00157,2025-03-26 12:00:00,Desk Notebook,Stationery,2,9.43,0.0,18.86,Store,East,No,62,44,Premium,No,5.3,1,No
CUST-00096,2025-03-26 13:00:00,Granola Pack,Grocery,6,6.96,0.0,41.75,Mobile app,West,No,39,34,Essential,No,7.0,0,Yes
CUST-00074,2025-03-26 15:00:00,Everyday Coffee,Beverages,5,9.06,0.0,45.32,Mobile app,South,No,21,42,Premium,Yes,7.8,2,No
CUST-00292,2025-03-27 11:00:00,Herbal Tea,Beverages,2,7.57,0.0,15.14,Store,Central,No,33,35,Essential,Yes,5.5,2,No
CUST-00182,2025-03-27 14:00:00,Travel Mug,Accessories,3,20.3,0.0,60.91,Web,West,No,64,43,Premium,Yes,8.7,0,No
CUST-00312,2025-03-27 17:00:00,Cotton Tote,Accessories,6,14.1,0.0,84.61,Store,North,No,40,15,Plus,No,7.2,1,Yes
CUST-00081,2025-03-28 13:00:00,Granola Pack,Grocery,4,6.8,0.0,27.2,Store,North,No,21,23,Plus,Yes,5.7,0,Yes
CUST-00179,2025-03-28 16:00:00,Everyday Coffee,Beverages,1,8.57,0.0,8.57,Web,North,No,61,30,Plus,Yes,6.7,3,No
CUST-00193,2025-03-29 17:00:00,Natural Soap Set,Personal Care,2,13.07,0.0,26.14,Web,South,Yes,38,12,Plus,Yes,9.1,1,No
CUST-00161,2025-03-29 19:00:00,Travel Mug,Accessories,6,23.45,0.0,140.71,Mobile app,South,Yes,56,44,Essential,Yes,7.1,0,No
CUST-00243,2025-03-30 12:00:00,Natural Soap Set,Personal Care,2,12.77,0.0,25.55,Store,East,No,28,34,Plus,Yes,7.0,1,No
CUST-00173,2025-03-30 15:00:00,Phone Stand,Electronics,3,16.96,0.0,50.89,Web,North,No,27,13,Essential,No,7.5,2,Yes
CUST-00311,2025-03-30 15:00:00,Wireless Charger,Electronics,4,29.67,0.0,118.69,Mobile app,North,No,21,40,Essential,Yes,4.9,3,No
CUST-00012,2025-03-30 17:00:00,Herbal Tea,Beverages,5,7.54,0.0,37.72,Web,West,No,63,18,Essential,No,3.9,2,Yes
CUST-00187,2025-03-30 17:00:00,Desk Notebook,Stationery,3,8.86,0.0,26.59,Web,South,No,40,38,Essential,Yes,6.5,3,No
CUST-00192,2025-03-30 19:00:00,Phone Stand,Electronics,3,17.46,0.05,49.76,Mobile app,East,Yes,50,42,Plus,No,8.9,1,No
CUST-00122,2025-03-30 20:00:00,Granola Pack,Grocery,4,6.03,0.0,24.12,Web,North,No,44,28,Plus,No,6.8,1,No
CUST-00317,2025-04-01 20:00:00,Desk Notebook,Stationery,3,8.81,0.0,26.42,Web,West,No,41,40,Premium,Yes,3.8,2,No
CUST-00017,2025-04-02 08:00:00,Desk Notebook,Stationery,2,8.71,0.0,17.42,Mobile app,South,No,32,28,Premium,Yes,8.4,0,No
CUST-00099,2025-04-02 11:00:00,Gift Candle,Home,5,19.86,0.0,99.32,Store,West,No,52,15,Premium,Yes,5.8,0,No
CUST-00145,2025-04-02 14:00:00,Everyday Coffee,Beverages,3,8.21,0.0,24.64,Web,South,No,62,22,Essential,No,8.6,1,Yes
CUST-00270,2025-04-03 10:00:00,Everyday Coffee,Beverages,4,7.79,0.15,26.5,Store,South,Yes,54,13,Premium,Yes,7.1,1,No
CUST-00026,2025-04-03 11:00:00,Granola Pack,Grocery,5,6.88,0.0,34.38,Store,North,No,22,38,Premium,Yes,6.2,0,No
CUST-00283,2025-04-03 18:00:00,Travel Mug,Accessories,4,23.69,0.0,94.77,Mobile app,North,No,25,2,Essential,Yes,9.2,0,Yes
CUST-00316,2025-04-03 18:00:00,Travel Mug,Accessories,4,22.49,0.15,76.46,Mobile app,East,Yes,32,45,Premium,No,8.7,2,No
CUST-00013,2025-04-04 08:00:00,Desk Notebook,Stationery,5,9.94,0.0,49.71,Mobile app,South,No,46,9,Plus,No,6.7,2,Yes
CUST-00081,2025-04-04 08:00:00,Natural Soap Set,Personal Care,1,12.43,0.0,12.43,Store,North,No,21,23,Plus,Yes,5.7,0,Yes
CUST-00056,2025-04-04 09:00:00,Desk Notebook,Stationery,1,8.14,0.0,8.14,Web,North,No,43,31,Plus,No,7.5,0,No
CUST-00102,2025-04-04 10:00:00,Desk Notebook,Stationery,2,8.85,0.0,17.71,Web,North,No,49,12,Plus,Yes,9.3,0,No
CUST-00068,2025-04-04 11:00:00,Granola Pack,Grocery,6,6.74,0.0,40.44,Store,South,No,43,22,Plus,Yes,6.7,3,No
CUST-00246,2025-04-04 15:00:00,Travel Mug,Accessories,2,23.22,0.0,46.45,Mobile app,South,No,30,18,Essential,No,7.0,1,Yes
CUST-00047,2025-04-05 08:00:00,Herbal Tea,Beverages,3,6.74,0.0,20.21,Mobile app,Central,No,30,9,Plus,Yes,10.0,3,No
CUST-00054,2025-04-05 10:00:00,Travel Mug,Accessories,3,21.7,0.0,65.09,Mobile app,North,Yes,32,17,Essential,Yes,10.0,2,No
CUST-00269,2025-04-05 10:00:00,Natural Soap Set,Personal Care,3,11.87,0.0,35.61,Web,Central,No,40,34,Plus,Yes,6.0,1,No
CUST-00003,2025-04-05 11:00:00,Herbal Tea,Beverages,4,7.19,0.0,28.76,Web,North,No,60,9,Essential,Yes,7.9,0,No
CUST-00008,2025-04-05 18:00:00,Phone Stand,Electronics,1,17.19,0.0,17.19,Store,North,No,49,24,Plus,Yes,9.1,1,No
CUST-00163,2025-04-05 19:00:00,Desk Notebook,Stationery,3,9.55,0.0,28.64,Web,West,No,58,37,Plus,Yes,8.4,4,No
CUST-00233,2025-04-05 20:00:00,Travel Mug,Accessories,2,21.68,0.0,43.35,Mobile app,South,No,43,21,Plus,Yes,6.1,1,No
CUST-00187,2025-04-06 15:00:00,Wireless Charger,Electronics,3,29.03,0.0,87.09,Web,South,No,40,38,Essential,Yes,6.5,3,No
CUST-00187,2025-04-06 20:00:00,Everyday Coffee,Beverages,2,8.85,0.0,17.69,Web,South,No,40,38,Essential,Yes,6.5,3,No
CUST-00140,2025-04-07 08:00:00,Cotton Tote,Accessories,6,14.24,0.0,85.43,Mobile app,Central,Yes,52,31,Plus,Yes,6.6,2,No
CUST-00221,2025-04-07 12:00:00,Desk Notebook,Stationery,6,9.25,0.0,55.49,Mobile app,North,No,68,19,Premium,Yes,6.8,4,No
CUST-00218,2025-04-07 16:00:00,Phone Stand,Electronics,6,18.09,0.0,108.55,Web,South,No,51,24,Premium,Yes,7.7,3,No
CUST-00113,2025-04-07 17:00:00,Travel Mug,Accessories,5,21.53,0.0,107.66,Web,Central,No,55,21,Essential,Yes,8.7,0,No
CUST-00240,2025-04-07 17:00:00,Granola Pack,Grocery,1,6.7,0.0,6.7,Web,West,Yes,61,40,Essential,Yes,9.5,2,No
CUST-00184,2025-04-08 11:00:00,Wireless Charger,Electronics,2,27.96,0.0,55.92,Mobile app,West,No,55,23,Essential,Yes,5.5,4,Yes
CUST-00051,2025-04-08 15:00:00,Travel Mug,Accessories,1,22.62,0.0,22.62,Web,West,No,42,47,Premium,Yes,5.0,0,No
CUST-00085,2025-04-09 09:00:00,Everyday Coffee,Beverages,4,8.56,0.0,34.24,Store,West,No,28,48,Essential,Yes,6.5,2,No
CUST-00099,2025-04-09 17:00:00,Granola Pack,Grocery,3,6.82,0.0,20.47,Store,West,No,52,15,Premium,Yes,5.8,0,No
CUST-00084,2025-04-10 10:00:00,Gift Candle,Home,3,17.48,0.0,52.45,Store,East,No,63,23,Essential,Yes,7.3,1,No
CUST-00041,2025-04-10 14:00:00,Cotton Tote,Accessories,3,15.5,0.1,41.86,Store,Central,Yes,47,14,Essential,No,8.2,2,Yes
CUST-00090,2025-04-10 17:00:00,Herbal Tea,Beverages,3,7.72,0.0,23.17,Web,West,No,62,19,Plus,No,6.7,3,Yes
CUST-00107,2025-04-11 14:00:00,Everyday Coffee,Beverages,6,8.43,0.0,50.56,Mobile app,West,Yes,36,33,Essential,No,6.8,0,No
CUST-00298,2025-04-11 18:00:00,Cotton Tote,Accessories,1,15.3,0.0,15.3,Web,East,No,42,3,Plus,Yes,6.4,3,Yes
CUST-00280,2025-04-11 20:00:00,Desk Notebook,Stationery,4,8.79,0.0,35.15,Store,Central,No,26,3,Essential,Yes,8.6,3,Yes
CUST-00186,2025-04-11 21:00:00,Granola Pack,Grocery,1,7.05,0.0,7.05,Web,West,No,65,27,Premium,No,8.7,1,No
CUST-00307,2025-04-12 08:00:00,Everyday Coffee,Beverages,5,8.1,0.0,40.51,Store,West,No,28,38,Plus,Yes,4.0,1,No
CUST-00221,2025-04-12 13:00:00,Travel Mug,Accessories,3,22.37,0.0,67.1,Mobile app,North,No,68,19,Premium,Yes,6.8,4,No
CUST-00263,2025-04-12 20:00:00,Everyday Coffee,Beverages,1,8.0,0.0,8.0,Web,East,No,65,12,Plus,No,7.1,1,Yes
CUST-00236,2025-04-13 09:00:00,Wireless Charger,Electronics,3,30.51,0.05,86.95,Store,Central,Yes,63,48,Premium,Yes,4.0,4,No
CUST-00021,2025-04-13 17:00:00,Natural Soap Set,Personal Care,5,11.88,0.0,59.39,Web,East,No,64,35,Plus,Yes,8.0,3,No
CUST-00302,2025-04-13 19:00:00,Travel Mug,Accessories,3,23.71,0.0,71.14,Web,South,No,46,7,Essential,No,5.4,2,Yes
CUST-00018,2025-04-14 18:00:00,Gift Candle,Home,1,16.96,0.0,16.96,Web,West,No,45,32,Essential,Yes,4.6,0,No
CUST-00086,2025-04-15 11:00:00,Everyday Coffee,Beverages,4,8.18,0.0,32.71,Mobile app,North,No,37,48,Essential,Yes,5.0,1,No
CUST-00282,2025-04-15 18:00:00,Everyday Coffee,Beverages,7,8.39,0.0,58.72,Mobile app,South,No,48,24,Plus,No,7.2,1,Yes
CUST-00073,2025-04-15 20:00:00,Natural Soap Set,Personal Care,1,12.46,0.0,12.46,Web,South,Yes,23,35,Plus,Yes,7.1,2,No
CUST-00195,2025-04-15 21:00:00,Herbal Tea,Beverages,1,7.45,0.0,7.45,Mobile app,West,No,25,31,Premium,Yes,6.1,2,No
CUST-00063,2025-04-16 12:00:00,Travel Mug,Accessories,6,21.27,0.0,127.65,Mobile app,West,Yes,45,15,Plus,Yes,7.9,2,No
CUST-00026,2025-04-16 14:00:00,Wireless Charger,Electronics,6,29.16,0.0,174.95,Store,North,No,22,38,Premium,Yes,6.2,0,No
CUST-00101,2025-04-16 16:00:00,Desk Notebook,Stationery,4,9.23,0.0,36.91,Mobile app,Central,No,40,2,Essential,Yes,5.9,3,Yes
CUST-00135,2025-04-16 18:00:00,Granola Pack,Grocery,3,7.02,0.0,21.07,Web,West,No,26,18,Premium,No,7.4,0,No
CUST-00256,2025-04-16 18:00:00,Wireless Charger,Electronics,2,27.45,0.0,54.9,Mobile app,Central,No,50,47,Plus,Yes,8.7,1,No
CUST-00269,2025-04-17 11:00:00,Travel Mug,Accessories,6,22.9,0.0,137.41,Web,Central,Yes,40,34,Plus,Yes,6.0,1,No
CUST-00197,2025-04-17 14:00:00,Gift Candle,Home,3,18.26,0.0,54.77,Web,South,No,63,35,Premium,Yes,6.6,0,No
CUST-00157,2025-04-17 19:00:00,Cotton Tote,Accessories,2,14.35,0.0,28.7,Store,East,No,62,44,Premium,No,5.3,1,No
CUST-00086,2025-04-18 13:00:00,Natural Soap Set,Personal Care,1,13.35,0.0,13.35,Mobile app,North,Yes,37,48,Essential,Yes,5.0,1,No
CUST-00083,2025-04-18 14:00:00,Cotton Tote,Accessories,5,14.76,0.0,73.79,Mobile app,West,No,23,46,Essential,Yes,6.5,2,No
CUST-00208,2025-04-18 14:00:00,Phone Stand,Electronics,2,16.45,0.0,32.91,Store,West,No,50,25,Plus,No,7.3,1,Yes
CUST-00224,2025-04-19 12:00:00,Gift Candle,Home,5,17.08,0.15,72.6,Store,South,Yes,28,9,Essential,No,8.6,1,Yes
CUST-00284,2025-04-19 16:00:00,Granola Pack,Grocery,4,6.25,0.0,25.01,Mobile app,West,Yes,59,2,Plus,Yes,7.1,3,Yes
CUST-00005,2025-04-20 10:00:00,Everyday Coffee,Beverages,2,8.66,0.0,17.32,Store,South,No,49,20,Plus,No,6.7,0,Yes
CUST-00205,2025-04-21 13:00:00,Everyday Coffee,Beverages,3,8.27,0.0,24.8,Web,East,No,31,29,Plus,Yes,8.0,1,No
CUST-00251,2025-04-21 21:00:00,Cotton Tote,Accessories,1,13.6,0.0,13.6,Web,West,No,63,37,Plus,Yes,7.2,3,No
CUST-00028,2025-04-23 12:00:00,Everyday Coffee,Beverages,9,8.29,0.0,74.62,Web,North,No,42,5,Plus,Yes,4.6,2,Yes
CUST-00320,2025-04-23 14:00:00,Phone Stand,Electronics,1,17.88,0.0,17.88,Store,North,No,65,6,Plus,Yes,7.7,3,No
CUST-00058,2025-04-23 21:00:00,Cotton Tote,Accessories,6,13.77,0.0,82.6,Store,North,No,45,39,Essential,Yes,7.6,0,No
CUST-00027,2025-04-24 09:00:00,Travel Mug,Accessories,3,23.49,0.0,70.46,Mobile app,South,No,48,6,Essential,Yes,9.2,3,Yes
CUST-00263,2025-04-24 09:00:00,Granola Pack,Grocery,5,6.71,0.0,33.53,Web,East,No,65,12,Plus,No,7.1,1,Yes
CUST-00034,2025-04-24 13:00:00,Travel Mug,Accessories,5,21.47,0.0,107.35,Mobile app,North,No,47,14,Plus,No,4.4,1,Yes
CUST-00038,2025-04-24 13:00:00,Phone Stand,Electronics,2,16.89,0.0,33.77,Web,West,No,39,47,Essential,Yes,6.1,2,No
CUST-00165,2025-04-24 13:00:00,Phone Stand,Electronics,3,17.27,0.0,51.82,Mobile app,East,No,37,30,Plus,No,6.8,2,No
CUST-00165,2025-04-24 18:00:00,Travel Mug,Accessories,1,22.78,0.0,22.78,Mobile app,East,No,37,30,Plus,No,6.8,2,No
CUST-00103,2025-04-25 12:00:00,Desk Notebook,Stationery,3,9.59,0.0,28.76,Web,East,No,53,48,Plus,No,7.0,1,No
CUST-00197,2025-04-25 20:00:00,Travel Mug,Accessories,5,21.17,0.0,105.83,Web,South,No,63,35,Premium,Yes,6.6,0,No
CUST-00097,2025-04-26 09:00:00,Granola Pack,Grocery,10,6.4,0.0,63.97,Store,West,No,31,4,Essential,Yes,7.5,0,No
CUST-00113,2025-04-26 17:00:00,Gift Candle,Home,1,18.53,0.0,18.53,Web,Central,No,55,21,Essential,Yes,8.7,0,No
CUST-00127,2025-04-26 17:00:00,Granola Pack,Grocery,2,6.73,0.0,13.45,Mobile app,North,No,22,16,Premium,Yes,7.8,0,No
CUST-00011,2025-04-26 21:00:00,Natural Soap Set,Personal Care,5,12.08,0.0,60.42,Mobile app,Central,No,35,28,Plus,Yes,10.0,2,No
CUST-00183,2025-04-27 08:00:00,Travel Mug,Accessories,6,22.92,0.05,130.66,Mobile app,West,Yes,42,46,Essential,No,7.0,3,No
CUST-00166,2025-04-27 12:00:00,Travel Mug,Accessories,1,21.67,0.0,21.67,Web,Central,No,59,34,Plus,No,6.4,2,Yes
CUST-00259,2025-04-27 13:00:00,Natural Soap Set,Personal Care,2,13.61,0.0,27.22,Web,South,No,64,11,Essential,Yes,9.3,3,No
CUST-00087,2025-04-27 21:00:00,Granola Pack,Grocery,3,7.08,0.0,21.24,Store,South,No,28,34,Essential,Yes,7.8,1,No
CUST-00300,2025-04-28 17:00:00,Everyday Coffee,Beverages,5,7.99,0.0,39.93,Store,North,No,27,41,Premium,Yes,7.8,0,No
CUST-00056,2025-04-28 18:00:00,Granola Pack,Grocery,7,6.62,0.0,46.33,Web,North,No,43,31,Plus,No,7.5,0,No
CUST-00266,2025-04-29 11:00:00,Wireless Charger,Electronics,1,28.09,0.0,28.09,Web,East,No,62,18,Essential,Yes,5.5,1,Yes
CUST-00071,2025-04-29 16:00:00,Herbal Tea,Beverages,2,7.27,0.0,14.53,Web,North,No,30,31,Essential,Yes,9.4,3,No
CUST-00304,2025-05-01 15:00:00,Wireless Charger,Electronics,2,27.47,0.0,54.93,Mobile app,West,No,58,13,Plus,Yes,4.7,1,Yes
CUST-00221,2025-05-01 19:00:00,Travel Mug,Accessories,6,22.4,0.0,134.41,Mobile app,North,No,68,19,Premium,Yes,6.8,4,No
CUST-00255,2025-05-01 19:00:00,Desk Notebook,Stationery,2,8.45,0.0,16.9,Store,North,No,38,9,Premium,Yes,6.5,1,No
CUST-00193,2025-05-02 08:00:00,Granola Pack,Grocery,5,6.92,0.0,34.59,Web,South,No,38,12,Plus,Yes,9.1,1,No
CUST-00055,2025-05-02 09:00:00,Everyday Coffee,Beverages,6,8.52,0.0,51.14,Store,West,No,64,37,Essential,Yes,6.2,0,No
CUST-00057,2025-05-02 11:00:00,Travel Mug,Accessories,4,21.23,0.0,84.91,Web,South,No,62,33,Essential,Yes,8.1,6,No
CUST-00300,2025-05-02 12:00:00,Everyday Coffee,Beverages,2,8.64,0.0,17.28,Store,North,No,27,41,Premium,Yes,7.8,0,No
CUST-00066,2025-05-02 17:00:00,Desk Notebook,Stationery,2,9.35,0.0,18.69,Mobile app,Central,No,42,8,Essential,Yes,10.0,5,Yes
CUST-00080,2025-05-03 08:00:00,Cotton Tote,Accessories,2,14.68,0.0,29.37,Web,West,No,42,20,Essential,Yes,3.1,1,Yes
CUST-00299,2025-05-03 08:00:00,Cotton Tote,Accessories,6,14.47,0.0,86.81,Mobile app,East,No,38,7,Plus,No,7.7,2,Yes
CUST-00180,2025-05-03 16:00:00,Travel Mug,Accessories,1,21.96,0.0,21.96,Mobile app,East,No,53,18,Essential,Yes,7.3,2,Yes
CUST-00166,2025-05-03 19:00:00,Travel Mug,Accessories,1,22.82,0.0,22.82,Web,Central,No,59,34,Plus,No,6.4,2,Yes
CUST-00259,2025-05-03 21:00:00,Travel Mug,Accessories,3,21.19,0.0,63.56,Web,South,No,64,11,Essential,Yes,9.3,3,No
CUST-00154,2025-05-04 12:00:00,Phone Stand,Electronics,4,16.99,0.0,67.97,Mobile app,West,Yes,25,26,Premium,Yes,3.4,1,No
CUST-00291,2025-05-04 14:00:00,Wireless Charger,Electronics,3,29.12,0.0,87.36,Web,West,No,26,12,Essential,No,6.9,1,Yes
CUST-00232,2025-05-04 15:00:00,Wireless Charger,Electronics,3,28.5,0.0,85.51,Web,Central,No,32,32,Plus,No,7.7,0,No
CUST-00314,2025-05-04 15:00:00,Phone Stand,Electronics,1,16.33,0.0,16.33,Web,East,No,24,27,Premium,No,5.3,1,Yes
CUST-00140,2025-05-04 16:00:00,Travel Mug,Accessories,5,20.59,0.0,102.94,Mobile app,Central,No,52,31,Plus,Yes,6.6,2,No
CUST-00243,2025-05-04 16:00:00,Herbal Tea,Beverages,1,7.29,0.0,7.29,Store,East,No,28,34,Plus,Yes,7.0,1,No
CUST-00261,2025-05-04 17:00:00,Phone Stand,Electronics,5,17.9,0.0,89.5,Mobile app,East,No,43,19,Essential,Yes,5.2,3,Yes
CUST-00057,2025-05-04 20:00:00,Phone Stand,Electronics,5,17.12,0.0,85.58,Web,South,No,62,33,Essential,Yes,8.1,6,No
CUST-00266,2025-05-04 20:00:00,Travel Mug,Accessories,4,22.7,0.0,90.81,Web,East,No,62,18,Essential,Yes,5.5,1,Yes
CUST-00254,2025-05-05 08:00:00,Travel Mug,Accessories,1,22.28,0.0,22.28,Mobile app,Central,No,53,16,Plus,No,6.8,0,Yes
CUST-00201,2025-05-05 17:00:00,Travel Mug,Accessories,4,21.51,0.0,86.05,Web,South,No,45,43,Plus,Yes,6.9,1,No
CUST-00298,2025-05-05 17:00:00,Travel Mug,Accessories,3,20.76,0.0,62.29,Web,East,No,42,3,Plus,Yes,6.4,3,Yes
CUST-00114,2025-05-05 18:00:00,Herbal Tea,Beverages,4,6.98,0.0,27.93,Mobile app,Central,No,53,34,Plus,Yes,7.3,0,No
CUST-00183,2025-05-05 19:00:00,Gift Candle,Home,4,19.26,0.0,77.02,Mobile app,West,No,42,46,Essential,No,7.0,3,No
CUST-00209,2025-05-06 10:00:00,Gift Candle,Home,6,18.6,0.0,111.58,Store,North,No,22,25,Plus,Yes,7.3,2,No
CUST-00166,2025-05-06 13:00:00,Everyday Coffee,Beverages,4,7.97,0.0,31.9,Web,Central,No,59,34,Plus,No,6.4,2,Yes
CUST-00271,2025-05-06 16:00:00,Desk Notebook,Stationery,2,9.47,0.0,18.95,Web,West,No,60,23,Plus,Yes,8.1,4,Yes
CUST-00058,2025-05-06 19:00:00,Travel Mug,Accessories,4,20.79,0.0,83.15,Store,North,No,45,39,Essential,Yes,7.6,0,No
CUST-00293,2025-05-07 09:00:00,Wireless Charger,Electronics,2,28.49,0.0,56.98,Mobile app,East,No,57,4,Plus,Yes,6.1,2,No
CUST-00002,2025-05-07 17:00:00,Wireless Charger,Electronics,3,29.84,0.0,89.53,Mobile app,West,No,68,4,Essential,Yes,2.0,3,Yes
CUST-00127,2025-05-07 20:00:00,Desk Notebook,Stationery,8,9.47,0.0,75.76,Mobile app,North,No,22,16,Premium,Yes,7.8,0,No
CUST-00179,2025-05-08 09:00:00,Cotton Tote,Accessories,5,14.44,0.0,72.2,Web,North,No,61,30,Plus,Yes,6.7,3,No
CUST-00108,2025-05-08 13:00:00,Gift Candle,Home,1,16.89,0.0,16.89,Store,North,No,22,30,Essential,Yes,7.6,2,No
CUST-00319,2025-05-08 14:00:00,Phone Stand,Electronics,3,16.41,0.0,49.23,Mobile app,East,No,39,30,Plus,No,7.4,2,Yes
CUST-00039,2025-05-09 11:00:00,Everyday Coffee,Beverages,4,7.89,0.0,31.56,Mobile app,East,No,41,11,Essential,No,6.7,0,Yes
CUST-00202,2025-05-09 12:00:00,Desk Notebook,Stationery,5,9.01,0.0,45.04,Store,North,No,34,29,Essential,Yes,7.1,0,No
CUST-00312,2025-05-10 09:00:00,Cotton Tote,Accessories,4,14.19,0.05,53.91,Store,North,Yes,40,15,Plus,No,7.2,1,Yes
CUST-00176,2025-05-10 10:00:00,Desk Notebook,Stationery,2,10.01,0.0,20.02,Store,Central,No,49,13,Plus,Yes,7.0,0,No
CUST-00138,2025-05-10 16:00:00,Granola Pack,Grocery,4,7.12,0.0,28.48,Web,Central,No,52,44,Plus,Yes,3.6,1,No
CUST-00084,2025-05-11 09:00:00,Cotton Tote,Accessories,5,16.39,0.0,81.93,Store,East,Yes,63,23,Essential,Yes,7.3,1,No
CUST-00253,2025-05-11 09:00:00,Granola Pack,Grocery,3,6.84,0.0,20.53,Web,North,No,33,13,Essential,No,7.6,0,Yes
CUST-00128,2025-05-11 13:00:00,Cotton Tote,Accessories,8,13.53,0.0,108.28,Store,North,No,29,31,Plus,Yes,7.2,3,No
CUST-00043,2025-05-11 17:00:00,Travel Mug,Accessories,3,22.6,0.0,67.8,Mobile app,West,No,32,5,Plus,Yes,5.9,1,Yes
CUST-00252,2025-05-12 12:00:00,Desk Notebook,Stationery,4,9.26,0.0,37.04,Mobile app,North,No,26,34,Essential,Yes,6.0,1,No
CUST-00067,2025-05-12 14:00:00,Granola Pack,Grocery,4,6.23,0.0,24.94,Store,West,No,40,47,Plus,Yes,5.6,5,Yes
CUST-00184,2025-05-12 18:00:00,Herbal Tea,Beverages,2,6.89,0.0,13.77,Mobile app,West,No,55,23,Essential,Yes,5.5,4,Yes
CUST-00265,2025-05-13 09:00:00,Cotton Tote,Accessories,2,13.58,0.0,27.15,Store,South,No,44,39,Premium,No,5.6,0,No
CUST-00010,2025-05-13 15:00:00,Everyday Coffee,Beverages,6,8.86,0.0,53.16,Mobile app,North,No,27,29,Premium,No,7.7,1,No
CUST-00239,2025-05-13 17:00:00,Gift Candle,Home,4,17.2,0.0,68.79,Store,East,No,30,34,Essential,No,6.6,1,Yes
CUST-00083,2025-05-13 21:00:00,Gift Candle,Home,3,18.49,0.0,55.46,Mobile app,West,No,23,46,Essential,Yes,6.5,2,No
CUST-00043,2025-05-14 12:00:00,Everyday Coffee,Beverages,2,8.71,0.0,17.41,Mobile app,West,No,32,5,Plus,Yes,5.9,1,Yes
CUST-00112,2025-05-14 14:00:00,Herbal Tea,Beverages,6,7.39,0.0,44.32,Web,West,No,25,23,Essential,Yes,5.6,0,Yes
CUST-00111,2025-05-14 20:00:00,Natural Soap Set,Personal Care,2,13.0,0.0,26.01,Mobile app,Central,No,23,36,Plus,No,8.7,2,No
CUST-00102,2025-05-16 15:00:00,Natural Soap Set,Personal Care,1,12.83,0.0,12.83,Web,North,No,49,12,Plus,Yes,9.3,0,No
CUST-00032,2025-05-16 18:00:00,Gift Candle,Home,4,18.66,0.0,74.64,Web,West,No,36,43,Plus,Yes,8.2,1,No
CUST-00066,2025-05-16 18:00:00,Wireless Charger,Electronics,3,27.98,0.0,83.93,Mobile app,Central,No,42,8,Essential,Yes,10.0,5,Yes
CUST-00318,2025-05-16 18:00:00,Travel Mug,Accessories,4,22.78,0.0,91.1,Store,Central,No,48,33,Essential,Yes,8.1,0,No
CUST-00025,2025-05-16 19:00:00,Gift Candle,Home,1,16.88,0.0,16.88,Web,West,No,57,9,Essential,Yes,6.4,3,Yes
CUST-00114,2025-05-17 11:00:00,Cotton Tote,Accessories,2,14.73,0.0,29.45,Mobile app,Central,No,53,34,Plus,Yes,7.3,0,No
CUST-00285,2025-05-17 14:00:00,Phone Stand,Electronics,4,16.71,0.0,66.84,Store,South,No,65,23,Essential,Yes,7.3,1,No
CUST-00093,2025-05-17 15:00:00,Gift Candle,Home,3,18.66,0.0,55.99,Web,Central,No,64,28,Essential,Yes,5.7,1,Yes
CUST-00248,2025-05-17 16:00:00,Gift Candle,Home,8,17.34,0.0,138.69,Web,Central,No,60,44,Plus,Yes,8.4,0,No
CUST-00183,2025-05-17 19:00:00,Desk Notebook,Stationery,6,8.74,0.0,52.45,Mobile app,West,No,42,46,Essential,No,7.0,3,No
CUST-00311,2025-05-17 20:00:00,Desk Notebook,Stationery,1,8.41,0.0,8.41,Mobile app,North,No,21,40,Essential,Yes,4.9,3,No
CUST-00297,2025-05-18 09:00:00,Wireless Charger,Electronics,3,29.34,0.05,83.62,Store,Central,Yes,41,16,Plus,Yes,4.7,2,Yes
CUST-00034,2025-05-18 14:00:00,Travel Mug,Accessories,5,21.49,0.0,107.47,Mobile app,North,No,47,14,Plus,No,4.4,1,Yes
CUST-00222,2025-05-18 16:00:00,Herbal Tea,Beverages,3,6.98,0.05,19.89,Web,Central,Yes,54,33,Essential,No,6.4,1,No
CUST-00193,2025-05-18 21:00:00,Everyday Coffee,Beverages,3,7.82,0.0,23.45,Web,South,No,38,12,Plus,Yes,9.1,1,No
CUST-00220,2025-05-18 21:00:00,Wireless Charger,Electronics,4,26.99,0.0,107.96,Store,West,No,55,39,Plus,Yes,10.0,0,No
CUST-00244,2025-05-19 09:00:00,Desk Notebook,Stationery,2,9.23,0.0,18.46,Mobile app,South,No,45,30,Essential,Yes,9.2,3,No
CUST-00019,2025-05-19 10:00:00,Granola Pack,Grocery,5,6.73,0.0,33.66,Web,North,Yes,52,6,Essential,Yes,6.7,2,No
CUST-00026,2025-05-19 12:00:00,Travel Mug,Accessories,4,24.26,0.0,97.05,Store,North,No,22,38,Premium,Yes,6.2,0,No
CUST-00032,2025-05-19 16:00:00,Travel Mug,Accessories,5,22.99,0.0,114.97,Web,West,No,36,43,Plus,Yes,8.2,1,No
CUST-00281,2025-05-20 09:00:00,Wireless Charger,Electronics,2,30.01,0.0,60.02,Store,Central,No,46,25,Essential,Yes,6.9,2,No
CUST-00169,2025-05-20 17:00:00,Desk Notebook,Stationery,3,9.53,0.0,28.58,Store,North,No,32,19,Essential,No,6.2,2,Yes
CUST-00286,2025-05-20 20:00:00,Natural Soap Set,Personal Care,7,12.63,0.0,88.41,Mobile app,North,No,44,38,Essential,Yes,5.3,1,No
CUST-00217,2025-05-21 13:00:00,Wireless Charger,Electronics,1,29.37,0.0,29.37,Mobile app,South,No,35,8,Plus,No,6.5,3,Yes
CUST-00272,2025-05-22 14:00:00,Granola Pack,Grocery,4,6.7,0.0,26.81,Mobile app,North,No,22,38,Essential,Yes,8.1,2,No
CUST-00090,2025-05-23 10:00:00,Desk Notebook,Stationery,5,9.62,0.0,48.12,Web,West,No,62,19,Plus,No,6.7,3,Yes
CUST-00273,2025-05-23 10:00:00,Herbal Tea,Beverages,5,7.21,0.0,36.03,Web,Central,No,36,48,Essential,Yes,8.8,1,No
CUST-00121,2025-05-23 15:00:00,Travel Mug,Accessories,5,20.33,0.0,101.63,Store,North,No,65,36,Premium,Yes,5.9,0,No
CUST-00283,2025-05-24 18:00:00,Gift Candle,Home,2,18.06,0.1,32.51,Mobile app,North,Yes,25,2,Essential,Yes,9.2,0,Yes
CUST-00163,2025-05-25 08:00:00,Everyday Coffee,Beverages,5,8.91,0.0,44.57,Web,West,No,58,37,Plus,Yes,8.4,4,No
CUST-00225,2025-05-25 09:00:00,Granola Pack,Grocery,3,6.93,0.0,20.79,Web,Central,No,36,43,Essential,Yes,5.6,2,No
CUST-00266,2025-05-25 13:00:00,Natural Soap Set,Personal Care,2,12.6,0.0,25.2,Web,East,No,62,18,Essential,Yes,5.5,1,Yes
CUST-00164,2025-05-26 10:00:00,Natural Soap Set,Personal Care,5,12.32,0.0,61.58,Mobile app,South,No,28,34,Essential,Yes,9.0,1,No
CUST-00319,2025-05-26 12:00:00,Natural Soap Set,Personal Care,6,11.96,0.0,71.79,Mobile app,East,No,39,30,Plus,No,7.4,2,Yes
CUST-00306,2025-05-26 13:00:00,Granola Pack,Grocery,7,6.38,0.0,44.64,Mobile app,North,No,56,48,Plus,Yes,6.2,3,No
CUST-00009,2025-05-26 17:00:00,Wireless Charger,Electronics,2,29.09,0.0,58.18,Web,North,No,35,37,Essential,No,6.9,1,No
CUST-00160,2025-05-26 17:00:00,Everyday Coffee,Beverages,4,8.22,0.0,32.88,Mobile app,South,No,35,46,Essential,No,7.0,3,No
CUST-00024,2025-05-27 08:00:00,Travel Mug,Accessories,3,21.98,0.0,65.95,Web,Central,No,53,48,Plus,No,8.1,2,No
CUST-00134,2025-05-27 09:00:00,Gift Candle,Home,8,18.51,0.0,148.07,Web,East,No,41,29,Essential,Yes,7.4,1,No
CUST-00291,2025-05-27 09:00:00,Wireless Charger,Electronics,2,26.7,0.0,53.4,Web,West,No,26,12,Essential,No,6.9,1,Yes
CUST-00223,2025-05-27 18:00:00,Everyday Coffee,Beverages,4,8.14,0.0,32.55,Web,West,No,55,40,Plus,Yes,6.6,1,No
CUST-00079,2025-05-28 11:00:00,Everyday Coffee,Beverages,3,8.79,0.0,26.38,Web,South,Yes,38,2,Plus,Yes,7.9,1,Yes
CUST-00196,2025-05-28 12:00:00,Desk Notebook,Stationery,4,7.8,0.0,31.2,Mobile app,South,No,61,16,Premium,No,6.3,2,No
CUST-00154,2025-05-29 11:00:00,Cotton Tote,Accessories,8,14.3,0.0,114.4,Mobile app,West,No,25,26,Premium,Yes,3.4,1,No
CUST-00105,2025-05-29 14:00:00,Phone Stand,Electronics,3,18.35,0.0,55.06,Web,West,No,23,38,Essential,No,8.6,1,No
CUST-00308,2025-05-30 08:00:00,Granola Pack,Grocery,3,6.72,0.0,20.16,Mobile app,North,No,34,13,Plus,Yes,6.2,2,No
CUST-00301,2025-05-30 10:00:00,Herbal Tea,Beverages,3,6.95,0.0,20.84,Mobile app,North,No,61,40,Essential,No,6.6,1,No
CUST-00217,2025-05-30 19:00:00,Phone Stand,Electronics,1,18.58,0.0,18.58,Mobile app,South,No,35,8,Plus,No,6.5,3,Yes
CUST-00181,2025-06-01 17:00:00,Natural Soap Set,Personal Care,6,11.85,0.0,71.11,Mobile app,East,No,52,11,Plus,Yes,8.4,1,No
CUST-00306,2025-06-02 10:00:00,Desk Notebook,Stationery,5,8.99,0.0,44.94,Mobile app,North,No,56,48,Plus,Yes,6.2,3,No
CUST-00304,2025-06-03 10:00:00,Phone Stand,Electronics,3,18.56,0.0,55.68,Mobile app,West,No,58,13,Plus,Yes,4.7,1,Yes
CUST-00261,2025-06-03 12:00:00,Everyday Coffee,Beverages,7,8.16,0.0,57.15,Mobile app,East,No,43,19,Essential,Yes,5.2,3,Yes
CUST-00293,2025-06-03 12:00:00,Wireless Charger,Electronics,4,31.35,0.0,125.42,Mobile app,East,No,57,4,Plus,Yes,6.1,2,No
CUST-00110,2025-06-03 14:00:00,Herbal Tea,Beverages,6,6.8,0.0,40.77,Mobile app,West,Yes,50,36,Plus,Yes,7.6,1,No
CUST-00081,2025-06-04 08:00:00,Wireless Charger,Electronics,6,28.33,0.0,170.0,Store,North,No,21,23,Plus,Yes,5.7,0,Yes
CUST-00038,2025-06-04 13:00:00,Desk Notebook,Stationery,1,9.39,0.0,9.39,Web,West,No,39,47,Essential,Yes,6.1,2,No
CUST-00050,2025-06-04 15:00:00,Granola Pack,Grocery,4,6.54,0.0,26.17,Store,West,No,30,38,Essential,Yes,8.0,1,No
CUST-00218,2025-06-04 18:00:00,Everyday Coffee,Beverages,3,9.19,0.0,27.57,Web,South,No,51,24,Premium,Yes,7.7,3,No
CUST-00255,2025-06-05 08:00:00,Desk Notebook,Stationery,1,8.95,0.0,8.95,Store,North,No,38,9,Premium,Yes,6.5,1,No
CUST-00083,2025-06-05 15:00:00,Granola Pack,Grocery,8,6.86,0.0,54.91,Mobile app,West,No,23,46,Essential,Yes,6.5,2,No
CUST-00267,2025-06-05 16:00:00,Wireless Charger,Electronics,3,31.57,0.0,94.72,Store,South,No,41,15,Essential,Yes,9.1,3,No
CUST-00010,2025-06-06 17:00:00,Everyday Coffee,Beverages,4,8.22,0.0,32.86,Mobile app,North,No,27,29,Premium,No,7.7,1,No
CUST-00092,2025-06-07 11:00:00,Travel Mug,Accessories,2,21.95,0.0,43.9,Mobile app,Central,No,51,31,Plus,No,8.4,1,No
CUST-00070,2025-06-07 16:00:00,Cotton Tote,Accessories,2,14.67,0.0,29.34,Web,South,No,28,23,Plus,No,7.3,2,Yes
CUST-00031,2025-06-08 18:00:00,Everyday Coffee,Beverages,4,9.19,0.0,36.75,Mobile app,South,No,49,25,Essential,Yes,5.1,2,No
CUST-00284,2025-06-08 19:00:00,Wireless Charger,Electronics,2,29.61,0.0,59.21,Mobile app,West,No,59,2,Plus,Yes,7.1,3,Yes
CUST-00253,2025-06-10 10:00:00,Phone Stand,Electronics,2,17.87,0.0,35.74,Web,North,No,33,13,Essential,No,7.6,0,Yes
CUST-00023,2025-06-10 12:00:00,Phone Stand,Electronics,3,17.34,0.0,52.03,Mobile app,South,No,66,35,Plus,No,4.6,2,Yes
CUST-00291,2025-06-10 12:00:00,Gift Candle,Home,4,17.88,0.0,71.52,Web,West,No,26,12,Essential,No,6.9,1,Yes
CUST-00075,2025-06-10 14:00:00,Cotton Tote,Accessories,9,14.38,0.0,129.38,Web,East,No,28,38,Essential,No,6.9,1,No
CUST-00074,2025-06-10 15:00:00,Natural Soap Set,Personal Care,3,12.28,0.0,36.83,Mobile app,South,No,21,42,Premium,Yes,7.8,2,No
CUST-00075,2025-06-11 14:00:00,Desk Notebook,Stationery,1,8.5,0.0,8.5,Web,East,No,28,38,Essential,No,6.9,1,No
CUST-00301,2025-06-11 19:00:00,Cotton Tote,Accessories,5,15.94,0.0,79.71,Mobile app,North,No,61,40,Essential,No,6.6,1,No
CUST-00296,2025-06-12 09:00:00,Desk Notebook,Stationery,3,8.78,0.0,26.33,Web,North,No,49,29,Premium,No,9.1,1,No
CUST-00155,2025-06-12 10:00:00,Travel Mug,Accessories,5,23.62,0.0,118.11,Mobile app,East,No,65,15,Premium,Yes,7.8,2,No
CUST-00305,2025-06-12 12:00:00,Herbal Tea,Beverages,6,7.36,0.0,44.14,Web,West,No,65,36,Essential,Yes,10.0,3,No
CUST-00133,2025-06-12 13:00:00,Wireless Charger,Electronics,5,27.68,0.0,138.38,Web,East,No,50,31,Essential,Yes,6.8,1,No
CUST-00181,2025-06-12 19:00:00,Phone Stand,Electronics,1,16.45,0.0,16.45,Mobile app,East,Yes,52,11,Plus,Yes,8.4,1,No
CUST-00131,2025-06-12 20:00:00,Granola Pack,Grocery,3,6.84,0.0,20.52,Web,South,No,66,30,Essential,Yes,5.9,1,No
CUST-00086,2025-06-12 21:00:00,Natural Soap Set,Personal Care,9,12.98,0.0,116.84,Mobile app,North,No,37,48,Essential,Yes,5.0,1,No
CUST-00127,2025-06-13 15:00:00,Gift Candle,Home,1,18.63,0.0,18.63,Mobile app,North,No,22,16,Premium,Yes,7.8,0,No
CUST-00235,2025-06-13 15:00:00,Everyday Coffee,Beverages,5,8.86,0.0,44.3,Web,South,No,61,7,Premium,Yes,4.9,1,Yes
CUST-00031,2025-06-13 17:00:00,Desk Notebook,Stationery,7,9.19,0.0,64.3,Mobile app,South,No,49,25,Essential,Yes,5.1,2,No
CUST-00173,2025-06-13 18:00:00,Gift Candle,Home,4,19.65,0.0,78.61,Web,North,No,27,13,Essential,No,7.5,2,Yes
CUST-00229,2025-06-13 18:00:00,Travel Mug,Accessories,3,21.9,0.0,65.7,Web,West,No,37,44,Plus,No,6.3,2,No
CUST-00231,2025-06-13 19:00:00,Cotton Tote,Accessories,3,15.21,0.0,45.63,Web,North,No,50,34,Essential,No,6.6,3,No
CUST-00176,2025-06-14 08:00:00,Granola Pack,Grocery,2,7.12,0.0,14.24,Store,Central,No,49,13,Plus,Yes,7.0,0,No
CUST-00148,2025-06-14 10:00:00,Everyday Coffee,Beverages,1,8.57,0.0,8.57,Web,North,No,65,9,Essential,Yes,7.6,2,No
CUST-00111,2025-06-14 12:00:00,Herbal Tea,Beverages,7,7.75,0.0,54.24,Mobile app,Central,No,23,36,Plus,No,8.7,2,No
CUST-00052,2025-06-15 16:00:00,Granola Pack,Grocery,7,6.54,0.0,45.8,Store,North,No,68,35,Essential,Yes,6.4,1,No
CUST-00198,2025-06-15 17:00:00,Wireless Charger,Electronics,1,29.37,0.0,29.37,Mobile app,South,No,56,26,Plus,No,5.7,3,Yes
CUST-00033,2025-06-15 20:00:00,Phone Stand,Electronics,10,18.23,0.0,182.27,Mobile app,South,No,41,17,Essential,Yes,6.5,2,No
CUST-00024,2025-06-16 08:00:00,Natural Soap Set,Personal Care,4,11.44,0.0,45.77,Web,Central,No,53,48,Plus,No,8.1,2,No
CUST-00172,2025-06-16 12:00:00,Granola Pack,Grocery,7,6.61,0.0,46.25,Mobile app,South,No,31,14,Plus,Yes,9.1,0,No
CUST-00050,2025-06-16 14:00:00,Phone Stand,Electronics,7,17.66,0.0,123.62,Store,West,No,30,38,Essential,Yes,8.0,1,No
CUST-00175,2025-06-16 18:00:00,Wireless Charger,Electronics,4,31.54,0.0,126.17,Store,North,No,66,39,Essential,Yes,8.7,3,No
CUST-00242,2025-06-16 19:00:00,Granola Pack,Grocery,3,6.89,0.0,20.66,Web,North,No,32,15,Essential,Yes,7.7,2,No
CUST-00046,2025-06-17 08:00:00,Phone Stand,Electronics,6,18.86,0.0,113.16,Web,South,No,59,41,Plus,Yes,6.1,2,No
CUST-00180,2025-06-17 10:00:00,Travel Mug,Accessories,6,21.88,0.0,131.26,Mobile app,East,No,53,18,Essential,Yes,7.3,2,Yes
CUST-00091,2025-06-17 21:00:00,Gift Candle,Home,4,17.34,0.0,69.35,Web,Central,No,63,36,Plus,Yes,7.4,3,No
CUST-00045,2025-06-18 14:00:00,Everyday Coffee,Beverages,4,8.75,0.0,35.01,Web,North,Yes,22,46,Essential,Yes,6.6,1,No
CUST-00064,2025-06-18 14:00:00,Granola Pack,Grocery,1,6.17,0.0,6.17,Web,East,No,54,30,Plus,Yes,9.3,0,No
CUST-00172,2025-06-18 15:00:00,Cotton Tote,Accessories,3,15.18,0.0,45.54,Mobile app,South,No,31,14,Plus,Yes,9.1,0,No
CUST-00273,2025-06-18 17:00:00,Desk Notebook,Stationery,4,8.6,0.0,34.41,Web,Central,No,36,48,Essential,Yes,8.8,1,No
CUST-00083,2025-06-18 18:00:00,Natural Soap Set,Personal Care,5,12.41,0.0,62.05,Mobile app,West,No,23,46,Essential,Yes,6.5,2,No
CUST-00244,2025-06-19 09:00:00,Travel Mug,Accessories,4,21.9,0.0,87.6,Mobile app,South,No,45,30,Essential,Yes,9.2,3,No
CUST-00284,2025-06-19 16:00:00,Desk Notebook,Stationery,4,9.3,0.0,37.21,Mobile app,West,Yes,59,2,Plus,Yes,7.1,3,Yes
CUST-00154,2025-06-20 20:00:00,Cotton Tote,Accessories,3,14.14,0.0,42.43,Mobile app,West,No,25,26,Premium,Yes,3.4,1,No
CUST-00070,2025-06-21 10:00:00,Wireless Charger,Electronics,4,28.86,0.0,115.44,Web,South,No,28,23,Plus,No,7.3,2,Yes
CUST-00317,2025-06-21 15:00:00,Travel Mug,Accessories,7,22.94,0.0,160.59,Web,West,No,41,40,Premium,Yes,3.8,2,No
CUST-00030,2025-06-22 10:00:00,Granola Pack,Grocery,8,6.56,0.0,52.45,Web,North,No,27,15,Plus,No,8.8,0,Yes
CUST-00092,2025-06-22 12:00:00,Phone Stand,Electronics,3,16.65,0.0,49.96,Mobile app,Central,No,51,31,Plus,No,8.4,1,No
CUST-00089,2025-06-22 13:00:00,Herbal Tea,Beverages,3,7.01,0.0,21.02,Mobile app,West,No,35,10,Plus,Yes,6.7,2,No
CUST-00128,2025-06-23 11:00:00,Herbal Tea,Beverages,4,7.52,0.0,30.08,Store,North,No,29,31,Plus,Yes,7.2,3,No
CUST-00013,2025-06-23 12:00:00,Cotton Tote,Accessories,6,14.63,0.0,87.79,Mobile app,South,No,46,9,Plus,No,6.7,2,Yes
CUST-00139,2025-06-23 18:00:00,Everyday Coffee,Beverages,4,8.74,0.0,34.95,Web,South,No,40,37,Essential,Yes,5.4,4,Yes
CUST-00047,2025-06-24 18:00:00,Travel Mug,Accessories,1,23.01,0.0,23.01,Mobile app,Central,No,30,9,Plus,Yes,10.0,3,No
CUST-00227,2025-06-24 18:00:00,Granola Pack,Grocery,3,7.38,0.0,22.14,Mobile app,North,No,58,47,Essential,Yes,8.5,0,No
CUST-00254,2025-06-24 18:00:00,Granola Pack,Grocery,1,7.14,0.0,7.14,Mobile app,Central,No,53,16,Plus,No,6.8,0,Yes
CUST-00229,2025-06-24 20:00:00,Cotton Tote,Accessories,2,14.5,0.0,28.99,Web,West,No,37,44,Plus,No,6.3,2,No
CUST-00016,2025-06-24 21:00:00,Natural Soap Set,Personal Care,3,12.81,0.0,38.42,Mobile app,North,No,66,2,Essential,Yes,7.2,1,No
CUST-00177,2025-06-25 17:00:00,Wireless Charger,Electronics,3,27.17,0.0,81.52,Mobile app,South,No,29,19,Plus,Yes,6.2,2,No
CUST-00196,2025-06-26 17:00:00,Wireless Charger,Electronics,1,27.93,0.0,27.93,Mobile app,South,No,61,16,Premium,No,6.3,2,No
CUST-00244,2025-06-26 18:00:00,Gift Candle,Home,6,17.48,0.0,104.85,Mobile app,South,No,45,30,Essential,Yes,9.2,3,No
CUST-00268,2025-06-26 19:00:00,Natural Soap Set,Personal Care,5,12.73,0.0,63.64,Store,East,No,43,43,Essential,Yes,8.5,2,No
CUST-00237,2025-06-27 10:00:00,Gift Candle,Home,6,17.97,0.0,107.85,Web,South,No,38,33,Premium,Yes,5.6,0,No
CUST-00197,2025-06-29 15:00:00,Gift Candle,Home,5,18.48,0.0,92.39,Web,South,No,63,35,Premium,Yes,6.6,0,No
CUST-00224,2025-06-29 16:00:00,Desk Notebook,Stationery,3,8.95,0.0,26.85,Store,South,No,28,9,Essential,No,8.6,1,Yes
