CustomerID,InvoiceDate,Product,Category,Quantity,UnitPrice,Discount,Revenue,Channel,Region,Promotion,Age,TenureMonths,SubscriptionPlan,AutoRenew,SatisfactionScore,SupportTickets90d,CustomerChurn
CUST-00086,2024-01-01 18:00:00,Gift Candle,Home,7,17.25,0.0,120.74,Web,West,Yes,33,36,Essential,Yes,6.6,3,No
CUST-00188,2024-01-01 21:00:00,Desk Notebook,Stationery,6,9.38,0.0,56.29,Web,Central,No,65,48,Essential,Yes,6.8,1,No
CUST-00252,2024-01-02 09:00:00,Everyday Coffee,Beverages,7,8.54,0.0,59.77,Mobile app,Central,No,27,5,Premium,Yes,9.5,2,No
CUST-00250,2024-01-02 10:00:00,Travel Mug,Accessories,4,22.48,0.0,89.93,Web,West,Yes,35,21,Essential,No,8.1,4,Yes
CUST-00291,2024-01-02 18:00:00,Cotton Tote,Accessories,3,14.61,0.0,43.84,Store,East,No,24,17,Premium,Yes,7.8,1,No
CUST-00304,2024-01-02 19:00:00,Everyday Coffee,Beverages,7,8.49,0.0,59.42,Mobile app,East,No,35,20,Premium,Yes,8.3,1,No
CUST-00082,2024-01-03 10:00:00,Natural Soap Set,Personal Care,2,11.9,0.0,23.8,Web,Central,No,31,6,Essential,Yes,7.3,1,Yes
CUST-00089,2024-01-03 11:00:00,Herbal Tea,Beverages,2,7.55,0.0,15.1,Web,North,No,62,23,Premium,No,4.4,2,Yes
CUST-00053,2024-01-03 14:00:00,Cotton Tote,Accessories,3,14.33,0.0,42.98,Mobile app,Central,No,22,9,Essential,No,6.5,0,Yes
CUST-00118,2024-01-03 16:00:00,Cotton Tote,Accessories,3,13.49,0.0,40.48,Web,North,No,38,30,Plus,Yes,9.2,1,No
CUST-00305,2024-01-03 16:00:00,Wireless Charger,Electronics,2,27.35,0.0,54.69,Store,Central,No,57,32,Essential,No,8.9,1,No
CUST-00151,2024-01-04 08:00:00,Desk Notebook,Stationery,7,9.49,0.0,66.44,Store,North,No,38,7,Plus,Yes,6.8,2,No
CUST-00302,2024-01-04 09:00:00,Everyday Coffee,Beverages,1,8.46,0.0,8.46,Web,West,No,22,8,Plus,No,8.3,0,Yes
CUST-00097,2024-01-04 17:00:00,Cotton Tote,Accessories,2,13.65,0.0,27.3,Web,North,No,51,41,Essential,Yes,4.7,1,No
CUST-00113,2024-01-04 17:00:00,Desk Notebook,Stationery,4,9.43,0.0,37.72,Mobile app,East,No,41,39,Essential,Yes,7.6,0,No
CUST-00039,2024-01-05 12:00:00,Everyday Coffee,Beverages,6,8.17,0.0,49.04,Web,West,No,46,43,Plus,Yes,5.9,0,No
CUST-00101,2024-01-05 17:00:00,Everyday Coffee,Beverages,3,8.54,0.0,25.61,Mobile app,West,No,41,3,Essential,Yes,9.0,1,No
CUST-00269,2024-01-06 09:00:00,Desk Notebook,Stationery,1,8.86,0.0,8.86,Web,Central,Yes,53,33,Essential,No,7.2,2,No
CUST-00305,2024-01-06 15:00:00,Wireless Charger,Electronics,4,26.71,0.05,101.51,Store,Central,Yes,57,32,Essential,No,8.9,1,No
CUST-00189,2024-01-06 16:00:00,Herbal Tea,Beverages,3,7.41,0.0,22.24,Mobile app,West,No,53,10,Plus,Yes,7.3,0,No
CUST-00240,2024-01-06 16:00:00,Gift Candle,Home,2,17.54,0.05,33.32,Store,South,Yes,30,7,Plus,Yes,7.5,3,Yes
CUST-00226,2024-01-07 15:00:00,Everyday Coffee,Beverages,3,7.75,0.0,23.25,Web,Central,Yes,38,45,Essential,Yes,6.4,1,No
CUST-00118,2024-01-07 16:00:00,Travel Mug,Accessories,7,21.15,0.0,148.07,Web,North,No,38,30,Plus,Yes,9.2,1,No
CUST-00114,2024-01-07 17:00:00,Cotton Tote,Accessories,6,13.66,0.0,81.98,Mobile app,South,No,65,26,Essential,Yes,5.8,2,No
CUST-00091,2024-01-07 19:00:00,Phone Stand,Electronics,3,18.39,0.0,55.16,Store,North,No,41,26,Essential,No,7.9,0,Yes
CUST-00127,2024-01-07 21:00:00,Travel Mug,Accessories,2,21.2,0.0,42.4,Web,West,No,66,24,Essential,No,8.4,2,No
CUST-00161,2024-01-08 10:00:00,Granola Pack,Grocery,2,7.16,0.0,14.31,Web,North,No,22,41,Essential,Yes,4.8,0,No
CUST-00221,2024-01-08 10:00:00,Granola Pack,Grocery,3,6.53,0.0,19.59,Web,East,Yes,33,24,Essential,No,5.1,0,Yes
CUST-00256,2024-01-09 12:00:00,Desk Notebook,Stationery,4,9.14,0.0,36.57,Mobile app,East,No,47,25,Plus,Yes,7.2,4,No
CUST-00223,2024-01-09 15:00:00,Granola Pack,Grocery,5,6.78,0.0,33.9,Store,North,No,35,9,Premium,Yes,5.2,0,Yes
CUST-00039,2024-01-10 09:00:00,Gift Candle,Home,2,17.97,0.0,35.93,Web,West,No,46,43,Plus,Yes,5.9,0,No
CUST-00282,2024-01-10 12:00:00,Herbal Tea,Beverages,1,6.93,0.0,6.93,Mobile app,West,No,33,11,Essential,Yes,5.8,2,Yes
CUST-00121,2024-01-11 13:00:00,Phone Stand,Electronics,2,17.58,0.1,31.65,Mobile app,Central,Yes,38,34,Plus,Yes,6.5,2,No
CUST-00149,2024-01-13 11:00:00,Gift Candle,Home,5,18.15,0.0,90.74,Web,North,No,28,43,Essential,Yes,5.0,2,No
CUST-00117,2024-01-13 15:00:00,Everyday Coffee,Beverages,1,8.82,0.0,8.82,Mobile app,West,No,64,27,Essential,No,4.5,1,Yes
CUST-00264,2024-01-14 09:00:00,Wireless Charger,Electronics,3,26.11,0.0,78.33,Web,North,No,66,34,Plus,Yes,7.8,1,No
CUST-00071,2024-01-14 12:00:00,Gift Candle,Home,2,18.6,0.0,37.2,Store,Central,No,47,23,Essential,Yes,10.0,3,No
CUST-00052,2024-01-14 16:00:00,Travel Mug,Accessories,1,23.46,0.0,23.46,Store,South,No,54,32,Plus,No,6.7,2,No
CUST-00045,2024-01-14 20:00:00,Wireless Charger,Electronics,3,29.72,0.0,89.17,Store,Central,No,59,25,Plus,No,9.0,1,Yes
CUST-00160,2024-01-15 11:00:00,Everyday Coffee,Beverages,2,8.31,0.0,16.63,Web,North,Yes,29,10,Premium,Yes,5.3,2,No
CUST-00182,2024-01-16 08:00:00,Wireless Charger,Electronics,4,30.12,0.0,120.5,Mobile app,East,No,67,5,Essential,Yes,8.1,0,No
CUST-00078,2024-01-16 10:00:00,Gift Candle,Home,1,17.34,0.0,17.34,Store,West,No,35,9,Essential,No,7.0,1,Yes
CUST-00151,2024-01-16 15:00:00,Wireless Charger,Electronics,7,30.66,0.0,214.65,Store,North,No,38,7,Plus,Yes,6.8,2,No
CUST-00053,2024-01-16 20:00:00,Herbal Tea,Beverages,1,6.87,0.0,6.87,Mobile app,Central,No,22,9,Essential,No,6.5,0,Yes
CUST-00160,2024-01-17 13:00:00,Travel Mug,Accessories,5,21.44,0.0,107.21,Web,North,No,29,10,Premium,Yes,5.3,2,No
CUST-00026,2024-01-17 19:00:00,Desk Notebook,Stationery,2,8.92,0.0,17.84,Mobile app,North,No,64,35,Essential,No,8.5,1,No
CUST-00043,2024-01-18 14:00:00,Gift Candle,Home,1,18.08,0.0,18.08,Store,Central,No,55,41,Plus,No,7.9,0,No
CUST-00253,2024-01-18 16:00:00,Phone Stand,Electronics,4,18.89,0.0,75.55,Web,East,No,53,7,Essential,Yes,6.7,1,No
CUST-00253,2024-01-18 18:00:00,Cotton Tote,Accessories,6,14.1,0.1,76.13,Web,East,Yes,53,7,Essential,Yes,6.7,1,No
CUST-00062,2024-01-18 19:00:00,Natural Soap Set,Personal Care,3,12.02,0.0,36.06,Web,East,No,25,9,Plus,Yes,7.8,1,No
CUST-00214,2024-01-18 19:00:00,Everyday Coffee,Beverages,3,8.54,0.0,25.62,Web,North,No,47,23,Essential,Yes,9.4,1,No
CUST-00295,2024-01-18 20:00:00,Phone Stand,Electronics,1,18.02,0.0,18.02,Web,East,No,40,36,Plus,Yes,5.0,1,No
CUST-00004,2024-01-19 19:00:00,Granola Pack,Grocery,2,6.61,0.0,13.23,Store,North,No,32,43,Essential,Yes,7.9,0,No
CUST-00292,2024-01-20 10:00:00,Herbal Tea,Beverages,5,7.61,0.15,32.34,Web,South,Yes,21,38,Essential,Yes,9.6,0,No
CUST-00224,2024-01-20 14:00:00,Everyday Coffee,Beverages,4,8.59,0.0,34.36,Web,Central,No,22,33,Plus,Yes,5.7,1,No
CUST-00247,2024-01-20 17:00:00,Everyday Coffee,Beverages,3,7.74,0.0,23.21,Web,Central,No,68,19,Plus,Yes,7.1,1,No
CUST-00105,2024-01-20 18:00:00,Gift Candle,Home,5,17.85,0.0,89.25,Mobile app,South,No,51,42,Plus,No,5.6,3,Yes
CUST-00281,2024-01-20 19:00:00,Gift Candle,Home,2,17.83,0.05,33.87,Store,East,Yes,55,25,Plus,Yes,9.6,3,No
CUST-00318,2024-01-21 14:00:00,Granola Pack,Grocery,2,6.22,0.05,11.81,Web,East,Yes,57,44,Premium,Yes,2.6,4,No
CUST-00052,2024-01-22 13:00:00,Herbal Tea,Beverages,4,7.56,0.0,30.26,Store,South,No,54,32,Plus,No,6.7,2,No
CUST-00214,2024-01-22 15:00:00,Natural Soap Set,Personal Care,6,13.16,0.0,78.94,Web,North,Yes,47,23,Essential,Yes,9.4,1,No
CUST-00042,2024-01-22 18:00:00,Natural Soap Set,Personal Care,3,13.03,0.0,39.08,Mobile app,North,No,67,21,Essential,Yes,9.0,0,No
CUST-00292,2024-01-23 13:00:00,Gift Candle,Home,1,18.17,0.0,18.17,Web,South,No,21,38,Essential,Yes,9.6,0,No
CUST-00095,2024-01-24 14:00:00,Gift Candle,Home,5,18.13,0.0,90.64,Web,North,Yes,33,2,Plus,No,6.3,2,Yes
CUST-00220,2024-01-24 15:00:00,Phone Stand,Electronics,4,17.53,0.0,70.13,Web,South,No,24,21,Plus,Yes,6.4,1,No
CUST-00297,2024-01-24 15:00:00,Desk Notebook,Stationery,3,8.9,0.0,26.71,Web,Central,No,63,4,Plus,Yes,6.4,3,Yes
CUST-00178,2024-01-24 17:00:00,Everyday Coffee,Beverages,5,8.23,0.0,41.14,Store,South,Yes,65,26,Essential,Yes,9.5,1,No
CUST-00189,2024-01-25 08:00:00,Wireless Charger,Electronics,3,28.54,0.0,85.62,Mobile app,West,No,53,10,Plus,Yes,7.3,0,No
CUST-00311,2024-01-26 08:00:00,Travel Mug,Accessories,5,20.92,0.0,104.58,Web,Central,No,66,42,Plus,Yes,6.1,2,No
CUST-00261,2024-01-26 13:00:00,Desk Notebook,Stationery,2,9.37,0.0,18.74,Web,East,Yes,43,2,Plus,Yes,4.5,0,Yes
CUST-00316,2024-01-27 14:00:00,Phone Stand,Electronics,2,17.77,0.0,35.53,Web,East,No,28,10,Essential,Yes,6.7,2,No
CUST-00057,2024-01-27 16:00:00,Gift Candle,Home,8,18.56,0.0,148.49,Web,East,No,48,38,Premium,Yes,7.6,2,No
CUST-00276,2024-01-27 18:00:00,Wireless Charger,Electronics,3,29.71,0.0,89.14,Mobile app,Central,No,67,27,Plus,Yes,5.3,0,No
CUST-00210,2024-01-28 14:00:00,Wireless Charger,Electronics,2,28.81,0.0,57.62,Web,North,No,52,36,Essential,Yes,8.4,1,No
CUST-00071,2024-01-28 15:00:00,Herbal Tea,Beverages,6,7.16,0.0,42.95,Store,Central,No,47,23,Essential,Yes,10.0,3,No
CUST-00207,2024-01-28 15:00:00,Everyday Coffee,Beverages,5,8.56,0.0,42.8,Mobile app,Central,No,45,36,Plus,Yes,8.6,2,No
CUST-00234,2024-01-28 17:00:00,Phone Stand,Electronics,2,18.58,0.0,37.16,Web,West,No,29,44,Essential,No,6.6,3,No
CUST-00182,2024-01-28 21:00:00,Gift Candle,Home,3,18.72,0.0,56.15,Mobile app,East,No,67,5,Essential,Yes,8.1,0,No
CUST-00219,2024-01-28 21:00:00,Travel Mug,Accessories,2,20.7,0.0,41.41,Web,North,No,45,33,Essential,Yes,6.9,2,No
CUST-00143,2024-01-29 11:00:00,Travel Mug,Accessories,3,22.77,0.0,68.3,Web,Central,No,22,23,Essential,Yes,6.9,1,No
CUST-00269,2024-01-29 16:00:00,Desk Notebook,Stationery,1,9.38,0.0,9.38,Web,Central,No,53,33,Essential,No,7.2,2,No
CUST-00008,2024-02-01 09:00:00,Wireless Charger,Electronics,4,28.27,0.0,113.07,Store,North,No,50,23,Premium,No,6.9,1,No
CUST-00270,2024-02-01 12:00:00,Desk Notebook,Stationery,1,8.69,0.0,8.69,Store,East,No,50,9,Essential,No,5.4,2,Yes
CUST-00059,2024-02-01 17:00:00,Phone Stand,Electronics,9,18.01,0.0,162.06,Web,South,No,56,25,Premium,Yes,7.0,1,No
CUST-00121,2024-02-01 21:00:00,Desk Notebook,Stationery,2,9.14,0.0,18.28,Mobile app,Central,No,38,34,Plus,Yes,6.5,2,No
CUST-00062,2024-02-02 09:00:00,Gift Candle,Home,2,18.23,0.0,36.46,Web,East,No,25,9,Plus,Yes,7.8,1,No
CUST-00223,2024-02-02 09:00:00,Granola Pack,Grocery,3,6.62,0.0,19.87,Store,North,Yes,35,9,Premium,Yes,5.2,0,Yes
CUST-00303,2024-02-02 09:00:00,Desk Notebook,Stationery,3,8.63,0.0,25.9,Web,West,No,53,20,Essential,No,10.0,0,Yes
CUST-00308,2024-02-02 09:00:00,Gift Candle,Home,2,17.9,0.0,35.8,Web,East,No,36,25,Essential,No,8.0,4,Yes
CUST-00252,2024-02-02 10:00:00,Wireless Charger,Electronics,4,28.09,0.0,112.36,Mobile app,Central,No,27,5,Premium,Yes,9.5,2,No
CUST-00178,2024-02-02 17:00:00,Gift Candle,Home,5,16.89,0.0,84.46,Store,South,No,65,26,Essential,Yes,9.5,1,No
CUST-00194,2024-02-03 08:00:00,Desk Notebook,Stationery,2,9.15,0.0,18.3,Store,West,No,58,29,Essential,Yes,6.9,3,No
CUST-00007,2024-02-03 17:00:00,Granola Pack,Grocery,5,6.91,0.0,34.56,Store,North,No,44,16,Essential,Yes,8.2,2,No
CUST-00034,2024-02-04 08:00:00,Phone Stand,Electronics,3,17.84,0.0,53.52,Mobile app,Central,No,52,25,Plus,Yes,7.9,1,No
CUST-00021,2024-02-04 12:00:00,Desk Notebook,Stationery,3,9.23,0.15,23.54,Mobile app,North,Yes,51,18,Essential,Yes,7.8,0,No
CUST-00312,2024-02-04 12:00:00,Travel Mug,Accessories,1,22.77,0.0,22.77,Web,South,No,53,34,Essential,Yes,10.0,1,No
CUST-00298,2024-02-04 14:00:00,Natural Soap Set,Personal Care,2,12.58,0.0,25.17,Mobile app,North,No,30,5,Essential,Yes,8.1,1,Yes
CUST-00309,2024-02-04 15:00:00,Herbal Tea,Beverages,6,6.65,0.05,37.91,Mobile app,East,Yes,64,34,Plus,Yes,8.1,1,No
CUST-00117,2024-02-04 17:00:00,Everyday Coffee,Beverages,2,8.68,0.0,17.35,Mobile app,West,No,64,27,Essential,No,4.5,1,Yes
CUST-00252,2024-02-04 20:00:00,Natural Soap Set,Personal Care,2,11.94,0.0,23.88,Mobile app,Central,No,27,5,Premium,Yes,9.5,2,No
CUST-00052,2024-02-05 09:00:00,Everyday Coffee,Beverages,1,8.21,0.0,8.21,Store,South,No,54,32,Plus,No,6.7,2,No
CUST-00106,2024-02-05 09:00:00,Herbal Tea,Beverages,4,7.28,0.0,29.1,Web,East,No,67,36,Essential,Yes,5.1,1,No
CUST-00058,2024-02-05 10:00:00,Travel Mug,Accessories,3,22.58,0.0,67.73,Store,South,No,30,17,Essential,Yes,4.7,1,Yes
CUST-00193,2024-02-05 17:00:00,Granola Pack,Grocery,4,7.2,0.0,28.8,Web,East,No,33,12,Essential,Yes,9.6,0,No
CUST-00269,2024-02-05 18:00:00,Everyday Coffee,Beverages,2,8.39,0.0,16.79,Web,Central,No,53,33,Essential,No,7.2,2,No
CUST-00191,2024-02-06 13:00:00,Everyday Coffee,Beverages,1,9.1,0.0,9.1,Web,South,No,44,14,Essential,Yes,5.9,1,Yes
CUST-00309,2024-02-06 14:00:00,Travel Mug,Accessories,2,22.84,0.0,45.68,Mobile app,East,No,64,34,Plus,Yes,8.1,1,No
CUST-00198,2024-02-06 17:00:00,Herbal Tea,Beverages,6,7.02,0.0,42.14,Web,South,No,44,28,Premium,Yes,5.2,1,No
CUST-00033,2024-02-06 18:00:00,Granola Pack,Grocery,1,6.82,0.0,6.82,Web,West,No,56,12,Essential,Yes,4.5,2,Yes
CUST-00308,2024-02-06 20:00:00,Everyday Coffee,Beverages,3,8.72,0.0,26.17,Web,East,No,36,25,Essential,No,8.0,4,Yes
CUST-00138,2024-02-06 21:00:00,Natural Soap Set,Personal Care,4,12.74,0.0,50.95,Web,East,No,34,47,Plus,Yes,7.5,1,No
CUST-00277,2024-02-07 10:00:00,Wireless Charger,Electronics,3,28.01,0.0,84.02,Web,South,No,56,37,Essential,No,7.8,3,No
CUST-00286,2024-02-07 14:00:00,Cotton Tote,Accessories,7,14.05,0.0,98.38,Mobile app,South,No,47,48,Plus,No,6.3,1,No
CUST-00250,2024-02-07 15:00:00,Herbal Tea,Beverages,4,7.25,0.0,29.02,Web,West,Yes,35,21,Essential,No,8.1,4,Yes
CUST-00281,2024-02-07 15:00:00,Natural Soap Set,Personal Care,3,13.35,0.0,40.04,Store,East,Yes,55,25,Plus,Yes,9.6,3,No
CUST-00133,2024-02-07 16:00:00,Desk Notebook,Stationery,3,9.07,0.0,27.21,Mobile app,South,No,43,33,Essential,Yes,8.3,2,No
CUST-00284,2024-02-08 11:00:00,Natural Soap Set,Personal Care,3,12.84,0.0,38.52,Mobile app,Central,No,21,11,Premium,Yes,6.5,1,No
CUST-00002,2024-02-08 13:00:00,Wireless Charger,Electronics,1,29.36,0.0,29.36,Web,West,No,41,13,Plus,Yes,7.5,2,No
CUST-00078,2024-02-08 18:00:00,Granola Pack,Grocery,1,6.74,0.0,6.74,Store,West,No,35,9,Essential,No,7.0,1,Yes
CUST-00221,2024-02-09 10:00:00,Wireless Charger,Electronics,5,30.99,0.0,154.93,Web,East,No,33,24,Essential,No,5.1,0,Yes
CUST-00097,2024-02-09 11:00:00,Herbal Tea,Beverages,2,7.45,0.0,14.9,Web,North,Yes,51,41,Essential,Yes,4.7,1,No
CUST-00175,2024-02-09 19:00:00,Phone Stand,Electronics,5,17.14,0.0,85.7,Web,South,No,33,3,Plus,Yes,6.1,3,Yes
CUST-00048,2024-02-09 20:00:00,Herbal Tea,Beverages,4,7.43,0.0,29.71,Mobile app,South,No,48,27,Premium,No,7.4,0,No
CUST-00255,2024-02-09 21:00:00,Herbal Tea,Beverages,3,7.31,0.0,21.94,Mobile app,North,No,55,14,Essential,Yes,6.9,2,No
CUST-00130,2024-02-10 10:00:00,Desk Notebook,Stationery,3,8.41,0.0,25.22,Web,North,Yes,29,22,Essential,Yes,4.8,1,Yes
CUST-00209,2024-02-10 13:00:00,Wireless Charger,Electronics,4,30.14,0.0,120.58,Mobile app,Central,No,35,37,Premium,Yes,7.9,2,No
CUST-00277,2024-02-10 15:00:00,Granola Pack,Grocery,5,6.66,0.0,33.32,Web,South,No,56,37,Essential,No,7.8,3,No
CUST-00069,2024-02-10 17:00:00,Wireless Charger,Electronics,3,27.55,0.0,82.66,Web,East,No,64,48,Premium,Yes,8.1,0,No
CUST-00267,2024-02-11 16:00:00,Cotton Tote,Accessories,2,14.63,0.0,29.26,Store,West,No,40,33,Plus,Yes,7.9,1,No
CUST-00157,2024-02-12 08:00:00,Herbal Tea,Beverages,3,7.15,0.0,21.46,Mobile app,West,No,64,21,Plus,No,8.1,0,Yes
CUST-00216,2024-02-12 10:00:00,Everyday Coffee,Beverages,2,9.37,0.0,18.75,Mobile app,North,No,37,36,Essential,Yes,7.4,0,No
CUST-00304,2024-02-12 12:00:00,Phone Stand,Electronics,5,18.41,0.0,92.05,Mobile app,East,No,35,20,Premium,Yes,8.3,1,No
CUST-00065,2024-02-12 13:00:00,Natural Soap Set,Personal Care,2,11.53,0.0,23.06,Web,East,No,66,17,Essential,Yes,9.0,5,No
CUST-00268,2024-02-14 15:00:00,Granola Pack,Grocery,3,7.31,0.0,21.92,Web,Central,No,65,42,Plus,Yes,8.7,0,No
CUST-00291,2024-02-14 18:00:00,Granola Pack,Grocery,4,7.36,0.05,27.97,Store,East,Yes,24,17,Premium,Yes,7.8,1,No
CUST-00298,2024-02-14 21:00:00,Travel Mug,Accessories,5,20.93,0.0,104.67,Mobile app,North,No,30,5,Essential,Yes,8.1,1,Yes
CUST-00311,2024-02-14 21:00:00,Travel Mug,Accessories,5,22.26,0.0,111.28,Web,Central,No,66,42,Plus,Yes,6.1,2,No
CUST-00081,2024-02-15 13:00:00,Natural Soap Set,Personal Care,4,12.77,0.0,51.09,Web,West,No,30,25,Essential,No,4.4,0,Yes
CUST-00109,2024-02-15 15:00:00,Granola Pack,Grocery,2,7.22,0.0,14.43,Web,South,No,49,12,Plus,No,5.8,0,Yes
CUST-00267,2024-02-15 15:00:00,Granola Pack,Grocery,2,6.88,0.0,13.76,Store,West,No,40,33,Plus,Yes,7.9,1,No
CUST-00306,2024-02-15 15:00:00,Wireless Charger,Electronics,3,28.32,0.0,84.97,Mobile app,West,No,63,33,Plus,No,7.5,3,No
CUST-00050,2024-02-15 19:00:00,Natural Soap Set,Personal Care,8,14.14,0.0,113.12,Mobile app,East,No,36,9,Plus,No,7.5,3,Yes
CUST-00063,2024-02-16 14:00:00,Travel Mug,Accessories,5,21.64,0.0,108.22,Web,East,No,25,38,Essential,Yes,7.5,0,No
CUST-00114,2024-02-16 15:00:00,Travel Mug,Accessories,3,21.96,0.0,65.88,Mobile app,South,No,65,26,Essential,Yes,5.8,2,No
CUST-00180,2024-02-16 17:00:00,Phone Stand,Electronics,3,15.27,0.0,45.81,Store,West,No,43,33,Plus,No,7.3,0,No
CUST-00067,2024-02-16 18:00:00,Phone Stand,Electronics,3,17.33,0.0,52.0,Web,North,No,56,38,Premium,No,5.4,5,Yes
CUST-00189,2024-02-16 19:00:00,Phone Stand,Electronics,7,17.78,0.0,124.45,Mobile app,West,Yes,53,10,Plus,Yes,7.3,0,No
CUST-00044,2024-02-16 20:00:00,Natural Soap Set,Personal Care,3,11.84,0.0,35.53,Web,East,No,66,46,Plus,No,6.9,1,No
CUST-00218,2024-02-16 20:00:00,Wireless Charger,Electronics,7,26.59,0.0,186.1,Mobile app,South,No,27,8,Plus,Yes,6.2,1,No
CUST-00060,2024-02-16 21:00:00,Gift Candle,Home,6,17.23,0.0,103.37,Web,South,No,25,39,Essential,Yes,6.5,1,No
CUST-00056,2024-02-17 09:00:00,Gift Candle,Home,4,18.57,0.0,74.26,Mobile app,North,No,57,10,Essential,Yes,5.8,2,Yes
CUST-00104,2024-02-17 20:00:00,Travel Mug,Accessories,3,22.34,0.0,67.03,Mobile app,North,No,58,35,Essential,No,6.3,3,No
CUST-00141,2024-02-18 08:00:00,Natural Soap Set,Personal Care,2,13.81,0.0,27.63,Web,West,No,26,31,Premium,No,5.4,4,Yes
CUST-00100,2024-02-18 15:00:00,Everyday Coffee,Beverages,3,7.83,0.0,23.5,Web,West,No,65,4,Premium,No,7.1,2,Yes
CUST-00184,2024-02-18 21:00:00,Travel Mug,Accessories,3,22.38,0.0,67.13,Mobile app,Central,No,23,45,Plus,No,5.3,0,Yes
CUST-00155,2024-02-19 09:00:00,Travel Mug,Accessories,1,22.16,0.0,22.16,Web,North,No,26,8,Plus,No,6.5,1,Yes
CUST-00194,2024-02-19 19:00:00,Natural Soap Set,Personal Care,3,12.29,0.0,36.87,Store,West,No,58,29,Essential,Yes,6.9,3,No
CUST-00189,2024-02-19 21:00:00,Phone Stand,Electronics,3,16.89,0.0,50.66,Mobile app,West,No,53,10,Plus,Yes,7.3,0,No
CUST-00226,2024-02-19 21:00:00,Desk Notebook,Stationery,6,9.04,0.0,54.25,Web,Central,No,38,45,Essential,Yes,6.4,1,No
CUST-00296,2024-02-20 11:00:00,Granola Pack,Grocery,1,6.58,0.0,6.58,Web,South,No,38,3,Plus,No,6.1,0,Yes
CUST-00218,2024-02-20 12:00:00,Phone Stand,Electronics,1,16.58,0.0,16.58,Mobile app,South,No,27,8,Plus,Yes,6.2,1,No
CUST-00156,2024-02-20 15:00:00,Herbal Tea,Beverages,1,7.82,0.0,7.82,Web,South,Yes,62,3,Essential,Yes,6.9,3,Yes
CUST-00023,2024-02-21 09:00:00,Gift Candle,Home,3,18.9,0.0,56.69,Mobile app,East,No,45,36,Essential,No,6.6,2,No
CUST-00287,2024-02-21 12:00:00,Wireless Charger,Electronics,6,27.86,0.0,167.16,Mobile app,West,No,52,40,Plus,Yes,9.2,2,No
CUST-00266,2024-02-21 19:00:00,Phone Stand,Electronics,3,17.93,0.0,53.8,Web,Central,No,57,41,Premium,Yes,8.2,1,No
CUST-00017,2024-02-21 21:00:00,Herbal Tea,Beverages,6,7.36,0.0,44.16,Web,East,No,34,23,Essential,No,6.7,1,No
CUST-00242,2024-02-22 09:00:00,Cotton Tote,Accessories,1,14.22,0.0,14.22,Web,South,No,52,37,Essential,No,9.1,2,No
CUST-00026,2024-02-22 10:00:00,Desk Notebook,Stationery,2,8.71,0.0,17.42,Mobile app,North,No,64,35,Essential,No,8.5,1,No
CUST-00295,2024-02-22 10:00:00,Natural Soap Set,Personal Care,8,12.11,0.0,96.85,Web,East,No,40,36,Plus,Yes,5.0,1,No
CUST-00157,2024-02-22 11:00:00,Gift Candle,Home,3,18.19,0.0,54.56,Mobile app,West,No,64,21,Plus,No,8.1,0,Yes
CUST-00302,2024-02-22 13:00:00,Everyday Coffee,Beverages,5,8.83,0.0,44.16,Web,West,No,22,8,Plus,No,8.3,0,Yes
CUST-00215,2024-02-22 15:00:00,Herbal Tea,Beverages,2,7.33,0.0,14.66,Web,East,No,62,45,Essential,Yes,7.7,0,No
CUST-00055,2024-02-22 16:00:00,Desk Notebook,Stationery,4,9.08,0.0,36.33,Store,West,No,61,8,Plus,Yes,6.4,4,Yes
CUST-00080,2024-02-22 17:00:00,Desk Notebook,Stationery,5,8.51,0.0,42.57,Store,East,No,53,37,Essential,Yes,8.1,1,No
CUST-00255,2024-02-22 17:00:00,Natural Soap Set,Personal Care,5,12.27,0.0,61.37,Mobile app,North,No,55,14,Essential,Yes,6.9,2,No
CUST-00061,2024-02-23 11:00:00,Travel Mug,Accessories,6,21.58,0.0,129.51,Store,Central,No,24,6,Premium,No,7.4,2,No
CUST-00069,2024-02-23 14:00:00,Phone Stand,Electronics,1,18.4,0.0,18.4,Web,East,No,64,48,Premium,Yes,8.1,0,No
CUST-00045,2024-02-24 10:00:00,Desk Notebook,Stationery,4,8.67,0.0,34.67,Store,Central,No,59,25,Plus,No,9.0,1,Yes
CUST-00271,2024-02-24 13:00:00,Granola Pack,Grocery,3,7.69,0.05,21.93,Mobile app,West,Yes,61,16,Plus,Yes,8.9,2,No
CUST-00196,2024-02-24 20:00:00,Everyday Coffee,Beverages,3,8.85,0.0,26.56,Web,West,No,52,2,Essential,Yes,8.1,3,Yes
CUST-00138,2024-02-24 21:00:00,Wireless Charger,Electronics,7,31.15,0.0,218.05,Web,East,No,34,47,Plus,Yes,7.5,1,No
CUST-00282,2024-02-25 09:00:00,Granola Pack,Grocery,1,6.42,0.0,6.42,Mobile app,West,No,33,11,Essential,Yes,5.8,2,Yes
CUST-00193,2024-02-25 10:00:00,Granola Pack,Grocery,3,7.01,0.0,21.02,Web,East,No,33,12,Essential,Yes,9.6,0,No
CUST-00118,2024-02-25 16:00:00,Granola Pack,Grocery,4,6.58,0.0,26.32,Web,North,No,38,30,Plus,Yes,9.2,1,No
CUST-00205,2024-02-25 18:00:00,Herbal Tea,Beverages,3,7.19,0.0,21.57,Web,Central,Yes,58,5,Premium,Yes,4.9,1,Yes
CUST-00232,2024-02-25 20:00:00,Wireless Charger,Electronics,2,28.64,0.0,57.29,Mobile app,East,Yes,42,12,Essential,Yes,5.8,1,Yes
CUST-00282,2024-02-25 20:00:00,Travel Mug,Accessories,3,20.6,0.0,61.79,Mobile app,West,Yes,33,11,Essential,Yes,5.8,2,Yes
CUST-00051,2024-02-26 08:00:00,Everyday Coffee,Beverages,1,8.32,0.0,8.32,Store,South,No,59,40,Plus,Yes,8.2,0,No
CUST-00061,2024-02-26 09:00:00,Gift Candle,Home,3,19.32,0.0,57.95,Store,Central,No,24,6,Premium,No,7.4,2,No
CUST-00097,2024-02-26 10:00:00,Herbal Tea,Beverages,4,6.96,0.1,25.04,Web,North,Yes,51,41,Essential,Yes,4.7,1,No
CUST-00011,2024-02-26 16:00:00,Phone Stand,Electronics,5,17.23,0.0,86.14,Mobile app,East,No,65,47,Premium,No,4.8,1,No
CUST-00143,2024-02-27 09:00:00,Travel Mug,Accessories,3,22.74,0.0,68.23,Web,Central,No,22,23,Essential,Yes,6.9,1,No
CUST-00246,2024-02-28 09:00:00,Cotton Tote,Accessories,8,14.52,0.0,116.14,Web,East,No,50,48,Essential,No,9.1,2,No
CUST-00012,2024-02-28 13:00:00,Granola Pack,Grocery,1,6.47,0.0,6.47,Mobile app,South,No,65,19,Plus,Yes,6.6,3,No
CUST-00105,2024-02-28 14:00:00,Desk Notebook,Stationery,2,8.71,0.0,17.41,Mobile app,South,No,51,42,Plus,No,5.6,3,Yes
CUST-00320,2024-02-28 14:00:00,Herbal Tea,Beverages,5,7.29,0.0,36.46,Mobile app,West,No,37,28,Plus,Yes,7.8,0,No
CUST-00204,2024-02-28 20:00:00,Everyday Coffee,Beverages,1,8.66,0.0,8.66,Mobile app,South,No,50,4,Essential,Yes,5.4,1,Yes
CUST-00278,2024-03-01 12:00:00,Travel Mug,Accessories,5,21.68,0.0,108.41,Web,North,Yes,24,17,Plus,Yes,7.1,3,No
CUST-00172,2024-03-01 13:00:00,Herbal Tea,Beverages,4,6.9,0.0,27.6,Store,East,No,22,30,Essential,Yes,7.5,0,No
CUST-00167,2024-03-01 17:00:00,Phone Stand,Electronics,2,19.04,0.0,38.08,Web,West,No,47,28,Essential,No,8.4,3,Yes
CUST-00125,2024-03-01 21:00:00,Cotton Tote,Accessories,6,14.82,0.0,88.94,Store,North,No,35,21,Essential,Yes,10.0,1,No
CUST-00074,2024-03-02 09:00:00,Travel Mug,Accessories,3,22.42,0.0,67.27,Mobile app,South,No,55,37,Plus,Yes,9.4,2,No
CUST-00317,2024-03-02 10:00:00,Gift Candle,Home,3,17.77,0.0,53.31,Web,East,No,52,28,Plus,Yes,7.0,1,No
CUST-00306,2024-03-02 11:00:00,Everyday Coffee,Beverages,5,8.98,0.0,44.88,Mobile app,West,No,63,33,Plus,No,7.5,3,No
CUST-00193,2024-03-03 11:00:00,Desk Notebook,Stationery,2,9.26,0.0,18.52,Web,East,No,33,12,Essential,Yes,9.6,0,No
CUST-00235,2024-03-03 12:00:00,Phone Stand,Electronics,6,18.71,0.0,112.25,Store,North,No,33,9,Premium,No,7.8,3,Yes
CUST-00031,2024-03-03 13:00:00,Granola Pack,Grocery,2,6.88,0.0,13.76,Mobile app,Central,No,60,19,Plus,Yes,8.2,2,No
CUST-00040,2024-03-03 15:00:00,Everyday Coffee,Beverages,4,8.37,0.0,33.49,Mobile app,East,No,64,37,Essential,Yes,9.2,2,No
CUST-00012,2024-03-03 17:00:00,Desk Notebook,Stationery,2,9.36,0.0,18.71,Mobile app,South,No,65,19,Plus,Yes,6.6,3,No
CUST-00091,2024-03-04 13:00:00,Granola Pack,Grocery,4,6.59,0.0,26.36,Store,North,No,41,26,Essential,No,7.9,0,Yes
CUST-00125,2024-03-04 13:00:00,Herbal Tea,Beverages,4,7.9,0.0,31.61,Store,North,No,35,21,Essential,Yes,10.0,1,No
CUST-00025,2024-03-04 21:00:00,Cotton Tote,Accessories,5,14.27,0.0,71.34,Mobile app,Central,No,53,2,Plus,Yes,5.0,3,Yes
CUST-00285,2024-03-05 14:00:00,Herbal Tea,Beverages,1,7.64,0.1,6.87,Web,South,Yes,43,12,Plus,Yes,7.0,0,No
CUST-00169,2024-03-05 16:00:00,Desk Notebook,Stationery,3,9.57,0.0,28.72,Web,North,No,68,10,Plus,Yes,7.3,0,No
CUST-00028,2024-03-05 20:00:00,Phone Stand,Electronics,1,16.96,0.0,16.96,Mobile app,South,No,34,17,Premium,Yes,6.8,2,No
CUST-00154,2024-03-06 10:00:00,Natural Soap Set,Personal Care,7,13.56,0.0,94.9,Mobile app,Central,No,21,39,Plus,Yes,6.2,5,No
CUST-00236,2024-03-06 17:00:00,Desk Notebook,Stationery,5,9.19,0.0,45.93,Store,West,No,61,47,Essential,Yes,9.9,1,No
CUST-00190,2024-03-06 18:00:00,Gift Candle,Home,5,18.33,0.0,91.64,Store,Central,No,59,15,Plus,Yes,6.6,4,Yes
CUST-00286,2024-03-07 08:00:00,Granola Pack,Grocery,4,6.83,0.0,27.33,Mobile app,South,No,47,48,Plus,No,6.3,1,No
CUST-00078,2024-03-07 09:00:00,Herbal Tea,Beverages,3,7.28,0.0,21.83,Store,West,No,35,9,Essential,No,7.0,1,Yes
CUST-00213,2024-03-07 16:00:00,Everyday Coffee,Beverages,7,8.19,0.0,57.35,Store,West,No,67,24,Premium,Yes,4.8,1,No
CUST-00018,2024-03-07 18:00:00,Desk Notebook,Stationery,6,9.41,0.0,56.44,Mobile app,West,No,46,6,Essential,No,8.1,0,Yes
CUST-00145,2024-03-08 09:00:00,Herbal Tea,Beverages,3,7.82,0.0,23.45,Store,West,No,48,27,Plus,Yes,3.9,4,Yes
CUST-00210,2024-03-08 14:00:00,Cotton Tote,Accessories,4,13.86,0.0,55.44,Web,North,No,52,36,Essential,Yes,8.4,1,No
CUST-00290,2024-03-08 15:00:00,Phone Stand,Electronics,1,16.63,0.0,16.63,Web,West,No,46,19,Plus,Yes,5.1,1,Yes
CUST-00218,2024-03-08 19:00:00,Gift Candle,Home,1,18.29,0.1,16.46,Mobile app,South,Yes,27,8,Plus,Yes,6.2,1,No
CUST-00052,2024-03-09 11:00:00,Desk Notebook,Stationery,5,8.58,0.0,42.92,Store,South,No,54,32,Plus,No,6.7,2,No
CUST-00182,2024-03-09 18:00:00,Everyday Coffee,Beverages,1,8.75,0.0,8.75,Mobile app,East,No,67,5,Essential,Yes,8.1,0,No
CUST-00215,2024-03-09 18:00:00,Phone Stand,Electronics,3,17.78,0.0,53.35,Web,East,No,62,45,Essential,Yes,7.7,0,No
CUST-00130,2024-03-09 20:00:00,Cotton Tote,Accessories,1,12.76,0.0,12.76,Web,North,No,29,22,Essential,Yes,4.8,1,Yes
CUST-00297,2024-03-10 13:00:00,Travel Mug,Accessories,3,21.24,0.0,63.73,Web,Central,No,63,4,Plus,Yes,6.4,3,Yes
CUST-00227,2024-03-10 16:00:00,Desk Notebook,Stationery,5,8.49,0.0,42.47,Mobile app,West,No,23,40,Plus,Yes,9.3,1,No
CUST-00143,2024-03-10 19:00:00,Herbal Tea,Beverages,4,7.23,0.0,28.93,Web,Central,No,22,23,Essential,Yes,6.9,1,No
CUST-00014,2024-03-11 08:00:00,Phone Stand,Electronics,5,17.25,0.0,86.24,Mobile app,East,No,49,37,Plus,No,5.6,0,Yes
CUST-00022,2024-03-11 11:00:00,Herbal Tea,Beverages,5,7.07,0.0,35.33,Store,West,No,37,11,Plus,Yes,8.5,1,No
CUST-00090,2024-03-11 11:00:00,Everyday Coffee,Beverages,1,8.44,0.0,8.44,Web,West,No,68,3,Essential,Yes,7.7,0,Yes
CUST-00095,2024-03-11 15:00:00,Gift Candle,Home,2,16.66,0.0,33.33,Web,North,Yes,33,2,Plus,No,6.3,2,Yes
CUST-00197,2024-03-11 18:00:00,Phone Stand,Electronics,4,16.66,0.0,66.62,Mobile app,East,No,37,30,Essential,Yes,5.0,1,No
CUST-00217,2024-03-11 21:00:00,Wireless Charger,Electronics,5,31.28,0.0,156.4,Mobile app,Central,No,47,44,Plus,Yes,7.5,0,No
CUST-00061,2024-03-12 11:00:00,Herbal Tea,Beverages,6,7.48,0.0,44.87,Store,Central,Yes,24,6,Premium,No,7.4,2,No
CUST-00086,2024-03-12 13:00:00,Gift Candle,Home,4,17.37,0.0,69.47,Web,West,No,33,36,Essential,Yes,6.6,3,No
CUST-00310,2024-03-12 15:00:00,Everyday Coffee,Beverages,5,8.58,0.0,42.89,Web,Central,No,66,47,Essential,Yes,3.1,1,No
CUST-00136,2024-03-12 19:00:00,Everyday Coffee,Beverages,5,8.5,0.0,42.51,Web,North,No,25,7,Essential,Yes,8.3,1,No
CUST-00067,2024-03-13 15:00:00,Travel Mug,Accessories,9,22.13,0.0,199.16,Web,North,No,56,38,Premium,No,5.4,5,Yes
CUST-00237,2024-03-13 21:00:00,Travel Mug,Accessories,6,21.45,0.0,128.68,Web,South,No,57,22,Essential,Yes,5.9,1,Yes
CUST-00138,2024-03-14 10:00:00,Gift Candle,Home,2,17.65,0.0,35.3,Web,East,No,34,47,Plus,Yes,7.5,1,No
CUST-00212,2024-03-14 10:00:00,Travel Mug,Accessories,1,21.05,0.1,18.95,Store,Central,Yes,31,13,Plus,Yes,10.0,3,No
CUST-00266,2024-03-14 14:00:00,Gift Candle,Home,5,18.74,0.0,93.72,Web,Central,No,57,41,Premium,Yes,8.2,1,No
CUST-00113,2024-03-14 17:00:00,Cotton Tote,Accessories,4,14.78,0.0,59.11,Mobile app,East,No,41,39,Essential,Yes,7.6,0,No
CUST-00140,2024-03-14 21:00:00,Desk Notebook,Stationery,2,9.34,0.0,18.69,Web,East,No,53,2,Essential,No,9.2,4,Yes
CUST-00191,2024-03-15 08:00:00,Phone Stand,Electronics,1,17.98,0.0,17.98,Web,South,No,44,14,Essential,Yes,5.9,1,Yes
CUST-00305,2024-03-15 08:00:00,Gift Candle,Home,10,18.75,0.0,187.53,Store,Central,No,57,32,Essential,No,8.9,1,No
CUST-00023,2024-03-15 11:00:00,Phone Stand,Electronics,5,17.32,0.0,86.62,Mobile app,East,No,45,36,Essential,No,6.6,2,No
CUST-00177,2024-03-15 18:00:00,Natural Soap Set,Personal Care,4,11.58,0.0,46.32,Web,Central,No,37,14,Essential,Yes,7.1,2,No
CUST-00218,2024-03-15 21:00:00,Wireless Charger,Electronics,1,24.17,0.0,24.17,Mobile app,South,No,27,8,Plus,Yes,6.2,1,No
CUST-00289,2024-03-16 19:00:00,Travel Mug,Accessories,2,22.41,0.0,44.82,Mobile app,East,No,49,7,Plus,No,10.0,2,Yes
CUST-00201,2024-03-17 11:00:00,Granola Pack,Grocery,3,6.98,0.0,20.93,Web,South,No,65,18,Plus,Yes,6.6,0,No
CUST-00242,2024-03-17 11:00:00,Cotton Tote,Accessories,1,13.91,0.0,13.91,Web,South,No,52,37,Essential,No,9.1,2,No
CUST-00013,2024-03-17 12:00:00,Wireless Charger,Electronics,1,30.08,0.0,30.08,Web,North,No,54,26,Essential,Yes,6.3,2,No
CUST-00258,2024-03-17 12:00:00,Everyday Coffee,Beverages,3,8.49,0.05,24.19,Store,South,Yes,54,38,Premium,Yes,6.6,3,No
CUST-00179,2024-03-17 15:00:00,Cotton Tote,Accessories,6,14.06,0.0,84.36,Web,Central,No,68,25,Essential,Yes,5.4,4,Yes
CUST-00222,2024-03-17 15:00:00,Desk Notebook,Stationery,1,9.52,0.0,9.52,Web,Central,No,24,11,Premium,No,8.0,1,Yes
CUST-00094,2024-03-17 19:00:00,Gift Candle,Home,5,17.13,0.0,85.65,Web,West,No,37,31,Plus,No,6.5,1,Yes
CUST-00042,2024-03-17 21:00:00,Phone Stand,Electronics,3,17.3,0.0,51.9,Mobile app,North,No,67,21,Essential,Yes,9.0,0,No
CUST-00182,2024-03-17 21:00:00,Gift Candle,Home,3,17.27,0.0,51.81,Mobile app,East,No,67,5,Essential,Yes,8.1,0,No
CUST-00027,2024-03-18 12:00:00,Phone Stand,Electronics,2,17.68,0.0,35.37,Web,Central,No,63,15,Plus,Yes,9.1,1,No
CUST-00033,2024-03-18 16:00:00,Wireless Charger,Electronics,2,28.67,0.0,57.35,Web,West,No,56,12,Essential,Yes,4.5,2,Yes
CUST-00160,2024-03-18 17:00:00,Herbal Tea,Beverages,2,6.92,0.0,13.84,Web,North,No,29,10,Premium,Yes,5.3,2,No
CUST-00067,2024-03-18 18:00:00,Phone Stand,Electronics,5,17.12,0.0,85.58,Web,North,No,56,38,Premium,No,5.4,5,Yes
CUST-00128,2024-03-18 20:00:00,Travel Mug,Accessories,4,23.31,0.0,93.24,Mobile app,Central,No,35,32,Essential,Yes,6.2,0,No
CUST-00217,2024-03-19 10:00:00,Herbal Tea,Beverages,3,7.56,0.0,22.67,Mobile app,Central,No,47,44,Plus,Yes,7.5,0,No
CUST-00167,2024-03-19 15:00:00,Everyday Coffee,Beverages,1,8.14,0.0,8.14,Web,West,No,47,28,Essential,No,8.4,3,Yes
CUST-00220,2024-03-19 15:00:00,Everyday Coffee,Beverages,5,8.49,0.0,42.43,Web,South,No,24,21,Plus,Yes,6.4,1,No
CUST-00282,2024-03-19 17:00:00,Phone Stand,Electronics,4,18.81,0.0,75.23,Mobile app,West,No,33,11,Essential,Yes,5.8,2,Yes
CUST-00021,2024-03-19 18:00:00,Natural Soap Set,Personal Care,2,12.32,0.0,24.64,Mobile app,North,No,51,18,Essential,Yes,7.8,0,No
CUST-00190,2024-03-19 20:00:00,Cotton Tote,Accessories,5,14.69,0.0,73.45,Store,Central,No,59,15,Plus,Yes,6.6,4,Yes
CUST-00154,2024-03-20 12:00:00,Cotton Tote,Accessories,5,15.18,0.0,75.92,Mobile app,Central,No,21,39,Plus,Yes,6.2,5,No
CUST-00011,2024-03-20 17:00:00,Granola Pack,Grocery,6,6.94,0.0,41.62,Mobile app,East,No,65,47,Premium,No,4.8,1,No
CUST-00063,2024-03-21 12:00:00,Herbal Tea,Beverages,3,6.89,0.0,20.66,Web,East,No,25,38,Essential,Yes,7.5,0,No
CUST-00083,2024-03-21 13:00:00,Gift Candle,Home,2,17.75,0.0,35.51,Web,East,No,56,16,Plus,Yes,7.5,0,No
CUST-00115,2024-03-21 13:00:00,Wireless Charger,Electronics,2,25.91,0.0,51.83,Web,West,No,66,6,Plus,Yes,7.2,2,No
CUST-00226,2024-03-21 21:00:00,Natural Soap Set,Personal Care,3,11.88,0.0,35.64,Web,Central,No,38,45,Essential,Yes,6.4,1,No
CUST-00238,2024-03-22 13:00:00,Cotton Tote,Accessories,1,15.08,0.0,15.08,Mobile app,West,No,37,12,Plus,No,6.7,4,Yes
CUST-00235,2024-03-22 17:00:00,Everyday Coffee,Beverages,3,7.61,0.0,22.84,Store,North,No,33,9,Premium,No,7.8,3,Yes
CUST-00245,2024-03-23 18:00:00,Cotton Tote,Accessories,2,14.39,0.0,28.78,Web,North,Yes,68,22,Essential,Yes,9.5,0,No
CUST-00088,2024-03-23 21:00:00,Herbal Tea,Beverages,1,6.77,0.0,6.77,Web,Central,No,57,4,Essential,Yes,7.0,0,No
CUST-00181,2024-03-23 21:00:00,Granola Pack,Grocery,2,6.88,0.0,13.75,Mobile app,South,No,49,20,Plus,Yes,8.6,1,No
CUST-00001,2024-03-24 08:00:00,Granola Pack,Grocery,4,6.97,0.0,27.87,Web,West,No,53,7,Plus,No,7.5,5,Yes
CUST-00077,2024-03-24 10:00:00,Phone Stand,Electronics,3,17.08,0.15,43.56,Mobile app,North,Yes,44,44,Premium,No,7.8,2,No
CUST-00233,2024-03-24 12:00:00,Granola Pack,Grocery,1,6.47,0.0,6.47,Mobile app,South,No,52,32,Essential,No,6.4,2,No
CUST-00312,2024-03-24 12:00:00,Everyday Coffee,Beverages,6,8.6,0.0,51.59,Web,South,No,53,34,Essential,Yes,10.0,1,No
CUST-00256,2024-03-24 15:00:00,Herbal Tea,Beverages,1,6.99,0.0,6.99,Mobile app,East,No,47,25,Plus,Yes,7.2,4,No
CUST-00265,2024-03-25 08:00:00,Cotton Tote,Accessories,5,15.78,0.0,78.91,Web,West,No,48,4,Plus,Yes,8.1,1,No
CUST-00234,2024-03-25 09:00:00,Natural Soap Set,Personal Care,3,12.96,0.0,38.87,Web,West,No,29,44,Essential,No,6.6,3,No
CUST-00003,2024-03-25 15:00:00,Wireless Charger,Electronics,3,30.47,0.05,86.84,Web,North,Yes,35,44,Premium,Yes,8.1,0,No
CUST-00024,2024-03-25 16:00:00,Herbal Tea,Beverages,4,7.16,0.0,28.64,Store,Central,No,59,17,Plus,Yes,5.3,2,Yes
CUST-00049,2024-03-25 16:00:00,Cotton Tote,Accessories,8,14.37,0.0,114.94,Mobile app,North,No,40,47,Plus,Yes,7.0,1,No
CUST-00131,2024-03-25 21:00:00,Everyday Coffee,Beverages,1,8.92,0.0,8.92,Web,Central,No,28,11,Plus,Yes,6.0,0,No
CUST-00278,2024-03-25 21:00:00,Cotton Tote,Accessories,4,13.89,0.0,55.57,Web,North,No,24,17,Plus,Yes,7.1,3,No
CUST-00165,2024-03-26 08:00:00,Cotton Tote,Accessories,2,13.71,0.0,27.43,Web,West,No,22,5,Plus,No,8.4,0,Yes
CUST-00082,2024-03-26 12:00:00,Everyday Coffee,Beverages,3,8.76,0.0,26.27,Web,Central,No,31,6,Essential,Yes,7.3,1,Yes
CUST-00091,2024-03-26 14:00:00,Natural Soap Set,Personal Care,3,12.31,0.0,36.94,Store,North,No,41,26,Essential,No,7.9,0,Yes
CUST-00059,2024-03-26 16:00:00,Phone Stand,Electronics,1,17.44,0.0,17.44,Web,South,No,56,25,Premium,Yes,7.0,1,No
CUST-00013,2024-03-26 17:00:00,Natural Soap Set,Personal Care,4,12.06,0.0,48.24,Web,North,No,54,26,Essential,Yes,6.3,2,No
CUST-00015,2024-03-26 19:00:00,Cotton Tote,Accessories,4,15.29,0.0,61.16,Store,South,No,59,4,Plus,Yes,6.6,1,No
CUST-00318,2024-03-26 19:00:00,Wireless Charger,Electronics,4,29.18,0.0,116.73,Web,East,No,57,44,Premium,Yes,2.6,4,No
CUST-00144,2024-03-26 20:00:00,Granola Pack,Grocery,7,7.0,0.0,48.98,Mobile app,West,No,51,29,Plus,Yes,10.0,2,No
CUST-00095,2024-03-27 09:00:00,Gift Candle,Home,2,18.58,0.0,37.16,Web,North,No,33,2,Plus,No,6.3,2,Yes
CUST-00084,2024-03-27 11:00:00,Herbal Tea,Beverages,4,7.32,0.0,29.27,Web,West,No,68,5,Essential,Yes,6.2,0,No
CUST-00044,2024-03-27 12:00:00,Gift Candle,Home,1,18.08,0.0,18.08,Web,East,No,66,46,Plus,No,6.9,1,No
CUST-00156,2024-03-27 12:00:00,Granola Pack,Grocery,7,7.14,0.0,49.97,Web,South,No,62,3,Essential,Yes,6.9,3,Yes
CUST-00026,2024-03-27 17:00:00,Natural Soap Set,Personal Care,2,12.61,0.0,25.22,Mobile app,North,No,64,35,Essential,No,8.5,1,No
CUST-00253,2024-03-28 08:00:00,Desk Notebook,Stationery,6,8.61,0.0,51.64,Web,East,No,53,7,Essential,Yes,6.7,1,No
CUST-00306,2024-03-28 18:00:00,Granola Pack,Grocery,4,6.22,0.0,24.87,Mobile app,West,No,63,33,Plus,No,7.5,3,No
CUST-00035,2024-03-28 20:00:00,Wireless Charger,Electronics,5,27.65,0.0,138.26,Web,East,No,48,15,Essential,No,8.0,1,Yes
CUST-00093,2024-03-28 20:00:00,Everyday Coffee,Beverages,4,8.9,0.0,35.6,Mobile app,Central,No,25,45,Plus,Yes,7.9,4,No
CUST-00193,2024-03-29 10:00:00,Gift Candle,Home,4,19.16,0.0,76.65,Web,East,No,33,12,Essential,Yes,9.6,0,No
CUST-00134,2024-03-29 19:00:00,Everyday Coffee,Beverages,4,8.1,0.0,32.42,Mobile app,North,No,23,31,Essential,Yes,6.7,0,No
CUST-00225,2024-03-29 19:00:00,Desk Notebook,Stationery,6,9.15,0.0,54.91,Mobile app,East,Yes,43,27,Plus,Yes,9.9,1,No
CUST-00048,2024-03-30 08:00:00,Cotton Tote,Accessories,2,14.05,0.0,28.1,Mobile app,South,No,48,27,Premium,No,7.4,0,No
CUST-00057,2024-03-30 11:00:00,Everyday Coffee,Beverages,4,7.87,0.0,31.5,Web,East,No,48,38,Premium,Yes,7.6,2,No
CUST-00088,2024-03-30 18:00:00,Phone Stand,Electronics,6,17.24,0.0,103.46,Web,Central,No,57,4,Essential,Yes,7.0,0,No
CUST-00026,2024-04-01 14:00:00,Wireless Charger,Electronics,3,27.58,0.0,82.74,Mobile app,North,No,64,35,Essential,No,8.5,1,No
CUST-00170,2024-04-01 20:00:00,Travel Mug,Accessories,5,21.92,0.0,109.59,Web,West,No,48,35,Essential,Yes,8.1,1,No
CUST-00130,2024-04-01 21:00:00,Desk Notebook,Stationery,3,9.06,0.0,27.19,Web,North,No,29,22,Essential,Yes,4.8,1,Yes
CUST-00209,2024-04-01 21:00:00,Desk Notebook,Stationery,3,8.93,0.0,26.79,Mobile app,Central,No,35,37,Premium,Yes,7.9,2,No
CUST-00141,2024-04-02 09:00:00,Cotton Tote,Accessories,3,15.27,0.0,45.82,Web,West,No,26,31,Premium,No,5.4,4,Yes
CUST-00275,2024-04-02 17:00:00,Phone Stand,Electronics,2,15.88,0.0,31.77,Web,West,No,58,39,Premium,Yes,8.3,3,No
CUST-00039,2024-04-02 18:00:00,Cotton Tote,Accessories,4,15.18,0.0,60.71,Web,West,No,46,43,Plus,Yes,5.9,0,No
CUST-00138,2024-04-03 10:00:00,Wireless Charger,Electronics,2,31.65,0.0,63.3,Web,East,No,34,47,Plus,Yes,7.5,1,No
CUST-00182,2024-04-03 16:00:00,Wireless Charger,Electronics,3,31.27,0.0,93.82,Mobile app,East,No,67,5,Essential,Yes,8.1,0,No
CUST-00208,2024-04-03 19:00:00,Wireless Charger,Electronics,4,31.44,0.0,125.76,Mobile app,North,No,56,2,Essential,No,6.6,3,Yes
CUST-00230,2024-04-03 20:00:00,Natural Soap Set,Personal Care,6,12.25,0.0,73.49,Store,West,Yes,26,36,Plus,Yes,9.4,2,No
CUST-00016,2024-04-04 08:00:00,Natural Soap Set,Personal Care,2,12.77,0.0,25.54,Mobile app,South,No,52,18,Essential,Yes,8.8,0,No
CUST-00232,2024-04-04 19:00:00,Cotton Tote,Accessories,3,14.23,0.0,42.69,Mobile app,East,No,42,12,Essential,Yes,5.8,1,Yes
CUST-00244,2024-04-04 19:00:00,Granola Pack,Grocery,4,7.17,0.0,28.68,Web,Central,No,51,44,Essential,No,5.7,2,Yes
CUST-00168,2024-04-05 08:00:00,Desk Notebook,Stationery,2,8.7,0.0,17.4,Store,Central,No,68,27,Essential,Yes,6.8,1,No
CUST-00315,2024-04-05 08:00:00,Phone Stand,Electronics,3,17.14,0.0,51.42,Mobile app,East,Yes,36,32,Premium,Yes,6.7,1,No
CUST-00300,2024-04-05 10:00:00,Desk Notebook,Stationery,4,9.52,0.0,38.07,Store,West,No,34,6,Premium,No,8.5,0,Yes
CUST-00223,2024-04-05 17:00:00,Desk Notebook,Stationery,8,9.0,0.0,72.0,Store,North,No,35,9,Premium,Yes,5.2,0,Yes
CUST-00057,2024-04-05 21:00:00,Travel Mug,Accessories,6,21.61,0.0,129.69,Web,East,No,48,38,Premium,Yes,7.6,2,No
CUST-00147,2024-04-05 21:00:00,Granola Pack,Grocery,1,6.66,0.0,6.66,Store,Central,No,45,14,Plus,Yes,6.9,1,No
CUST-00087,2024-04-06 12:00:00,Wireless Charger,Electronics,6,26.47,0.0,158.8,Mobile app,North,No,61,32,Plus,Yes,6.0,1,No
CUST-00131,2024-04-06 12:00:00,Gift Candle,Home,2,18.47,0.0,36.94,Web,Central,No,28,11,Plus,Yes,6.0,0,No
CUST-00238,2024-04-06 12:00:00,Travel Mug,Accessories,2,20.95,0.0,41.9,Mobile app,West,No,37,12,Plus,No,6.7,4,Yes
CUST-00210,2024-04-06 13:00:00,Travel Mug,Accessories,3,20.92,0.0,62.77,Web,North,No,52,36,Essential,Yes,8.4,1,No
CUST-00228,2024-04-06 14:00:00,Cotton Tote,Accessories,6,14.36,0.0,86.18,Store,South,No,58,12,Premium,Yes,9.0,3,No
CUST-00317,2024-04-06 14:00:00,Travel Mug,Accessories,5,21.48,0.0,107.41,Web,East,No,52,28,Plus,Yes,7.0,1,No
CUST-00302,2024-04-06 17:00:00,Phone Stand,Electronics,3,18.19,0.0,54.58,Web,West,No,22,8,Plus,No,8.3,0,Yes
CUST-00239,2024-04-06 20:00:00,Desk Notebook,Stationery,3,9.04,0.0,27.12,Web,North,No,68,29,Essential,Yes,7.1,2,No
CUST-00310,2024-04-06 21:00:00,Granola Pack,Grocery,1,6.41,0.0,6.41,Web,Central,No,66,47,Essential,Yes,3.1,1,No
CUST-00072,2024-04-07 10:00:00,Herbal Tea,Beverages,4,6.64,0.0,26.54,Mobile app,South,No,39,47,Essential,No,7.7,1,No
CUST-00218,2024-04-07 12:00:00,Desk Notebook,Stationery,2,9.05,0.0,18.11,Mobile app,South,No,27,8,Plus,Yes,6.2,1,No
CUST-00136,2024-04-07 13:00:00,Wireless Charger,Electronics,6,28.33,0.0,170.01,Web,North,No,25,7,Essential,Yes,8.3,1,No
CUST-00126,2024-04-07 20:00:00,Gift Candle,Home,1,17.72,0.0,17.72,Mobile app,Central,No,68,11,Plus,Yes,9.6,4,Yes
CUST-00192,2024-04-08 10:00:00,Gift Candle,Home,1,17.52,0.0,17.52,Web,East,No,41,6,Essential,Yes,8.9,0,No
CUST-00253,2024-04-08 12:00:00,Granola Pack,Grocery,2,6.65,0.0,13.29,Web,East,No,53,7,Essential,Yes,6.7,1,No
CUST-00066,2024-04-08 13:00:00,Desk Notebook,Stationery,3,8.86,0.0,26.59,Mobile app,North,No,36,31,Essential,Yes,6.4,0,No
CUST-00140,2024-04-08 14:00:00,Wireless Charger,Electronics,3,28.78,0.0,86.34,Web,East,No,53,2,Essential,No,9.2,4,Yes
CUST-00161,2024-04-08 16:00:00,Natural Soap Set,Personal Care,7,13.48,0.0,94.35,Web,North,No,22,41,Essential,Yes,4.8,0,No
CUST-00320,2024-04-08 16:00:00,Desk Notebook,Stationery,2,8.86,0.0,17.72,Mobile app,West,No,37,28,Plus,Yes,7.8,0,No
CUST-00158,2024-04-08 17:00:00,Gift Candle,Home,2,15.83,0.0,31.66,Web,South,No,58,4,Premium,Yes,7.6,2,No
CUST-00265,2024-04-08 17:00:00,Phone Stand,Electronics,1,17.64,0.0,17.64,Web,West,No,48,4,Plus,Yes,8.1,1,No
CUST-00026,2024-04-08 19:00:00,Desk Notebook,Stationery,3,8.9,0.0,26.7,Mobile app,North,No,64,35,Essential,No,8.5,1,No
CUST-00315,2024-04-08 20:00:00,Everyday Coffee,Beverages,4,8.82,0.15,29.99,Mobile app,East,Yes,36,32,Premium,Yes,6.7,1,No
CUST-00124,2024-04-08 21:00:00,Travel Mug,Accessories,2,21.86,0.0,43.72,Mobile app,East,No,47,40,Plus,Yes,6.5,2,No
CUST-00075,2024-04-09 12:00:00,Desk Notebook,Stationery,5,8.86,0.0,44.32,Web,West,No,39,17,Plus,Yes,6.5,2,No
CUST-00302,2024-04-09 15:00:00,Travel Mug,Accessories,1,23.53,0.0,23.53,Web,West,No,22,8,Plus,No,8.3,0,Yes
CUST-00248,2024-04-09 17:00:00,Cotton Tote,Accessories,3,15.15,0.0,45.46,Web,Central,No,21,33,Essential,Yes,5.8,2,No
CUST-00173,2024-04-09 19:00:00,Travel Mug,Accessories,1,22.7,0.0,22.7,Mobile app,South,No,41,23,Premium,Yes,7.7,4,No
CUST-00156,2024-04-10 14:00:00,Natural Soap Set,Personal Care,5,12.58,0.0,62.89,Web,South,No,62,3,Essential,Yes,6.9,3,Yes
CUST-00260,2024-04-10 16:00:00,Herbal Tea,Beverages,4,7.08,0.0,28.33,Web,North,No,33,43,Plus,No,7.3,1,No
CUST-00056,2024-04-10 18:00:00,Wireless Charger,Electronics,1,30.89,0.0,30.89,Mobile app,North,No,57,10,Essential,Yes,5.8,2,Yes
CUST-00230,2024-04-10 20:00:00,Wireless Charger,Electronics,3,27.62,0.0,82.86,Store,West,No,26,36,Plus,Yes,9.4,2,No
CUST-00278,2024-04-11 09:00:00,Gift Candle,Home,3,17.99,0.0,53.96,Web,North,No,24,17,Plus,Yes,7.1,3,No
CUST-00272,2024-04-11 10:00:00,Everyday Coffee,Beverages,3,8.55,0.15,21.8,Store,North,Yes,39,12,Plus,Yes,7.7,2,No
CUST-00297,2024-04-11 10:00:00,Travel Mug,Accessories,5,20.88,0.0,104.42,Web,Central,No,63,4,Plus,Yes,6.4,3,Yes
CUST-00245,2024-04-11 11:00:00,Everyday Coffee,Beverages,2,9.24,0.0,18.47,Web,North,No,68,22,Essential,Yes,9.5,0,No
CUST-00070,2024-04-11 13:00:00,Travel Mug,Accessories,3,22.35,0.0,67.06,Mobile app,North,Yes,61,45,Essential,No,9.7,0,No
CUST-00050,2024-04-11 15:00:00,Cotton Tote,Accessories,2,14.35,0.0,28.71,Mobile app,East,No,36,9,Plus,No,7.5,3,Yes
CUST-00004,2024-04-11 18:00:00,Wireless Charger,Electronics,6,28.81,0.0,172.84,Store,North,No,32,43,Essential,Yes,7.9,0,No
CUST-00097,2024-04-12 08:00:00,Granola Pack,Grocery,5,6.91,0.0,34.56,Web,North,No,51,41,Essential,Yes,4.7,1,No
CUST-00106,2024-04-12 10:00:00,Herbal Tea,Beverages,4,6.7,0.0,26.82,Web,East,No,67,36,Essential,Yes,5.1,1,No
CUST-00161,2024-04-12 10:00:00,Gift Candle,Home,4,17.98,0.0,71.93,Web,North,No,22,41,Essential,Yes,4.8,0,No
CUST-00089,2024-04-12 12:00:00,Everyday Coffee,Beverages,5,8.8,0.0,43.99,Web,North,No,62,23,Premium,No,4.4,2,Yes
CUST-00076,2024-04-12 15:00:00,Everyday Coffee,Beverages,3,8.47,0.0,25.4,Mobile app,East,No,31,32,Essential,Yes,9.3,3,No
CUST-00294,2024-04-13 15:00:00,Gift Candle,Home,3,18.1,0.0,54.29,Web,East,No,58,2,Plus,No,6.8,1,Yes
CUST-00312,2024-04-13 16:00:00,Herbal Tea,Beverages,4,6.93,0.0,27.73,Web,South,No,53,34,Essential,Yes,10.0,1,No
CUST-00159,2024-04-14 09:00:00,Cotton Tote,Accessories,4,14.9,0.0,59.61,Mobile app,South,No,35,4,Premium,Yes,6.7,0,No
CUST-00071,2024-04-14 15:00:00,Travel Mug,Accessories,1,22.39,0.0,22.39,Store,Central,No,47,23,Essential,Yes,10.0,3,No
CUST-00071,2024-04-14 19:00:00,Granola Pack,Grocery,4,7.44,0.0,29.76,Store,Central,No,47,23,Essential,Yes,10.0,3,No
CUST-00116,2024-04-14 20:00:00,Granola Pack,Grocery,2,6.81,0.0,13.61,Web,North,No,24,35,Essential,Yes,7.9,2,No
CUST-00154,2024-04-15 11:00:00,Wireless Charger,Electronics,6,29.19,0.0,175.13,Mobile app,Central,No,21,39,Plus,Yes,6.2,5,No
CUST-00262,2024-04-15 12:00:00,Wireless Charger,Electronics,2,30.85,0.0,61.69,Mobile app,South,No,25,41,Essential,Yes,6.6,2,No
CUST-00085,2024-04-15 13:00:00,Phone Stand,Electronics,6,17.24,0.0,103.42,Web,East,No,55,20,Plus,Yes,7.4,1,No
CUST-00254,2024-04-15 14:00:00,Everyday Coffee,Beverages,7,8.23,0.0,57.58,Mobile app,East,No,28,29,Essential,No,7.2,0,Yes
CUST-00280,2024-04-15 17:00:00,Everyday Coffee,Beverages,1,8.55,0.0,8.55,Web,North,No,32,14,Plus,Yes,6.3,2,No
CUST-00309,2024-04-15 18:00:00,Natural Soap Set,Personal Care,2,11.43,0.15,19.44,Mobile app,East,Yes,64,34,Plus,Yes,8.1,1,No
CUST-00136,2024-04-15 21:00:00,Phone Stand,Electronics,2,17.07,0.0,34.15,Web,North,No,25,7,Essential,Yes,8.3,1,No
CUST-00223,2024-04-16 11:00:00,Phone Stand,Electronics,2,17.42,0.0,34.83,Store,North,No,35,9,Premium,Yes,5.2,0,Yes
CUST-00132,2024-04-16 14:00:00,Travel Mug,Accessories,3,22.26,0.0,66.79,Web,North,No,35,25,Plus,Yes,7.8,2,No
CUST-00294,2024-04-16 14:00:00,Natural Soap Set,Personal Care,1,12.7,0.0,12.7,Web,East,Yes,58,2,Plus,No,6.8,1,Yes
CUST-00053,2024-04-16 16:00:00,Granola Pack,Grocery,2,6.69,0.0,13.39,Mobile app,Central,No,22,9,Essential,No,6.5,0,Yes
CUST-00175,2024-04-16 21:00:00,Wireless Charger,Electronics,5,30.92,0.0,154.62,Web,South,No,33,3,Plus,Yes,6.1,3,Yes
CUST-00112,2024-04-17 10:00:00,Everyday Coffee,Beverages,3,8.27,0.0,24.8,Web,East,No,37,42,Plus,No,6.3,1,No
CUST-00264,2024-04-17 11:00:00,Herbal Tea,Beverages,5,7.39,0.0,36.93,Web,North,No,66,34,Plus,Yes,7.8,1,No
CUST-00289,2024-04-17 13:00:00,Desk Notebook,Stationery,3,9.32,0.0,27.97,Mobile app,East,No,49,7,Plus,No,10.0,2,Yes
CUST-00235,2024-04-17 18:00:00,Cotton Tote,Accessories,8,13.59,0.0,108.76,Store,North,No,33,9,Premium,No,7.8,3,Yes
CUST-00261,2024-04-18 12:00:00,Natural Soap Set,Personal Care,7,11.71,0.0,81.95,Web,East,No,43,2,Plus,Yes,4.5,0,Yes
CUST-00153,2024-04-18 15:00:00,Wireless Charger,Electronics,4,29.77,0.0,119.09,Store,West,No,22,48,Essential,Yes,3.6,4,No
CUST-00237,2024-04-19 09:00:00,Wireless Charger,Electronics,3,29.57,0.0,88.7,Web,South,No,57,22,Essential,Yes,5.9,1,Yes
CUST-00306,2024-04-19 11:00:00,Gift Candle,Home,2,17.73,0.0,35.47,Mobile app,West,No,63,33,Plus,No,7.5,3,No
CUST-00003,2024-04-19 17:00:00,Wireless Charger,Electronics,4,29.79,0.0,119.16,Web,North,No,35,44,Premium,Yes,8.1,0,No
CUST-00103,2024-04-19 17:00:00,Natural Soap Set,Personal Care,10,12.99,0.0,129.95,Mobile app,North,No,65,34,Essential,No,5.7,0,Yes
CUST-00173,2024-04-19 20:00:00,Granola Pack,Grocery,7,6.9,0.0,48.29,Mobile app,South,No,41,23,Premium,Yes,7.7,4,No
CUST-00303,2024-04-20 08:00:00,Herbal Tea,Beverages,1,6.52,0.0,6.52,Web,West,No,53,20,Essential,No,10.0,0,Yes
CUST-00319,2024-04-20 09:00:00,Phone Stand,Electronics,1,16.03,0.05,15.23,Web,Central,Yes,40,29,Essential,No,9.7,3,Yes
CUST-00014,2024-04-20 10:00:00,Everyday Coffee,Beverages,1,8.14,0.0,8.14,Mobile app,East,No,49,37,Plus,No,5.6,0,Yes
CUST-00117,2024-04-20 11:00:00,Travel Mug,Accessories,2,20.71,0.0,41.41,Mobile app,West,No,64,27,Essential,No,4.5,1,Yes
CUST-00239,2024-04-20 12:00:00,Wireless Charger,Electronics,5,28.59,0.0,142.96,Web,North,No,68,29,Essential,Yes,7.1,2,No
CUST-00277,2024-04-20 12:00:00,Travel Mug,Accessories,6,23.63,0.0,141.76,Web,South,No,56,37,Essential,No,7.8,3,No
CUST-00047,2024-04-20 13:00:00,Granola Pack,Grocery,4,6.76,0.0,27.02,Mobile app,West,No,24,15,Plus,Yes,7.7,2,No
CUST-00132,2024-04-20 13:00:00,Everyday Coffee,Beverages,2,8.3,0.0,16.61,Web,North,No,35,25,Plus,Yes,7.8,2,No
CUST-00128,2024-04-21 10:00:00,Natural Soap Set,Personal Care,1,13.06,0.0,13.06,Mobile app,Central,No,35,32,Essential,Yes,6.2,0,No
CUST-00016,2024-04-21 11:00:00,Natural Soap Set,Personal Care,5,12.09,0.0,60.45,Mobile app,South,No,52,18,Essential,Yes,8.8,0,No
CUST-00227,2024-04-21 12:00:00,Granola Pack,Grocery,5,7.08,0.0,35.38,Mobile app,West,No,23,40,Plus,Yes,9.3,1,No
CUST-00195,2024-04-21 13:00:00,Herbal Tea,Beverages,3,6.77,0.0,20.32,Web,South,No,30,11,Essential,Yes,6.0,0,No
CUST-00183,2024-04-21 14:00:00,Natural Soap Set,Personal Care,7,11.54,0.0,80.75,Mobile app,North,No,44,2,Plus,Yes,5.8,2,Yes
CUST-00151,2024-04-21 15:00:00,Cotton Tote,Accessories,7,14.5,0.0,101.47,Store,North,No,38,7,Plus,Yes,6.8,2,No
CUST-00301,2024-04-21 15:00:00,Herbal Tea,Beverages,4,7.27,0.0,29.07,Web,South,No,45,16,Essential,Yes,5.8,1,Yes
CUST-00190,2024-04-21 16:00:00,Desk Notebook,Stationery,3,9.18,0.05,26.16,Store,Central,Yes,59,15,Plus,Yes,6.6,4,Yes
CUST-00012,2024-04-21 17:00:00,Travel Mug,Accessories,4,22.25,0.0,88.99,Mobile app,South,No,65,19,Plus,Yes,6.6,3,No
CUST-00128,2024-04-21 17:00:00,Desk Notebook,Stationery,1,8.67,0.0,8.67,Mobile app,Central,No,35,32,Essential,Yes,6.2,0,No
CUST-00233,2024-04-21 17:00:00,Everyday Coffee,Beverages,2,8.88,0.0,17.77,Mobile app,South,No,52,32,Essential,No,6.4,2,No
CUST-00234,2024-04-21 20:00:00,Herbal Tea,Beverages,4,7.14,0.0,28.57,Web,West,No,29,44,Essential,No,6.6,3,No
CUST-00276,2024-04-21 21:00:00,Cotton Tote,Accessories,5,13.6,0.0,68.01,Mobile app,Central,No,67,27,Plus,Yes,5.3,0,No
CUST-00012,2024-04-22 18:00:00,Cotton Tote,Accessories,3,14.06,0.0,42.19,Mobile app,South,No,65,19,Plus,Yes,6.6,3,No
CUST-00125,2024-04-22 20:00:00,Desk Notebook,Stationery,4,9.17,0.0,36.7,Store,North,No,35,21,Essential,Yes,10.0,1,No
CUST-00044,2024-04-22 21:00:00,Natural Soap Set,Personal Care,4,11.2,0.0,44.8,Web,East,No,66,46,Plus,No,6.9,1,No
CUST-00073,2024-04-22 21:00:00,Granola Pack,Grocery,6,6.73,0.0,40.37,Store,West,No,49,48,Plus,Yes,8.8,3,No
CUST-00290,2024-04-23 13:00:00,Travel Mug,Accessories,2,21.31,0.0,42.63,Web,West,No,46,19,Plus,Yes,5.1,1,Yes
CUST-00221,2024-04-24 17:00:00,Travel Mug,Accessories,5,21.62,0.0,108.11,Web,East,No,33,24,Essential,No,5.1,0,Yes
CUST-00147,2024-04-25 11:00:00,Phone Stand,Electronics,10,17.63,0.0,176.33,Store,Central,No,45,14,Plus,Yes,6.9,1,No
CUST-00255,2024-04-25 14:00:00,Herbal Tea,Beverages,6,6.72,0.0,40.32,Mobile app,North,No,55,14,Essential,Yes,6.9,2,No
CUST-00090,2024-04-25 17:00:00,Travel Mug,Accessories,3,22.86,0.0,68.58,Web,West,No,68,3,Essential,Yes,7.7,0,Yes
CUST-00023,2024-04-25 21:00:00,Wireless Charger,Electronics,3,28.78,0.0,86.35,Mobile app,East,No,45,36,Essential,No,6.6,2,No
CUST-00055,2024-04-26 08:00:00,Herbal Tea,Beverages,4,6.99,0.0,27.97,Store,West,Yes,61,8,Plus,Yes,6.4,4,Yes
CUST-00079,2024-04-26 10:00:00,Everyday Coffee,Beverages,4,8.32,0.0,33.29,Web,South,Yes,45,38,Essential,Yes,8.0,3,No
CUST-00260,2024-04-26 13:00:00,Cotton Tote,Accessories,4,15.32,0.0,61.28,Web,North,No,33,43,Plus,No,7.3,1,No
CUST-00006,2024-04-26 14:00:00,Natural Soap Set,Personal Care,8,13.38,0.0,107.05,Mobile app,Central,No,57,40,Plus,Yes,6.1,0,No
CUST-00180,2024-04-26 19:00:00,Cotton Tote,Accessories,4,14.6,0.0,58.39,Store,West,No,43,33,Plus,No,7.3,0,No
CUST-00301,2024-04-26 19:00:00,Cotton Tote,Accessories,3,14.01,0.0,42.02,Web,South,No,45,16,Essential,Yes,5.8,1,Yes
CUST-00208,2024-04-27 20:00:00,Natural Soap Set,Personal Care,1,12.19,0.0,12.19,Mobile app,North,No,56,2,Essential,No,6.6,3,Yes
CUST-00100,2024-04-28 10:00:00,Phone Stand,Electronics,3,16.19,0.0,48.57,Web,West,No,65,4,Premium,No,7.1,2,Yes
CUST-00109,2024-04-28 13:00:00,Travel Mug,Accessories,1,21.12,0.0,21.12,Web,South,No,49,12,Plus,No,5.8,0,Yes
CUST-00168,2024-04-28 19:00:00,Natural Soap Set,Personal Care,7,12.84,0.0,89.86,Store,Central,Yes,68,27,Essential,Yes,6.8,1,No
CUST-00052,2024-04-28 20:00:00,Wireless Charger,Electronics,4,28.19,0.0,112.76,Store,South,No,54,32,Plus,No,6.7,2,No
CUST-00144,2024-04-28 21:00:00,Gift Candle,Home,2,19.03,0.0,38.06,Mobile app,West,No,51,29,Plus,Yes,10.0,2,No
CUST-00184,2024-04-29 08:00:00,Cotton Tote,Accessories,1,14.86,0.0,14.86,Mobile app,Central,No,23,45,Plus,No,5.3,0,Yes
CUST-00056,2024-04-29 19:00:00,Travel Mug,Accessories,2,24.5,0.0,49.01,Mobile app,North,No,57,10,Essential,Yes,5.8,2,Yes
CUST-00307,2024-04-29 21:00:00,Gift Candle,Home,1,19.01,0.0,19.01,Store,West,No,58,22,Plus,Yes,6.8,0,No
CUST-00112,2024-05-01 08:00:00,Herbal Tea,Beverages,3,7.24,0.0,21.73,Web,East,No,37,42,Plus,No,6.3,1,No
CUST-00237,2024-05-01 11:00:00,Gift Candle,Home,4,18.08,0.0,72.31,Web,South,No,57,22,Essential,Yes,5.9,1,Yes
CUST-00260,2024-05-01 11:00:00,Cotton Tote,Accessories,2,14.5,0.0,28.99,Web,North,No,33,43,Plus,No,7.3,1,No
CUST-00064,2024-05-01 15:00:00,Granola Pack,Grocery,4,6.17,0.0,24.7,Web,Central,No,24,30,Essential,Yes,7.1,0,No
CUST-00219,2024-05-01 20:00:00,Phone Stand,Electronics,4,16.82,0.0,67.26,Web,North,No,45,33,Essential,Yes,6.9,2,No
CUST-00149,2024-05-02 11:00:00,Natural Soap Set,Personal Care,1,12.26,0.0,12.26,Web,North,Yes,28,43,Essential,Yes,5.0,2,No
CUST-00022,2024-05-02 13:00:00,Travel Mug,Accessories,2,22.02,0.05,41.84,Store,West,Yes,37,11,Plus,Yes,8.5,1,No
CUST-00128,2024-05-02 15:00:00,Gift Candle,Home,5,18.24,0.0,91.2,Mobile app,Central,No,35,32,Essential,Yes,6.2,0,No
CUST-00178,2024-05-02 17:00:00,Wireless Charger,Electronics,4,30.38,0.0,121.53,Store,South,No,65,26,Essential,Yes,9.5,1,No
CUST-00029,2024-05-02 19:00:00,Natural Soap Set,Personal Care,4,12.45,0.0,49.78,Web,West,Yes,45,21,Essential,Yes,7.2,1,No
CUST-00312,2024-05-02 20:00:00,Herbal Tea,Beverages,3,6.93,0.0,20.79,Web,South,No,53,34,Essential,Yes,10.0,1,No
CUST-00162,2024-05-03 08:00:00,Cotton Tote,Accessories,2,14.76,0.0,29.52,Web,East,No,44,23,Essential,Yes,7.2,1,No
CUST-00161,2024-05-03 10:00:00,Travel Mug,Accessories,2,22.43,0.0,44.86,Web,North,No,22,41,Essential,Yes,4.8,0,No
CUST-00077,2024-05-03 13:00:00,Herbal Tea,Beverages,10,7.73,0.0,77.27,Mobile app,North,Yes,44,44,Premium,No,7.8,2,No
CUST-00227,2024-05-03 19:00:00,Natural Soap Set,Personal Care,4,13.2,0.0,52.82,Mobile app,West,No,23,40,Plus,Yes,9.3,1,No
CUST-00081,2024-05-03 20:00:00,Natural Soap Set,Personal Care,2,12.91,0.0,25.82,Web,West,No,30,25,Essential,No,4.4,0,Yes
CUST-00138,2024-05-04 09:00:00,Desk Notebook,Stationery,4,8.94,0.0,35.75,Web,East,No,34,47,Plus,Yes,7.5,1,No
CUST-00102,2024-05-04 11:00:00,Herbal Tea,Beverages,5,6.91,0.0,34.56,Store,West,No,29,6,Essential,Yes,8.2,1,No
CUST-00129,2024-05-04 14:00:00,Herbal Tea,Beverages,7,6.87,0.0,48.1,Mobile app,Central,No,54,31,Plus,No,7.7,4,Yes
CUST-00047,2024-05-04 15:00:00,Phone Stand,Electronics,5,19.32,0.0,96.62,Mobile app,West,No,24,15,Plus,Yes,7.7,2,No
CUST-00170,2024-05-04 16:00:00,Natural Soap Set,Personal Care,6,12.66,0.0,75.98,Web,West,No,48,35,Essential,Yes,8.1,1,No
CUST-00299,2024-05-04 21:00:00,Wireless Charger,Electronics,3,28.28,0.0,84.83,Store,South,No,23,26,Essential,Yes,5.8,2,Yes
CUST-00214,2024-05-05 13:00:00,Travel Mug,Accessories,5,21.52,0.0,107.58,Web,North,No,47,23,Essential,Yes,9.4,1,No
CUST-00003,2024-05-05 14:00:00,Desk Notebook,Stationery,5,8.32,0.0,41.62,Web,North,No,35,44,Premium,Yes,8.1,0,No
CUST-00018,2024-05-05 17:00:00,Desk Notebook,Stationery,3,9.23,0.0,27.68,Mobile app,West,No,46,6,Essential,No,8.1,0,Yes
CUST-00295,2024-05-05 21:00:00,Desk Notebook,Stationery,4,9.63,0.0,38.53,Web,East,No,40,36,Plus,Yes,5.0,1,No
CUST-00138,2024-05-06 08:00:00,Herbal Tea,Beverages,4,7.59,0.0,30.34,Web,East,No,34,47,Plus,Yes,7.5,1,No
CUST-00263,2024-05-06 17:00:00,Travel Mug,Accessories,5,21.63,0.0,108.16,Web,East,No,40,19,Plus,No,8.2,0,Yes
CUST-00266,2024-05-06 17:00:00,Granola Pack,Grocery,8,6.77,0.0,54.14,Web,Central,No,57,41,Premium,Yes,8.2,1,No
CUST-00213,2024-05-07 12:00:00,Natural Soap Set,Personal Care,4,11.9,0.0,47.59,Store,West,No,67,24,Premium,Yes,4.8,1,No
CUST-00214,2024-05-07 14:00:00,Gift Candle,Home,5,17.16,0.0,85.8,Web,North,No,47,23,Essential,Yes,9.4,1,No
CUST-00090,2024-05-07 18:00:00,Natural Soap Set,Personal Care,2,12.13,0.0,24.27,Web,West,No,68,3,Essential,Yes,7.7,0,Yes
CUST-00307,2024-05-07 18:00:00,Everyday Coffee,Beverages,3,8.52,0.0,25.57,Store,West,No,58,22,Plus,Yes,6.8,0,No
CUST-00272,2024-05-08 08:00:00,Cotton Tote,Accessories,4,14.91,0.0,59.62,Store,North,No,39,12,Plus,Yes,7.7,2,No
CUST-00076,2024-05-08 16:00:00,Granola Pack,Grocery,2,7.16,0.0,14.33,Mobile app,East,No,31,32,Essential,Yes,9.3,3,No
CUST-00239,2024-05-08 17:00:00,Everyday Coffee,Beverages,5,8.28,0.0,41.42,Web,North,No,68,29,Essential,Yes,7.1,2,No
CUST-00181,2024-05-08 21:00:00,Natural Soap Set,Personal Care,8,11.18,0.0,89.41,Mobile app,South,No,49,20,Plus,Yes,8.6,1,No
CUST-00234,2024-05-09 08:00:00,Cotton Tote,Accessories,6,13.23,0.0,79.39,Web,West,No,29,44,Essential,No,6.6,3,No
CUST-00285,2024-05-09 08:00:00,Cotton Tote,Accessories,2,15.02,0.0,30.04,Web,South,No,43,12,Plus,Yes,7.0,0,No
CUST-00095,2024-05-09 16:00:00,Herbal Tea,Beverages,5,6.65,0.0,33.25,Web,North,Yes,33,2,Plus,No,6.3,2,Yes
CUST-00021,2024-05-09 17:00:00,Granola Pack,Grocery,5,6.86,0.0,34.32,Mobile app,North,No,51,18,Essential,Yes,7.8,0,No
CUST-00134,2024-05-09 17:00:00,Everyday Coffee,Beverages,2,8.21,0.0,16.42,Mobile app,North,No,23,31,Essential,Yes,6.7,0,No
CUST-00215,2024-05-09 17:00:00,Granola Pack,Grocery,2,7.34,0.0,14.68,Web,East,No,62,45,Essential,Yes,7.7,0,No
CUST-00037,2024-05-09 19:00:00,Everyday Coffee,Beverages,7,8.19,0.0,57.31,Mobile app,North,No,34,30,Plus,Yes,7.0,0,No
CUST-00224,2024-05-09 19:00:00,Desk Notebook,Stationery,4,8.9,0.0,35.59,Web,Central,No,22,33,Plus,Yes,5.7,1,No
CUST-00143,2024-05-10 11:00:00,Gift Candle,Home,5,18.22,0.0,91.11,Web,Central,No,22,23,Essential,Yes,6.9,1,No
CUST-00203,2024-05-10 14:00:00,Travel Mug,Accessories,1,22.02,0.0,22.02,Web,South,No,31,5,Plus,Yes,9.3,2,No
CUST-00152,2024-05-10 20:00:00,Cotton Tote,Accessories,2,14.14,0.0,28.29,Store,West,No,48,20,Plus,No,7.2,0,Yes
CUST-00001,2024-05-11 15:00:00,Cotton Tote,Accessories,3,14.9,0.0,44.71,Web,West,No,53,7,Plus,No,7.5,5,Yes
CUST-00232,2024-05-11 15:00:00,Desk Notebook,Stationery,1,8.86,0.0,8.86,Mobile app,East,No,42,12,Essential,Yes,5.8,1,Yes
CUST-00200,2024-05-11 19:00:00,Travel Mug,Accessories,2,21.3,0.0,42.6,Store,South,Yes,42,21,Plus,No,9.7,1,Yes
CUST-00213,2024-05-11 19:00:00,Gift Candle,Home,4,19.05,0.0,76.2,Store,West,No,67,24,Premium,Yes,4.8,1,No
CUST-00052,2024-05-12 08:00:00,Wireless Charger,Electronics,2,27.5,0.0,54.99,Store,South,No,54,32,Plus,No,6.7,2,No
CUST-00244,2024-05-12 08:00:00,Wireless Charger,Electronics,2,26.58,0.0,53.16,Web,Central,No,51,44,Essential,No,5.7,2,Yes
CUST-00147,2024-05-12 12:00:00,Natural Soap Set,Personal Care,5,11.15,0.0,55.76,Store,Central,No,45,14,Plus,Yes,6.9,1,No
CUST-00057,2024-05-12 17:00:00,Phone Stand,Electronics,6,17.14,0.0,102.82,Web,East,No,48,38,Premium,Yes,7.6,2,No
CUST-00058,2024-05-12 19:00:00,Everyday Coffee,Beverages,3,8.5,0.0,25.49,Store,South,No,30,17,Essential,Yes,4.7,1,Yes
CUST-00249,2024-05-12 19:00:00,Wireless Charger,Electronics,5,29.4,0.0,147.02,Store,North,No,51,40,Essential,Yes,7.3,1,No
CUST-00080,2024-05-13 08:00:00,Gift Candle,Home,6,18.27,0.0,109.62,Store,East,No,53,37,Essential,Yes,8.1,1,No
CUST-00196,2024-05-13 11:00:00,Herbal Tea,Beverages,3,7.09,0.0,21.28,Web,West,No,52,2,Essential,Yes,8.1,3,Yes
CUST-00254,2024-05-13 13:00:00,Cotton Tote,Accessories,8,13.58,0.0,108.67,Mobile app,East,No,28,29,Essential,No,7.2,0,Yes
CUST-00022,2024-05-13 20:00:00,Cotton Tote,Accessories,3,13.97,0.0,41.9,Store,West,No,37,11,Plus,Yes,8.5,1,No
CUST-00122,2024-05-13 20:00:00,Granola Pack,Grocery,3,6.42,0.0,19.27,Web,East,No,53,34,Premium,Yes,8.4,1,No
CUST-00147,2024-05-13 20:00:00,Cotton Tote,Accessories,3,15.08,0.0,45.23,Store,Central,No,45,14,Plus,Yes,6.9,1,No
CUST-00069,2024-05-14 08:00:00,Everyday Coffee,Beverages,4,8.05,0.0,32.19,Web,East,No,64,48,Premium,Yes,8.1,0,No
CUST-00300,2024-05-14 11:00:00,Desk Notebook,Stationery,4,9.13,0.0,36.54,Store,West,No,34,6,Premium,No,8.5,0,Yes
CUST-00070,2024-05-14 19:00:00,Gift Candle,Home,5,17.98,0.0,89.92,Mobile app,North,No,61,45,Essential,No,9.7,0,No
CUST-00078,2024-05-15 08:00:00,Phone Stand,Electronics,1,16.86,0.0,16.86,Store,West,No,35,9,Essential,No,7.0,1,Yes
CUST-00095,2024-05-15 10:00:00,Natural Soap Set,Personal Care,2,14.05,0.0,28.1,Web,North,No,33,2,Plus,No,6.3,2,Yes
CUST-00111,2024-05-15 11:00:00,Gift Candle,Home,2,17.13,0.0,34.25,Web,Central,No,39,37,Essential,Yes,8.4,2,No
CUST-00045,2024-05-15 12:00:00,Natural Soap Set,Personal Care,4,12.68,0.15,43.13,Store,Central,Yes,59,25,Plus,No,9.0,1,Yes
CUST-00137,2024-05-15 12:00:00,Phone Stand,Electronics,4,16.36,0.0,65.44,Store,North,No,44,22,Essential,Yes,5.8,2,Yes
CUST-00308,2024-05-15 13:00:00,Travel Mug,Accessories,1,22.23,0.0,22.23,Web,East,No,36,25,Essential,No,8.0,4,Yes
CUST-00084,2024-05-16 17:00:00,Herbal Tea,Beverages,2,7.17,0.0,14.34,Web,West,No,68,5,Essential,Yes,6.2,0,No
CUST-00004,2024-05-17 09:00:00,Everyday Coffee,Beverages,5,8.59,0.0,42.93,Store,North,No,32,43,Essential,Yes,7.9,0,No
CUST-00165,2024-05-17 11:00:00,Natural Soap Set,Personal Care,1,13.07,0.0,13.07,Web,West,No,22,5,Plus,No,8.4,0,Yes
CUST-00038,2024-05-17 18:00:00,Wireless Charger,Electronics,3,29.52,0.0,88.57,Mobile app,East,No,28,17,Plus,Yes,7.5,0,No
CUST-00122,2024-05-17 18:00:00,Everyday Coffee,Beverages,1,8.23,0.0,8.23,Web,East,No,53,34,Premium,Yes,8.4,1,No
CUST-00209,2024-05-17 20:00:00,Everyday Coffee,Beverages,3,8.31,0.0,24.92,Mobile app,Central,No,35,37,Premium,Yes,7.9,2,No
CUST-00236,2024-05-18 18:00:00,Cotton Tote,Accessories,2,14.33,0.0,28.67,Store,West,No,61,47,Essential,Yes,9.9,1,No
CUST-00114,2024-05-18 21:00:00,Phone Stand,Electronics,5,17.44,0.0,87.18,Mobile app,South,No,65,26,Essential,Yes,5.8,2,No
CUST-00150,2024-05-19 11:00:00,Phone Stand,Electronics,3,18.5,0.0,55.49,Store,West,No,61,25,Plus,Yes,5.3,1,Yes
CUST-00066,2024-05-19 14:00:00,Gift Candle,Home,5,18.14,0.0,90.71,Mobile app,North,Yes,36,31,Essential,Yes,6.4,0,No
CUST-00248,2024-05-19 15:00:00,Phone Stand,Electronics,6,17.91,0.0,107.45,Web,Central,No,21,33,Essential,Yes,5.8,2,No
CUST-00161,2024-05-20 08:00:00,Desk Notebook,Stationery,5,8.97,0.0,44.84,Web,North,No,22,41,Essential,Yes,4.8,0,No
CUST-00153,2024-05-20 09:00:00,Wireless Charger,Electronics,4,31.17,0.0,124.69,Store,West,No,22,48,Essential,Yes,3.6,4,No
CUST-00224,2024-05-20 11:00:00,Desk Notebook,Stationery,9,8.66,0.05,74.01,Web,Central,Yes,22,33,Plus,Yes,5.7,1,No
CUST-00246,2024-05-20 12:00:00,Gift Candle,Home,2,17.9,0.0,35.8,Web,East,No,50,48,Essential,No,9.1,2,No
CUST-00034,2024-05-20 14:00:00,Phone Stand,Electronics,3,18.04,0.05,51.4,Mobile app,Central,Yes,52,25,Plus,Yes,7.9,1,No
CUST-00125,2024-05-20 20:00:00,Desk Notebook,Stationery,3,8.65,0.0,25.96,Store,North,No,35,21,Essential,Yes,10.0,1,No
CUST-00283,2024-05-21 19:00:00,Gift Candle,Home,2,16.7,0.0,33.41,Store,North,Yes,56,30,Essential,Yes,5.6,3,No
CUST-00234,2024-05-21 20:00:00,Desk Notebook,Stationery,5,8.63,0.0,43.15,Web,West,No,29,44,Essential,No,6.6,3,No
CUST-00168,2024-05-22 09:00:00,Everyday Coffee,Beverages,5,9.34,0.0,46.71,Store,Central,No,68,27,Essential,Yes,6.8,1,No
CUST-00183,2024-05-22 12:00:00,Phone Stand,Electronics,4,15.4,0.0,61.62,Mobile app,North,No,44,2,Plus,Yes,5.8,2,Yes
CUST-00206,2024-05-22 13:00:00,Herbal Tea,Beverages,5,6.69,0.0,33.45,Web,Central,No,25,28,Plus,No,10.0,1,No
CUST-00027,2024-05-22 15:00:00,Gift Candle,Home,3,17.9,0.0,53.71,Web,Central,No,63,15,Plus,Yes,9.1,1,No
CUST-00168,2024-05-23 16:00:00,Natural Soap Set,Personal Care,1,11.88,0.0,11.88,Store,Central,No,68,27,Essential,Yes,6.8,1,No
CUST-00261,2024-05-24 09:00:00,Cotton Tote,Accessories,2,13.41,0.0,26.81,Web,East,No,43,2,Plus,Yes,4.5,0,Yes
CUST-00032,2024-05-24 11:00:00,Wireless Charger,Electronics,2,27.35,0.1,49.23,Mobile app,Central,Yes,46,35,Plus,Yes,7.0,0,No
CUST-00131,2024-05-24 11:00:00,Gift Candle,Home,3,17.98,0.0,53.95,Web,Central,Yes,28,11,Plus,Yes,6.0,0,No
CUST-00222,2024-05-24 14:00:00,Wireless Charger,Electronics,4,30.48,0.0,121.93,Web,Central,No,24,11,Premium,No,8.0,1,Yes
CUST-00230,2024-05-24 14:00:00,Granola Pack,Grocery,3,6.84,0.0,20.51,Store,West,No,26,36,Plus,Yes,9.4,2,No
CUST-00039,2024-05-24 16:00:00,Wireless Charger,Electronics,2,26.87,0.0,53.73,Web,West,No,46,43,Plus,Yes,5.9,0,No
CUST-00162,2024-05-26 09:00:00,Desk Notebook,Stationery,4,8.93,0.0,35.73,Web,East,No,44,23,Essential,Yes,7.2,1,No
CUST-00204,2024-05-26 10:00:00,Cotton Tote,Accessories,6,15.33,0.0,91.96,Mobile app,South,No,50,4,Essential,Yes,5.4,1,Yes
CUST-00207,2024-05-26 10:00:00,Gift Candle,Home,1,18.4,0.0,18.4,Mobile app,Central,Yes,45,36,Plus,Yes,8.6,2,No
CUST-00295,2024-05-26 11:00:00,Gift Candle,Home,2,17.96,0.0,35.93,Web,East,No,40,36,Plus,Yes,5.0,1,No
CUST-00250,2024-05-26 13:00:00,Desk Notebook,Stationery,2,8.6,0.0,17.19,Web,West,No,35,21,Essential,No,8.1,4,Yes
CUST-00097,2024-05-26 18:00:00,Everyday Coffee,Beverages,5,8.57,0.0,42.83,Web,North,No,51,41,Essential,Yes,4.7,1,No
CUST-00130,2024-05-26 19:00:00,Herbal Tea,Beverages,8,7.42,0.1,53.43,Web,North,Yes,29,22,Essential,Yes,4.8,1,Yes
CUST-00111,2024-05-26 21:00:00,Natural Soap Set,Personal Care,3,11.15,0.0,33.45,Web,Central,No,39,37,Essential,Yes,8.4,2,No
CUST-00282,2024-05-27 08:00:00,Gift Candle,Home,2,18.67,0.0,37.34,Mobile app,West,No,33,11,Essential,Yes,5.8,2,Yes
CUST-00131,2024-05-27 10:00:00,Everyday Coffee,Beverages,4,8.82,0.0,35.27,Web,Central,No,28,11,Plus,Yes,6.0,0,No
CUST-00273,2024-05-27 17:00:00,Cotton Tote,Accessories,3,14.44,0.0,43.32,Web,East,No,51,19,Essential,Yes,4.7,2,Yes
CUST-00308,2024-05-27 21:00:00,Wireless Charger,Electronics,5,29.25,0.0,146.27,Web,East,No,36,25,Essential,No,8.0,4,Yes
CUST-00083,2024-05-28 08:00:00,Gift Candle,Home,2,16.92,0.0,33.83,Web,East,No,56,16,Plus,Yes,7.5,0,No
CUST-00257,2024-05-28 08:00:00,Gift Candle,Home,1,18.22,0.0,18.22,Web,South,No,38,43,Essential,Yes,6.5,0,No
CUST-00062,2024-05-28 10:00:00,Gift Candle,Home,2,17.47,0.0,34.95,Web,East,No,25,9,Plus,Yes,7.8,1,No
CUST-00287,2024-05-28 13:00:00,Travel Mug,Accessories,2,21.79,0.0,43.59,Mobile app,West,No,52,40,Plus,Yes,9.2,2,No
CUST-00045,2024-05-29 08:00:00,Granola Pack,Grocery,3,6.59,0.0,19.78,Store,Central,No,59,25,Plus,No,9.0,1,Yes
CUST-00195,2024-05-29 17:00:00,Phone Stand,Electronics,4,19.49,0.0,77.96,Web,South,No,30,11,Essential,Yes,6.0,0,No
CUST-00050,2024-05-30 20:00:00,Everyday Coffee,Beverages,3,9.53,0.0,28.59,Mobile app,East,No,36,9,Plus,No,7.5,3,Yes
CUST-00133,2024-06-01 08:00:00,Gift Candle,Home,2,17.31,0.0,34.62,Mobile app,South,No,43,33,Essential,Yes,8.3,2,No
CUST-00024,2024-06-01 11:00:00,Gift Candle,Home,2,18.3,0.0,36.59,Store,Central,No,59,17,Plus,Yes,5.3,2,Yes
CUST-00191,2024-06-01 16:00:00,Gift Candle,Home,6,17.62,0.0,105.69,Web,South,No,44,14,Essential,Yes,5.9,1,Yes
CUST-00242,2024-06-01 18:00:00,Cotton Tote,Accessories,2,15.0,0.0,30.01,Web,South,No,52,37,Essential,No,9.1,2,No
CUST-00273,2024-06-01 21:00:00,Travel Mug,Accessories,1,22.19,0.0,22.19,Web,East,No,51,19,Essential,Yes,4.7,2,Yes
CUST-00218,2024-06-02 11:00:00,Phone Stand,Electronics,3,18.09,0.0,54.26,Mobile app,South,No,27,8,Plus,Yes,6.2,1,No
CUST-00032,2024-06-03 09:00:00,Gift Candle,Home,3,18.19,0.0,54.58,Mobile app,Central,No,46,35,Plus,Yes,7.0,0,No
CUST-00095,2024-06-03 09:00:00,Natural Soap Set,Personal Care,1,12.5,0.1,11.25,Web,North,Yes,33,2,Plus,No,6.3,2,Yes
CUST-00211,2024-06-03 12:00:00,Gift Candle,Home,4,17.46,0.0,69.85,Web,West,No,35,44,Essential,Yes,6.7,1,No
CUST-00215,2024-06-03 12:00:00,Phone Stand,Electronics,4,17.9,0.0,71.61,Web,East,No,62,45,Essential,Yes,7.7,0,No
CUST-00129,2024-06-03 14:00:00,Everyday Coffee,Beverages,5,8.35,0.0,41.75,Mobile app,Central,No,54,31,Plus,No,7.7,4,Yes
CUST-00106,2024-06-03 15:00:00,Gift Candle,Home,2,18.09,0.0,36.19,Web,East,No,67,36,Essential,Yes,5.1,1,No
CUST-00146,2024-06-03 19:00:00,Gift Candle,Home,1,17.99,0.0,17.99,Store,West,No,47,20,Essential,Yes,9.6,2,No
CUST-00315,2024-06-03 21:00:00,Herbal Tea,Beverages,3,6.64,0.0,19.92,Mobile app,East,No,36,32,Premium,Yes,6.7,1,No
CUST-00143,2024-06-04 10:00:00,Cotton Tote,Accessories,4,14.27,0.15,48.52,Web,Central,Yes,22,23,Essential,Yes,6.9,1,No
CUST-00072,2024-06-04 12:00:00,Granola Pack,Grocery,5,6.52,0.0,32.62,Mobile app,South,No,39,47,Essential,No,7.7,1,No
CUST-00216,2024-06-04 12:00:00,Gift Candle,Home,4,17.06,0.0,68.25,Mobile app,North,No,37,36,Essential,Yes,7.4,0,No
CUST-00224,2024-06-04 20:00:00,Desk Notebook,Stationery,2,9.49,0.0,18.97,Web,Central,No,22,33,Plus,Yes,5.7,1,No
CUST-00069,2024-06-05 09:00:00,Gift Candle,Home,6,17.34,0.0,104.04,Web,East,No,64,48,Premium,Yes,8.1,0,No
CUST-00025,2024-06-05 11:00:00,Cotton Tote,Accessories,3,14.44,0.0,43.32,Mobile app,Central,No,53,2,Plus,Yes,5.0,3,Yes
CUST-00307,2024-06-05 11:00:00,Everyday Coffee,Beverages,3,8.58,0.0,25.74,Store,West,No,58,22,Plus,Yes,6.8,0,No
CUST-00137,2024-06-05 12:00:00,Everyday Coffee,Beverages,5,9.2,0.0,46.0,Store,North,No,44,22,Essential,Yes,5.8,2,Yes
CUST-00015,2024-06-05 14:00:00,Gift Candle,Home,2,17.94,0.0,35.87,Store,South,No,59,4,Plus,Yes,6.6,1,No
CUST-00130,2024-06-06 11:00:00,Natural Soap Set,Personal Care,4,12.38,0.0,49.53,Web,North,No,29,22,Essential,Yes,4.8,1,Yes
CUST-00008,2024-06-07 08:00:00,Phone Stand,Electronics,3,16.43,0.0,49.29,Store,North,No,50,23,Premium,No,6.9,1,No
CUST-00295,2024-06-07 14:00:00,Gift Candle,Home,2,18.74,0.0,37.47,Web,East,No,40,36,Plus,Yes,5.0,1,No
CUST-00180,2024-06-07 18:00:00,Herbal Tea,Beverages,2,7.13,0.0,14.27,Store,West,No,43,33,Plus,No,7.3,0,No
CUST-00072,2024-06-07 20:00:00,Phone Stand,Electronics,1,18.11,0.0,18.11,Mobile app,South,No,39,47,Essential,No,7.7,1,No
CUST-00009,2024-06-08 11:00:00,Gift Candle,Home,5,18.79,0.15,79.84,Web,West,Yes,47,7,Premium,No,8.5,1,Yes
CUST-00276,2024-06-08 13:00:00,Cotton Tote,Accessories,4,14.29,0.0,57.16,Mobile app,Central,No,67,27,Plus,Yes,5.3,0,No
CUST-00088,2024-06-08 14:00:00,Desk Notebook,Stationery,4,8.43,0.0,33.73,Web,Central,No,57,4,Essential,Yes,7.0,0,No
CUST-00214,2024-06-08 14:00:00,Natural Soap Set,Personal Care,2,12.35,0.0,24.7,Web,North,No,47,23,Essential,Yes,9.4,1,No
CUST-00163,2024-06-08 21:00:00,Natural Soap Set,Personal Care,6,13.0,0.0,77.99,Mobile app,North,No,63,40,Plus,Yes,9.2,1,No
CUST-00190,2024-06-09 09:00:00,Granola Pack,Grocery,3,7.24,0.0,21.73,Store,Central,No,59,15,Plus,Yes,6.6,4,Yes
CUST-00296,2024-06-09 17:00:00,Herbal Tea,Beverages,4,6.8,0.0,27.18,Web,South,No,38,3,Plus,No,6.1,0,Yes
CUST-00164,2024-06-10 15:00:00,Natural Soap Set,Personal Care,3,11.25,0.0,33.74,Web,East,No,38,14,Premium,Yes,7.1,2,No
CUST-00229,2024-06-10 17:00:00,Travel Mug,Accessories,2,23.67,0.0,47.34,Web,East,No,68,35,Essential,Yes,7.4,0,No
CUST-00068,2024-06-11 14:00:00,Natural Soap Set,Personal Care,4,12.83,0.0,51.3,Web,West,No,36,14,Plus,Yes,6.8,3,No
CUST-00162,2024-06-11 14:00:00,Gift Candle,Home,4,18.17,0.0,72.69,Web,East,No,44,23,Essential,Yes,7.2,1,No
CUST-00239,2024-06-11 14:00:00,Desk Notebook,Stationery,2,8.68,0.0,17.36,Web,North,No,68,29,Essential,Yes,7.1,2,No
CUST-00007,2024-06-11 17:00:00,Phone Stand,Electronics,2,16.75,0.0,33.49,Store,North,No,44,16,Essential,Yes,8.2,2,No
CUST-00300,2024-06-11 19:00:00,Natural Soap Set,Personal Care,3,12.2,0.1,32.94,Store,West,Yes,34,6,Premium,No,8.5,0,Yes
CUST-00284,2024-06-12 15:00:00,Wireless Charger,Electronics,3,29.94,0.0,89.82,Mobile app,Central,No,21,11,Premium,Yes,6.5,1,No
CUST-00173,2024-06-13 08:00:00,Phone Stand,Electronics,2,17.97,0.0,35.94,Mobile app,South,No,41,23,Premium,Yes,7.7,4,No
CUST-00019,2024-06-13 09:00:00,Everyday Coffee,Beverages,9,8.35,0.0,75.17,Web,West,No,25,26,Essential,No,9.1,3,No
CUST-00026,2024-06-13 14:00:00,Gift Candle,Home,3,18.27,0.0,54.81,Mobile app,North,No,64,35,Essential,No,8.5,1,No
CUST-00282,2024-06-13 16:00:00,Herbal Tea,Beverages,3,7.7,0.0,23.09,Mobile app,West,No,33,11,Essential,Yes,5.8,2,Yes
CUST-00310,2024-06-13 20:00:00,Desk Notebook,Stationery,4,8.77,0.0,35.06,Web,Central,No,66,47,Essential,Yes,3.1,1,No
CUST-00234,2024-06-14 12:00:00,Cotton Tote,Accessories,1,14.5,0.0,14.5,Web,West,No,29,44,Essential,No,6.6,3,No
CUST-00171,2024-06-14 14:00:00,Cotton Tote,Accessories,1,13.86,0.0,13.86,Web,West,No,22,25,Essential,Yes,8.2,0,No
CUST-00128,2024-06-14 15:00:00,Cotton Tote,Accessories,5,13.71,0.0,68.57,Mobile app,Central,No,35,32,Essential,Yes,6.2,0,No
CUST-00044,2024-06-14 16:00:00,Natural Soap Set,Personal Care,2,13.13,0.0,26.26,Web,East,No,66,46,Plus,No,6.9,1,No
CUST-00031,2024-06-15 09:00:00,Everyday Coffee,Beverages,2,8.13,0.0,16.27,Mobile app,Central,No,60,19,Plus,Yes,8.2,2,No
CUST-00086,2024-06-15 11:00:00,Phone Stand,Electronics,3,16.48,0.0,49.44,Web,West,No,33,36,Essential,Yes,6.6,3,No
CUST-00139,2024-06-15 13:00:00,Wireless Charger,Electronics,2,28.36,0.0,56.71,Web,North,No,52,6,Premium,Yes,7.1,2,No
CUST-00022,2024-06-15 14:00:00,Gift Candle,Home,3,17.62,0.0,52.87,Store,West,No,37,11,Plus,Yes,8.5,1,No
CUST-00204,2024-06-15 14:00:00,Everyday Coffee,Beverages,3,8.41,0.0,25.22,Mobile app,South,No,50,4,Essential,Yes,5.4,1,Yes
CUST-00126,2024-06-15 20:00:00,Desk Notebook,Stationery,2,8.35,0.0,16.69,Mobile app,Central,No,68,11,Plus,Yes,9.6,4,Yes
CUST-00082,2024-06-16 08:00:00,Everyday Coffee,Beverages,3,8.45,0.0,25.35,Web,Central,No,31,6,Essential,Yes,7.3,1,Yes
CUST-00301,2024-06-16 08:00:00,Phone Stand,Electronics,2,16.82,0.0,33.64,Web,South,No,45,16,Essential,Yes,5.8,1,Yes
CUST-00283,2024-06-16 10:00:00,Desk Notebook,Stationery,5,8.62,0.0,43.1,Store,North,Yes,56,30,Essential,Yes,5.6,3,No
CUST-00240,2024-06-16 11:00:00,Travel Mug,Accessories,2,21.04,0.05,39.98,Store,South,Yes,30,7,Plus,Yes,7.5,3,Yes
CUST-00120,2024-06-16 13:00:00,Cotton Tote,Accessories,1,14.57,0.0,14.57,Web,East,Yes,53,7,Plus,Yes,7.3,1,Yes
CUST-00220,2024-06-17 17:00:00,Everyday Coffee,Beverages,1,8.52,0.0,8.52,Web,South,No,24,21,Plus,Yes,6.4,1,No
CUST-00026,2024-06-18 17:00:00,Wireless Charger,Electronics,2,26.91,0.0,53.81,Mobile app,North,No,64,35,Essential,No,8.5,1,No
CUST-00034,2024-06-18 18:00:00,Gift Candle,Home,6,18.22,0.0,109.3,Mobile app,Central,No,52,25,Plus,Yes,7.9,1,No
CUST-00158,2024-06-18 18:00:00,Phone Stand,Electronics,4,17.81,0.0,71.22,Web,South,No,58,4,Premium,Yes,7.6,2,No
CUST-00173,2024-06-19 10:00:00,Travel Mug,Accessories,6,22.07,0.0,132.43,Mobile app,South,No,41,23,Premium,Yes,7.7,4,No
CUST-00062,2024-06-19 11:00:00,Wireless Charger,Electronics,1,29.3,0.0,29.3,Web,East,No,25,9,Plus,Yes,7.8,1,No
CUST-00314,2024-06-19 12:00:00,Cotton Tote,Accessories,1,13.99,0.0,13.99,Web,West,No,42,22,Essential,Yes,7.5,5,No
CUST-00294,2024-06-19 18:00:00,Herbal Tea,Beverages,2,7.31,0.05,13.89,Web,East,Yes,58,2,Plus,No,6.8,1,Yes
CUST-00278,2024-06-20 11:00:00,Natural Soap Set,Personal Care,9,12.7,0.05,108.56,Web,North,Yes,24,17,Plus,Yes,7.1,3,No
CUST-00119,2024-06-20 14:00:00,Everyday Coffee,Beverages,2,8.37,0.0,16.74,Web,West,No,62,5,Essential,Yes,4.7,2,Yes
CUST-00013,2024-06-20 21:00:00,Natural Soap Set,Personal Care,7,11.89,0.0,83.22,Web,North,No,54,26,Essential,Yes,6.3,2,No
CUST-00167,2024-06-21 10:00:00,Gift Candle,Home,7,18.71,0.0,130.95,Web,West,No,47,28,Essential,No,8.4,3,Yes
CUST-00113,2024-06-21 13:00:00,Desk Notebook,Stationery,2,8.74,0.0,17.49,Mobile app,East,No,41,39,Essential,Yes,7.6,0,No
CUST-00047,2024-06-21 15:00:00,Herbal Tea,Beverages,3,7.69,0.0,23.08,Mobile app,West,No,24,15,Plus,Yes,7.7,2,No
CUST-00056,2024-06-21 21:00:00,Herbal Tea,Beverages,2,7.88,0.0,15.77,Mobile app,North,No,57,10,Essential,Yes,5.8,2,Yes
CUST-00097,2024-06-21 21:00:00,Travel Mug,Accessories,3,21.24,0.0,63.72,Web,North,Yes,51,41,Essential,Yes,4.7,1,No
CUST-00058,2024-06-22 15:00:00,Gift Candle,Home,5,17.46,0.0,87.28,Store,South,No,30,17,Essential,Yes,4.7,1,Yes
CUST-00299,2024-06-22 17:00:00,Phone Stand,Electronics,5,18.79,0.0,93.93,Store,South,No,23,26,Essential,Yes,5.8,2,Yes
CUST-00171,2024-06-22 21:00:00,Gift Candle,Home,4,20.28,0.0,81.11,Web,West,No,22,25,Essential,Yes,8.2,0,No
CUST-00122,2024-06-23 15:00:00,Travel Mug,Accessories,5,22.32,0.0,111.6,Web,East,No,53,34,Premium,Yes,8.4,1,No
CUST-00103,2024-06-23 17:00:00,Phone Stand,Electronics,1,16.9,0.0,16.9,Mobile app,North,No,65,34,Essential,No,5.7,0,Yes
CUST-00135,2024-06-23 20:00:00,Cotton Tote,Accessories,6,13.69,0.0,82.12,Store,East,Yes,54,40,Essential,Yes,8.2,2,No
CUST-00076,2024-06-24 16:00:00,Travel Mug,Accessories,6,23.16,0.0,138.99,Mobile app,East,No,31,32,Essential,Yes,9.3,3,No
CUST-00285,2024-06-24 19:00:00,Natural Soap Set,Personal Care,6,12.71,0.0,76.25,Web,South,No,43,12,Plus,Yes,7.0,0,No
CUST-00246,2024-06-25 10:00:00,Herbal Tea,Beverages,4,7.53,0.0,30.11,Web,East,No,50,48,Essential,No,9.1,2,No
CUST-00302,2024-06-25 12:00:00,Herbal Tea,Beverages,1,7.6,0.15,6.46,Web,West,Yes,22,8,Plus,No,8.3,0,Yes
CUST-00236,2024-06-25 14:00:00,Everyday Coffee,Beverages,1,8.3,0.0,8.3,Store,West,No,61,47,Essential,Yes,9.9,1,No
CUST-00004,2024-06-25 21:00:00,Phone Stand,Electronics,5,17.78,0.0,88.89,Store,North,No,32,43,Essential,Yes,7.9,0,No
CUST-00094,2024-06-26 11:00:00,Gift Candle,Home,6,17.72,0.1,95.67,Web,West,Yes,37,31,Plus,No,6.5,1,Yes
CUST-00189,2024-06-26 12:00:00,Gift Candle,Home,2,17.21,0.0,34.43,Mobile app,West,No,53,10,Plus,Yes,7.3,0,No
CUST-00025,2024-06-26 14:00:00,Travel Mug,Accessories,5,22.21,0.0,111.06,Mobile app,Central,No,53,2,Plus,Yes,5.0,3,Yes
CUST-00232,2024-06-26 18:00:00,Phone Stand,Electronics,6,18.04,0.0,108.24,Mobile app,East,No,42,12,Essential,Yes,5.8,1,Yes
CUST-00172,2024-06-26 19:00:00,Desk Notebook,Stationery,6,9.63,0.0,57.76,Store,East,No,22,30,Essential,Yes,7.5,0,No
CUST-00287,2024-06-27 09:00:00,Everyday Coffee,Beverages,3,7.99,0.0,23.98,Mobile app,West,No,52,40,Plus,Yes,9.2,2,No
CUST-00154,2024-06-27 10:00:00,Phone Stand,Electronics,2,18.76,0.0,37.52,Mobile app,Central,No,21,39,Plus,Yes,6.2,5,No
CUST-00295,2024-06-27 13:00:00,Wireless Charger,Electronics,4,30.19,0.0,120.78,Web,East,Yes,40,36,Plus,Yes,5.0,1,No
CUST-00308,2024-06-27 15:00:00,Phone Stand,Electronics,2,16.6,0.0,33.2,Web,East,No,36,25,Essential,No,8.0,4,Yes
CUST-00183,2024-06-27 18:00:00,Gift Candle,Home,2,17.64,0.0,35.28,Mobile app,North,No,44,2,Plus,Yes,5.8,2,Yes
CUST-00299,2024-06-28 19:00:00,Herbal Tea,Beverages,1,7.25,0.0,7.25,Store,South,No,23,26,Essential,Yes,5.8,2,Yes
CUST-00245,2024-06-28 20:00:00,Desk Notebook,Stationery,4,9.07,0.0,36.28,Web,North,No,68,22,Essential,Yes,9.5,0,No
CUST-00301,2024-06-29 09:00:00,Granola Pack,Grocery,2,6.91,0.0,13.82,Web,South,No,45,16,Essential,Yes,5.8,1,Yes
CUST-00239,2024-07-01 09:00:00,Wireless Charger,Electronics,7,27.93,0.0,195.52,Web,North,Yes,68,29,Essential,Yes,7.1,2,No
CUST-00281,2024-07-01 09:00:00,Phone Stand,Electronics,1,17.3,0.0,17.3,Store,East,No,55,25,Plus,Yes,9.6,3,No
CUST-00068,2024-07-02 08:00:00,Travel Mug,Accessories,4,23.43,0.0,93.71,Web,West,Yes,36,14,Plus,Yes,6.8,3,No
CUST-00043,2024-07-02 14:00:00,Everyday Coffee,Beverages,5,7.99,0.1,35.93,Store,Central,Yes,55,41,Plus,No,7.9,0,No
CUST-00252,2024-07-02 21:00:00,Granola Pack,Grocery,3,7.21,0.0,21.62,Mobile app,Central,No,27,5,Premium,Yes,9.5,2,No
CUST-00222,2024-07-03 08:00:00,Herbal Tea,Beverages,1,6.71,0.05,6.38,Web,Central,Yes,24,11,Premium,No,8.0,1,Yes
CUST-00113,2024-07-03 09:00:00,Cotton Tote,Accessories,4,14.3,0.0,57.22,Mobile app,East,No,41,39,Essential,Yes,7.6,0,No
CUST-00017,2024-07-03 11:00:00,Gift Candle,Home,4,16.58,0.0,66.34,Web,East,Yes,34,23,Essential,No,6.7,1,No
CUST-00020,2024-07-03 18:00:00,Phone Stand,Electronics,2,18.24,0.0,36.48,Store,West,No,26,12,Premium,Yes,8.6,2,No
CUST-00290,2024-07-03 18:00:00,Granola Pack,Grocery,7,6.7,0.0,46.88,Web,West,No,46,19,Plus,Yes,5.1,1,Yes
CUST-00270,2024-07-05 08:00:00,Gift Candle,Home,6,17.89,0.0,107.31,Store,East,No,50,9,Essential,No,5.4,2,Yes
CUST-00157,2024-07-05 18:00:00,Granola Pack,Grocery,1,6.58,0.0,6.58,Mobile app,West,No,64,21,Plus,No,8.1,0,Yes
CUST-00152,2024-07-06 08:00:00,Everyday Coffee,Beverages,5,8.93,0.0,44.66,Store,West,No,48,20,Plus,No,7.2,0,Yes
CUST-00021,2024-07-06 11:00:00,Herbal Tea,Beverages,4,6.92,0.0,27.69,Mobile app,North,No,51,18,Essential,Yes,7.8,0,No
CUST-00115,2024-07-06 12:00:00,Wireless Charger,Electronics,8,27.98,0.0,223.86,Web,West,No,66,6,Plus,Yes,7.2,2,No
CUST-00076,2024-07-06 13:00:00,Gift Candle,Home,4,17.99,0.0,71.97,Mobile app,East,No,31,32,Essential,Yes,9.3,3,No
CUST-00115,2024-07-06 15:00:00,Gift Candle,Home,1,17.72,0.0,17.72,Web,West,No,66,6,Plus,Yes,7.2,2,No
CUST-00050,2024-07-06 16:00:00,Natural Soap Set,Personal Care,4,11.93,0.0,47.7,Mobile app,East,No,36,9,Plus,No,7.5,3,Yes
CUST-00006,2024-07-07 11:00:00,Cotton Tote,Accessories,4,14.09,0.0,56.37,Mobile app,Central,No,57,40,Plus,Yes,6.1,0,No
CUST-00277,2024-07-07 11:00:00,Cotton Tote,Accessories,3,15.58,0.0,46.75,Web,South,No,56,37,Essential,No,7.8,3,No
CUST-00039,2024-07-07 18:00:00,Gift Candle,Home,5,19.22,0.0,96.08,Web,West,No,46,43,Plus,Yes,5.9,0,No
CUST-00200,2024-07-08 12:00:00,Travel Mug,Accessories,1,21.58,0.0,21.58,Store,South,No,42,21,Plus,No,9.7,1,Yes
CUST-00047,2024-07-08 17:00:00,Wireless Charger,Electronics,1,27.9,0.0,27.9,Mobile app,West,No,24,15,Plus,Yes,7.7,2,No
CUST-00247,2024-07-08 19:00:00,Gift Candle,Home,7,18.62,0.0,130.31,Web,Central,No,68,19,Plus,Yes,7.1,1,No
CUST-00095,2024-07-09 09:00:00,Phone Stand,Electronics,2,17.55,0.0,35.1,Web,North,No,33,2,Plus,No,6.3,2,Yes
CUST-00228,2024-07-09 11:00:00,Cotton Tote,Accessories,3,13.8,0.0,41.39,Store,South,No,58,12,Premium,Yes,9.0,3,No
CUST-00306,2024-07-09 18:00:00,Natural Soap Set,Personal Care,5,12.73,0.0,63.63,Mobile app,West,No,63,33,Plus,No,7.5,3,No
CUST-00230,2024-07-10 15:00:00,Natural Soap Set,Personal Care,3,12.75,0.0,38.25,Store,West,No,26,36,Plus,Yes,9.4,2,No
CUST-00025,2024-07-10 19:00:00,Everyday Coffee,Beverages,2,8.14,0.0,16.28,Mobile app,Central,No,53,2,Plus,Yes,5.0,3,Yes
CUST-00263,2024-07-10 19:00:00,Travel Mug,Accessories,5,23.01,0.0,115.05,Web,East,No,40,19,Plus,No,8.2,0,Yes
CUST-00262,2024-07-10 21:00:00,Granola Pack,Grocery,3,7.4,0.0,22.19,Mobile app,South,No,25,41,Essential,Yes,6.6,2,No
CUST-00080,2024-07-11 10:00:00,Cotton Tote,Accessories,1,15.32,0.0,15.32,Store,East,No,53,37,Essential,Yes,8.1,1,No
CUST-00104,2024-07-11 13:00:00,Natural Soap Set,Personal Care,3,12.46,0.0,37.38,Mobile app,North,No,58,35,Essential,No,6.3,3,No
CUST-00222,2024-07-12 10:00:00,Wireless Charger,Electronics,1,27.09,0.0,27.09,Web,Central,No,24,11,Premium,No,8.0,1,Yes
CUST-00100,2024-07-12 11:00:00,Cotton Tote,Accessories,4,15.35,0.0,61.4,Web,West,No,65,4,Premium,No,7.1,2,Yes
CUST-00271,2024-07-12 18:00:00,Everyday Coffee,Beverages,6,8.42,0.0,50.54,Mobile app,West,No,61,16,Plus,Yes,8.9,2,No
CUST-00219,2024-07-12 19:00:00,Herbal Tea,Beverages,3,7.28,0.0,21.85,Web,North,No,45,33,Essential,Yes,6.9,2,No
CUST-00153,2024-07-13 08:00:00,Herbal Tea,Beverages,6,7.03,0.0,42.21,Store,West,No,22,48,Essential,Yes,3.6,4,No
CUST-00036,2024-07-13 10:00:00,Cotton Tote,Accessories,3,15.52,0.0,46.56,Web,South,No,63,38,Essential,No,8.3,4,Yes
CUST-00053,2024-07-13 10:00:00,Wireless Charger,Electronics,4,28.15,0.0,112.6,Mobile app,Central,No,22,9,Essential,No,6.5,0,Yes
CUST-00085,2024-07-13 13:00:00,Everyday Coffee,Beverages,4,9.01,0.0,36.04,Web,East,Yes,55,20,Plus,Yes,7.4,1,No
CUST-00071,2024-07-13 15:00:00,Phone Stand,Electronics,4,16.52,0.0,66.09,Store,Central,No,47,23,Essential,Yes,10.0,3,No
CUST-00135,2024-07-13 17:00:00,Phone Stand,Electronics,5,17.4,0.0,87.01,Store,East,No,54,40,Essential,Yes,8.2,2,No
CUST-00003,2024-07-14 10:00:00,Natural Soap Set,Personal Care,4,12.36,0.0,49.45,Web,North,No,35,44,Premium,Yes,8.1,0,No
CUST-00147,2024-07-14 14:00:00,Wireless Charger,Electronics,5,29.23,0.0,146.14,Store,Central,No,45,14,Plus,Yes,6.9,1,No
CUST-00277,2024-07-14 14:00:00,Travel Mug,Accessories,2,22.67,0.0,45.35,Web,South,No,56,37,Essential,No,7.8,3,No
CUST-00136,2024-07-15 10:00:00,Wireless Charger,Electronics,2,28.25,0.0,56.51,Web,North,No,25,7,Essential,Yes,8.3,1,No
CUST-00289,2024-07-15 10:00:00,Everyday Coffee,Beverages,1,7.8,0.0,7.8,Mobile app,East,No,49,7,Plus,No,10.0,2,Yes
CUST-00293,2024-07-15 10:00:00,Granola Pack,Grocery,6,6.83,0.0,40.96,Web,Central,No,53,3,Plus,Yes,10.0,1,No
CUST-00266,2024-07-15 12:00:00,Herbal Tea,Beverages,6,7.04,0.0,42.25,Web,Central,No,57,41,Premium,Yes,8.2,1,No
CUST-00046,2024-07-15 13:00:00,Granola Pack,Grocery,3,6.48,0.0,19.45,Mobile app,West,No,32,29,Plus,Yes,6.3,1,No
CUST-00022,2024-07-15 18:00:00,Everyday Coffee,Beverages,4,8.06,0.0,32.25,Store,West,No,37,11,Plus,Yes,8.5,1,No
CUST-00102,2024-07-16 14:00:00,Desk Notebook,Stationery,1,9.17,0.0,9.17,Store,West,No,29,6,Essential,Yes,8.2,1,No
CUST-00104,2024-07-16 17:00:00,Phone Stand,Electronics,2,17.34,0.0,34.68,Mobile app,North,No,58,35,Essential,No,6.3,3,No
CUST-00001,2024-07-16 20:00:00,Gift Candle,Home,3,17.7,0.0,53.11,Web,West,Yes,53,7,Plus,No,7.5,5,Yes
CUST-00008,2024-07-18 12:00:00,Desk Notebook,Stationery,3,9.37,0.0,28.11,Store,North,No,50,23,Premium,No,6.9,1,No
CUST-00296,2024-07-18 13:00:00,Wireless Charger,Electronics,4,30.91,0.0,123.64,Web,South,No,38,3,Plus,No,6.1,0,Yes
CUST-00161,2024-07-18 15:00:00,Herbal Tea,Beverages,4,6.74,0.0,26.96,Web,North,No,22,41,Essential,Yes,4.8,0,No
CUST-00080,2024-07-18 18:00:00,Wireless Charger,Electronics,7,28.08,0.0,196.59,Store,East,No,53,37,Essential,Yes,8.1,1,No
CUST-00313,2024-07-18 20:00:00,Herbal Tea,Beverages,2,6.91,0.0,13.82,Mobile app,Central,No,53,10,Essential,No,8.1,2,Yes
CUST-00012,2024-07-18 21:00:00,Cotton Tote,Accessories,3,14.33,0.0,42.98,Mobile app,South,No,65,19,Plus,Yes,6.6,3,No
CUST-00310,2024-07-19 11:00:00,Wireless Charger,Electronics,4,28.16,0.0,112.64,Web,Central,No,66,47,Essential,Yes,3.1,1,No
CUST-00128,2024-07-19 12:00:00,Gift Candle,Home,5,17.83,0.0,89.15,Mobile app,Central,No,35,32,Essential,Yes,6.2,0,No
CUST-00238,2024-07-19 14:00:00,Phone Stand,Electronics,2,17.74,0.0,35.48,Mobile app,West,No,37,12,Plus,No,6.7,4,Yes
CUST-00039,2024-07-20 14:00:00,Wireless Charger,Electronics,2,27.24,0.0,54.48,Web,West,No,46,43,Plus,Yes,5.9,0,No
CUST-00304,2024-07-20 19:00:00,Natural Soap Set,Personal Care,5,13.03,0.0,65.15,Mobile app,East,No,35,20,Premium,Yes,8.3,1,No
CUST-00209,2024-07-21 10:00:00,Desk Notebook,Stationery,2,8.8,0.0,17.61,Mobile app,Central,No,35,37,Premium,Yes,7.9,2,No
CUST-00303,2024-07-21 11:00:00,Travel Mug,Accessories,3,23.35,0.0,70.05,Web,West,No,53,20,Essential,No,10.0,0,Yes
CUST-00237,2024-07-21 17:00:00,Phone Stand,Electronics,5,17.78,0.0,88.89,Web,South,No,57,22,Essential,Yes,5.9,1,Yes
CUST-00270,2024-07-22 09:00:00,Cotton Tote,Accessories,4,14.66,0.0,58.65,Store,East,No,50,9,Essential,No,5.4,2,Yes
CUST-00060,2024-07-22 10:00:00,Desk Notebook,Stationery,1,8.55,0.0,8.55,Web,South,No,25,39,Essential,Yes,6.5,1,No
CUST-00231,2024-07-22 10:00:00,Desk Notebook,Stationery,10,8.81,0.0,88.06,Mobile app,Central,No,22,35,Essential,Yes,6.3,2,No
CUST-00052,2024-07-22 20:00:00,Travel Mug,Accessories,2,20.89,0.15,35.51,Store,South,Yes,54,32,Plus,No,6.7,2,No
CUST-00266,2024-07-22 21:00:00,Cotton Tote,Accessories,7,13.96,0.0,97.72,Web,Central,No,57,41,Premium,Yes,8.2,1,No
CUST-00151,2024-07-23 08:00:00,Everyday Coffee,Beverages,2,8.38,0.15,14.24,Store,North,Yes,38,7,Plus,Yes,6.8,2,No
CUST-00074,2024-07-23 10:00:00,Gift Candle,Home,4,19.79,0.0,79.18,Mobile app,South,No,55,37,Plus,Yes,9.4,2,No
CUST-00145,2024-07-24 16:00:00,Granola Pack,Grocery,3,7.36,0.0,22.08,Store,West,No,48,27,Plus,Yes,3.9,4,Yes
CUST-00245,2024-07-24 16:00:00,Herbal Tea,Beverages,2,7.14,0.0,14.29,Web,North,Yes,68,22,Essential,Yes,9.5,0,No
CUST-00097,2024-07-24 19:00:00,Wireless Charger,Electronics,2,28.65,0.0,57.29,Web,North,No,51,41,Essential,Yes,4.7,1,No
CUST-00049,2024-07-26 08:00:00,Phone Stand,Electronics,4,18.91,0.0,75.65,Mobile app,North,No,40,47,Plus,Yes,7.0,1,No
CUST-00208,2024-07-26 10:00:00,Cotton Tote,Accessories,4,13.57,0.0,54.27,Mobile app,North,No,56,2,Essential,No,6.6,3,Yes
CUST-00253,2024-07-26 15:00:00,Wireless Charger,Electronics,3,28.97,0.0,86.92,Web,East,No,53,7,Essential,Yes,6.7,1,No
CUST-00237,2024-07-27 08:00:00,Everyday Coffee,Beverages,4,8.43,0.0,33.73,Web,South,No,57,22,Essential,Yes,5.9,1,Yes
CUST-00269,2024-07-27 08:00:00,Gift Candle,Home,3,18.16,0.0,54.49,Web,Central,No,53,33,Essential,No,7.2,2,No
CUST-00119,2024-07-27 19:00:00,Travel Mug,Accessories,2,23.1,0.0,46.19,Web,West,No,62,5,Essential,Yes,4.7,2,Yes
CUST-00275,2024-07-27 19:00:00,Phone Stand,Electronics,3,16.17,0.0,48.51,Web,West,No,58,39,Premium,Yes,8.3,3,No
CUST-00102,2024-07-28 16:00:00,Gift Candle,Home,1,16.58,0.0,16.58,Store,West,No,29,6,Essential,Yes,8.2,1,No
CUST-00233,2024-07-28 17:00:00,Wireless Charger,Electronics,2,30.68,0.0,61.37,Mobile app,South,Yes,52,32,Essential,No,6.4,2,No
CUST-00242,2024-07-28 21:00:00,Gift Candle,Home,1,19.01,0.0,19.01,Web,South,No,52,37,Essential,No,9.1,2,No
CUST-00305,2024-07-29 09:00:00,Desk Notebook,Stationery,3,9.16,0.05,26.1,Store,Central,Yes,57,32,Essential,No,8.9,1,No
CUST-00089,2024-07-29 17:00:00,Natural Soap Set,Personal Care,2,12.16,0.0,24.33,Web,North,No,62,23,Premium,No,4.4,2,Yes
CUST-00227,2024-07-30 11:00:00,Gift Candle,Home,1,17.88,0.0,17.88,Mobile app,West,No,23,40,Plus,Yes,9.3,1,No
CUST-00263,2024-07-30 12:00:00,Cotton Tote,Accessories,2,13.42,0.0,26.85,Web,East,No,40,19,Plus,No,8.2,0,Yes
CUST-00028,2024-08-01 15:00:00,Natural Soap Set,Personal Care,2,13.52,0.0,27.04,Mobile app,South,Yes,34,17,Premium,Yes,6.8,2,No
CUST-00026,2024-08-01 16:00:00,Granola Pack,Grocery,5,6.98,0.0,34.92,Mobile app,North,Yes,64,35,Essential,No,8.5,1,No
CUST-00051,2024-08-02 08:00:00,Natural Soap Set,Personal Care,5,12.99,0.0,64.95,Store,South,No,59,40,Plus,Yes,8.2,0,No
CUST-00186,2024-08-02 08:00:00,Desk Notebook,Stationery,1,8.83,0.0,8.83,Mobile app,North,No,63,22,Plus,Yes,7.6,2,No
CUST-00196,2024-08-02 10:00:00,Natural Soap Set,Personal Care,3,12.85,0.0,38.56,Web,West,Yes,52,2,Essential,Yes,8.1,3,Yes
CUST-00032,2024-08-02 14:00:00,Phone Stand,Electronics,3,18.72,0.0,56.16,Mobile app,Central,Yes,46,35,Plus,Yes,7.0,0,No
CUST-00119,2024-08-02 16:00:00,Wireless Charger,Electronics,1,30.22,0.0,30.22,Web,West,No,62,5,Essential,Yes,4.7,2,Yes
CUST-00001,2024-08-02 18:00:00,Cotton Tote,Accessories,4,14.17,0.0,56.68,Web,West,No,53,7,Plus,No,7.5,5,Yes
CUST-00110,2024-08-02 20:00:00,Natural Soap Set,Personal Care,2,13.92,0.0,27.84,Mobile app,West,Yes,31,38,Essential,Yes,8.6,1,No
CUST-00273,2024-08-02 20:00:00,Phone Stand,Electronics,5,18.4,0.0,92.01,Web,East,No,51,19,Essential,Yes,4.7,2,Yes
CUST-00132,2024-08-03 12:00:00,Granola Pack,Grocery,3,6.89,0.0,20.67,Web,North,No,35,25,Plus,Yes,7.8,2,No
CUST-00282,2024-08-03 15:00:00,Wireless Charger,Electronics,2,28.69,0.0,57.37,Mobile app,West,No,33,11,Essential,Yes,5.8,2,Yes
CUST-00032,2024-08-03 20:00:00,Herbal Tea,Beverages,2,7.6,0.0,15.21,Mobile app,Central,No,46,35,Plus,Yes,7.0,0,No
CUST-00310,2024-08-04 08:00:00,Cotton Tote,Accessories,3,15.1,0.0,45.31,Web,Central,No,66,47,Essential,Yes,3.1,1,No
CUST-00029,2024-08-04 10:00:00,Herbal Tea,Beverages,3,7.46,0.0,22.39,Web,West,No,45,21,Essential,Yes,7.2,1,No
CUST-00297,2024-08-05 20:00:00,Everyday Coffee,Beverages,2,8.36,0.0,16.72,Web,Central,No,63,4,Plus,Yes,6.4,3,Yes
CUST-00008,2024-08-06 09:00:00,Desk Notebook,Stationery,2,8.93,0.0,17.86,Store,North,No,50,23,Premium,No,6.9,1,No
CUST-00025,2024-08-06 13:00:00,Natural Soap Set,Personal Care,3,11.93,0.0,35.78,Mobile app,Central,No,53,2,Plus,Yes,5.0,3,Yes
CUST-00275,2024-08-06 14:00:00,Desk Notebook,Stationery,7,8.45,0.0,59.16,Web,West,No,58,39,Premium,Yes,8.3,3,No
CUST-00162,2024-08-06 16:00:00,Everyday Coffee,Beverages,1,8.33,0.0,8.33,Web,East,No,44,23,Essential,Yes,7.2,1,No
CUST-00234,2024-08-06 20:00:00,Granola Pack,Grocery,4,7.13,0.0,28.51,Web,West,No,29,44,Essential,No,6.6,3,No
CUST-00188,2024-08-06 21:00:00,Phone Stand,Electronics,7,18.13,0.0,126.89,Web,Central,No,65,48,Essential,Yes,6.8,1,No
CUST-00257,2024-08-07 16:00:00,Everyday Coffee,Beverages,1,8.31,0.0,8.31,Web,South,No,38,43,Essential,Yes,6.5,0,No
CUST-00084,2024-08-07 21:00:00,Gift Candle,Home,4,19.69,0.0,78.75,Web,West,No,68,5,Essential,Yes,6.2,0,No
CUST-00004,2024-08-08 08:00:00,Desk Notebook,Stationery,3,8.92,0.0,26.75,Store,North,No,32,43,Essential,Yes,7.9,0,No
CUST-00309,2024-08-08 10:00:00,Travel Mug,Accessories,3,23.13,0.0,69.38,Mobile app,East,No,64,34,Plus,Yes,8.1,1,No
CUST-00174,2024-08-08 14:00:00,Cotton Tote,Accessories,1,13.52,0.0,13.52,Web,North,No,28,7,Essential,Yes,7.6,4,Yes
CUST-00250,2024-08-08 16:00:00,Phone Stand,Electronics,1,17.89,0.0,17.89,Web,West,No,35,21,Essential,No,8.1,4,Yes
CUST-00253,2024-08-09 18:00:00,Cotton Tote,Accessories,3,13.54,0.0,40.62,Web,East,No,53,7,Essential,Yes,6.7,1,No
CUST-00147,2024-08-09 20:00:00,Granola Pack,Grocery,1,6.79,0.0,6.79,Store,Central,No,45,14,Plus,Yes,6.9,1,No
CUST-00293,2024-08-09 21:00:00,Granola Pack,Grocery,4,6.53,0.0,26.11,Web,Central,No,53,3,Plus,Yes,10.0,1,No
CUST-00187,2024-08-10 08:00:00,Travel Mug,Accessories,3,21.71,0.0,65.13,Mobile app,West,No,46,42,Premium,No,8.3,0,No
CUST-00260,2024-08-10 09:00:00,Travel Mug,Accessories,2,21.28,0.0,42.55,Web,North,No,33,43,Plus,No,7.3,1,No
CUST-00155,2024-08-10 13:00:00,Cotton Tote,Accessories,4,14.48,0.0,57.9,Web,North,No,26,8,Plus,No,6.5,1,Yes
CUST-00166,2024-08-10 15:00:00,Travel Mug,Accessories,2,21.77,0.0,43.53,Store,East,No,50,2,Essential,No,5.5,1,Yes
CUST-00179,2024-08-11 08:00:00,Everyday Coffee,Beverages,1,8.26,0.0,8.26,Web,Central,No,68,25,Essential,Yes,5.4,4,Yes
CUST-00311,2024-08-11 08:00:00,Travel Mug,Accessories,4,22.5,0.05,85.5,Web,Central,Yes,66,42,Plus,Yes,6.1,2,No
CUST-00093,2024-08-11 09:00:00,Everyday Coffee,Beverages,5,8.64,0.0,43.21,Mobile app,Central,No,25,45,Plus,Yes,7.9,4,No
CUST-00056,2024-08-11 17:00:00,Gift Candle,Home,1,18.59,0.0,18.59,Mobile app,North,No,57,10,Essential,Yes,5.8,2,Yes
CUST-00081,2024-08-12 09:00:00,Cotton Tote,Accessories,3,14.23,0.0,42.7,Web,West,No,30,25,Essential,No,4.4,0,Yes
CUST-00294,2024-08-12 21:00:00,Wireless Charger,Electronics,3,28.34,0.0,85.01,Web,East,No,58,2,Plus,No,6.8,1,Yes
CUST-00264,2024-08-13 14:00:00,Cotton Tote,Accessories,4,14.5,0.0,58.0,Web,North,No,66,34,Plus,Yes,7.8,1,No
CUST-00129,2024-08-13 20:00:00,Natural Soap Set,Personal Care,4,12.93,0.0,51.73,Mobile app,Central,No,54,31,Plus,No,7.7,4,Yes
CUST-00151,2024-08-14 09:00:00,Cotton Tote,Accessories,2,14.42,0.0,28.84,Store,North,No,38,7,Plus,Yes,6.8,2,No
CUST-00241,2024-08-14 11:00:00,Everyday Coffee,Beverages,1,8.4,0.0,8.4,Web,South,No,24,2,Plus,Yes,6.6,0,No
CUST-00278,2024-08-14 14:00:00,Natural Soap Set,Personal Care,1,13.44,0.0,13.44,Web,North,No,24,17,Plus,Yes,7.1,3,No
CUST-00158,2024-08-14 18:00:00,Natural Soap Set,Personal Care,3,12.54,0.0,37.63,Web,South,No,58,4,Premium,Yes,7.6,2,No
CUST-00002,2024-08-14 19:00:00,Wireless Charger,Electronics,4,31.33,0.0,125.32,Web,West,No,41,13,Plus,Yes,7.5,2,No
CUST-00256,2024-08-15 16:00:00,Herbal Tea,Beverages,6,6.38,0.0,38.27,Mobile app,East,No,47,25,Plus,Yes,7.2,4,No
CUST-00014,2024-08-15 17:00:00,Phone Stand,Electronics,4,17.59,0.0,70.35,Mobile app,East,No,49,37,Plus,No,5.6,0,Yes
CUST-00119,2024-08-16 10:00:00,Desk Notebook,Stationery,4,8.72,0.05,33.13,Web,West,Yes,62,5,Essential,Yes,4.7,2,Yes
CUST-00161,2024-08-17 08:00:00,Herbal Tea,Beverages,1,7.42,0.0,7.42,Web,North,No,22,41,Essential,Yes,4.8,0,No
CUST-00086,2024-08-17 17:00:00,Phone Stand,Electronics,4,16.33,0.05,62.05,Web,West,Yes,33,36,Essential,Yes,6.6,3,No
CUST-00086,2024-08-17 19:00:00,Natural Soap Set,Personal Care,4,11.67,0.0,46.69,Web,West,No,33,36,Essential,Yes,6.6,3,No
CUST-00123,2024-08-18 10:00:00,Travel Mug,Accessories,4,23.63,0.0,94.54,Mobile app,Central,No,31,44,Premium,Yes,5.9,1,No
CUST-00065,2024-08-18 16:00:00,Gift Candle,Home,5,16.88,0.0,84.39,Web,East,No,66,17,Essential,Yes,9.0,5,No
CUST-00223,2024-08-18 16:00:00,Herbal Tea,Beverages,6,7.51,0.0,45.08,Store,North,No,35,9,Premium,Yes,5.2,0,Yes
CUST-00018,2024-08-18 21:00:00,Travel Mug,Accessories,1,22.09,0.0,22.09,Mobile app,West,No,46,6,Essential,No,8.1,0,Yes
CUST-00233,2024-08-18 21:00:00,Everyday Coffee,Beverages,1,8.19,0.0,8.19,Mobile app,South,No,52,32,Essential,No,6.4,2,No
CUST-00273,2024-08-19 10:00:00,Gift Candle,Home,4,18.82,0.0,75.28,Web,East,No,51,19,Essential,Yes,4.7,2,Yes
CUST-00312,2024-08-20 08:00:00,Phone Stand,Electronics,5,18.65,0.0,93.25,Web,South,No,53,34,Essential,Yes,10.0,1,No
CUST-00083,2024-08-20 10:00:00,Herbal Tea,Beverages,2,6.94,0.0,13.88,Web,East,Yes,56,16,Plus,Yes,7.5,0,No
CUST-00236,2024-08-20 13:00:00,Desk Notebook,Stationery,6,9.08,0.0,54.5,Store,West,No,61,47,Essential,Yes,9.9,1,No
CUST-00232,2024-08-20 14:00:00,Cotton Tote,Accessories,5,14.25,0.0,71.23,Mobile app,East,No,42,12,Essential,Yes,5.8,1,Yes
CUST-00069,2024-08-20 18:00:00,Phone Stand,Electronics,5,18.29,0.0,91.44,Web,East,No,64,48,Premium,Yes,8.1,0,No
CUST-00250,2024-08-21 10:00:00,Cotton Tote,Accessories,2,14.08,0.0,28.15,Web,West,No,35,21,Essential,No,8.1,4,Yes
CUST-00268,2024-08-21 10:00:00,Desk Notebook,Stationery,2,9.26,0.0,18.51,Web,Central,No,65,42,Plus,Yes,8.7,0,No
CUST-00291,2024-08-21 19:00:00,Herbal Tea,Beverages,4,7.54,0.0,30.14,Store,East,No,24,17,Premium,Yes,7.8,1,No
CUST-00085,2024-08-22 10:00:00,Phone Stand,Electronics,7,17.41,0.0,121.9,Web,East,No,55,20,Plus,Yes,7.4,1,No
CUST-00048,2024-08-22 11:00:00,Cotton Tote,Accessories,1,16.15,0.0,16.15,Mobile app,South,No,48,27,Premium,No,7.4,0,No
CUST-00171,2024-08-22 13:00:00,Desk Notebook,Stationery,5,9.29,0.0,46.46,Web,West,No,22,25,Essential,Yes,8.2,0,No
CUST-00088,2024-08-22 14:00:00,Gift Candle,Home,3,16.82,0.1,45.41,Web,Central,Yes,57,4,Essential,Yes,7.0,0,No
CUST-00015,2024-08-22 15:00:00,Phone Stand,Electronics,1,16.58,0.0,16.58,Store,South,No,59,4,Plus,Yes,6.6,1,No
CUST-00040,2024-08-23 14:00:00,Granola Pack,Grocery,1,7.14,0.0,7.14,Mobile app,East,No,64,37,Essential,Yes,9.2,2,No
CUST-00186,2024-08-24 11:00:00,Gift Candle,Home,3,18.37,0.0,55.11,Mobile app,North,No,63,22,Plus,Yes,7.6,2,No
CUST-00062,2024-08-24 13:00:00,Everyday Coffee,Beverages,1,8.27,0.1,7.45,Web,East,Yes,25,9,Plus,Yes,7.8,1,No
CUST-00190,2024-08-24 17:00:00,Everyday Coffee,Beverages,3,8.16,0.0,24.47,Store,Central,No,59,15,Plus,Yes,6.6,4,Yes
CUST-00118,2024-08-24 18:00:00,Herbal Tea,Beverages,5,6.89,0.0,34.44,Web,North,No,38,30,Plus,Yes,9.2,1,No
CUST-00078,2024-08-24 19:00:00,Phone Stand,Electronics,4,16.43,0.0,65.71,Store,West,Yes,35,9,Essential,No,7.0,1,Yes
CUST-00099,2024-08-24 19:00:00,Granola Pack,Grocery,3,7.26,0.0,21.77,Store,Central,No,62,40,Premium,Yes,8.4,4,No
CUST-00298,2024-08-24 19:00:00,Phone Stand,Electronics,1,16.39,0.0,16.39,Mobile app,North,No,30,5,Essential,Yes,8.1,1,Yes
CUST-00156,2024-08-25 09:00:00,Travel Mug,Accessories,2,22.11,0.0,44.21,Web,South,No,62,3,Essential,Yes,6.9,3,Yes
CUST-00162,2024-08-25 16:00:00,Cotton Tote,Accessories,5,15.75,0.0,78.73,Web,East,No,44,23,Essential,Yes,7.2,1,No
CUST-00084,2024-08-26 11:00:00,Desk Notebook,Stationery,4,8.89,0.05,33.77,Web,West,Yes,68,5,Essential,Yes,6.2,0,No
CUST-00026,2024-08-26 14:00:00,Cotton Tote,Accessories,4,15.47,0.0,61.9,Mobile app,North,No,64,35,Essential,No,8.5,1,No
CUST-00239,2024-08-26 16:00:00,Herbal Tea,Beverages,4,7.28,0.0,29.13,Web,North,No,68,29,Essential,Yes,7.1,2,No
CUST-00244,2024-08-26 21:00:00,Travel Mug,Accessories,5,19.08,0.0,95.4,Web,Central,Yes,51,44,Essential,No,5.7,2,Yes
CUST-00214,2024-08-27 12:00:00,Herbal Tea,Beverages,1,6.94,0.0,6.94,Web,North,No,47,23,Essential,Yes,9.4,1,No
CUST-00202,2024-08-27 14:00:00,Travel Mug,Accessories,6,21.23,0.05,121.03,Web,Central,Yes,65,31,Plus,Yes,7.2,2,No
CUST-00317,2024-08-27 14:00:00,Cotton Tote,Accessories,5,14.1,0.0,70.49,Web,East,No,52,28,Plus,Yes,7.0,1,No
CUST-00156,2024-08-27 18:00:00,Cotton Tote,Accessories,2,14.29,0.0,28.58,Web,South,No,62,3,Essential,Yes,6.9,3,Yes
CUST-00291,2024-08-27 19:00:00,Desk Notebook,Stationery,2,8.35,0.0,16.69,Store,East,No,24,17,Premium,Yes,7.8,1,No
CUST-00318,2024-08-27 20:00:00,Everyday Coffee,Beverages,4,8.26,0.1,29.74,Web,East,Yes,57,44,Premium,Yes,2.6,4,No
CUST-00017,2024-08-28 14:00:00,Everyday Coffee,Beverages,6,8.21,0.15,41.87,Web,East,Yes,34,23,Essential,No,6.7,1,No
CUST-00276,2024-08-28 14:00:00,Desk Notebook,Stationery,9,8.74,0.0,78.64,Mobile app,Central,No,67,27,Plus,Yes,5.3,0,No
CUST-00171,2024-08-28 15:00:00,Desk Notebook,Stationery,2,9.28,0.0,18.57,Web,West,No,22,25,Essential,Yes,8.2,0,No
CUST-00164,2024-08-28 21:00:00,Granola Pack,Grocery,5,6.48,0.0,32.4,Web,East,No,38,14,Premium,Yes,7.1,2,No
CUST-00308,2024-08-29 19:00:00,Herbal Tea,Beverages,10,6.8,0.0,67.98,Web,East,No,36,25,Essential,No,8.0,4,Yes
CUST-00251,2024-08-29 21:00:00,Cotton Tote,Accessories,7,14.73,0.0,103.13,Web,West,No,22,29,Plus,Yes,9.4,0,No
CUST-00189,2024-08-30 12:00:00,Granola Pack,Grocery,4,6.57,0.0,26.28,Mobile app,West,No,53,10,Plus,Yes,7.3,0,No
CUST-00254,2024-09-01 13:00:00,Herbal Tea,Beverages,1,6.78,0.0,6.78,Mobile app,East,No,28,29,Essential,No,7.2,0,Yes
CUST-00021,2024-09-01 16:00:00,Herbal Tea,Beverages,2,7.18,0.05,13.64,Mobile app,North,Yes,51,18,Essential,Yes,7.8,0,No
CUST-00150,2024-09-02 08:00:00,Natural Soap Set,Personal Care,2,13.0,0.0,25.99,Store,West,No,61,25,Plus,Yes,5.3,1,Yes
CUST-00148,2024-09-02 11:00:00,Travel Mug,Accessories,4,22.5,0.0,90.0,Web,North,No,41,31,Essential,Yes,7.9,5,No
CUST-00219,2024-09-02 13:00:00,Desk Notebook,Stationery,6,8.85,0.0,53.08,Web,North,Yes,45,33,Essential,Yes,6.9,2,No
CUST-00262,2024-09-02 18:00:00,Natural Soap Set,Personal Care,5,13.25,0.0,66.24,Mobile app,South,No,25,41,Essential,Yes,6.6,2,No
CUST-00312,2024-09-02 21:00:00,Herbal Tea,Beverages,3,6.48,0.0,19.43,Web,South,No,53,34,Essential,Yes,10.0,1,No
CUST-00062,2024-09-03 11:00:00,Desk Notebook,Stationery,3,9.24,0.0,27.71,Web,East,No,25,9,Plus,Yes,7.8,1,No
CUST-00124,2024-09-04 13:00:00,Wireless Charger,Electronics,5,30.45,0.0,152.23,Mobile app,East,No,47,40,Plus,Yes,6.5,2,No
CUST-00130,2024-09-04 13:00:00,Cotton Tote,Accessories,5,14.01,0.0,70.05,Web,North,No,29,22,Essential,Yes,4.8,1,Yes
CUST-00159,2024-09-04 13:00:00,Desk Notebook,Stationery,2,9.28,0.0,18.57,Mobile app,South,No,35,4,Premium,Yes,6.7,0,No
CUST-00209,2024-09-04 17:00:00,Desk Notebook,Stationery,3,9.47,0.0,28.42,Mobile app,Central,Yes,35,37,Premium,Yes,7.9,2,No
CUST-00297,2024-09-05 09:00:00,Granola Pack,Grocery,1,6.67,0.0,6.67,Web,Central,No,63,4,Plus,Yes,6.4,3,Yes
CUST-00178,2024-09-05 10:00:00,Wireless Charger,Electronics,4,28.79,0.0,115.17,Store,South,No,65,26,Essential,Yes,9.5,1,No
CUST-00041,2024-09-05 14:00:00,Desk Notebook,Stationery,5,9.6,0.0,48.02,Store,West,No,68,14,Essential,Yes,6.7,2,No
CUST-00101,2024-09-05 16:00:00,Desk Notebook,Stationery,3,9.4,0.0,28.2,Mobile app,West,Yes,41,3,Essential,Yes,9.0,1,No
CUST-00024,2024-09-05 17:00:00,Phone Stand,Electronics,2,17.75,0.0,35.5,Store,Central,No,59,17,Plus,Yes,5.3,2,Yes
CUST-00071,2024-09-05 19:00:00,Cotton Tote,Accessories,1,13.59,0.1,12.23,Store,Central,Yes,47,23,Essential,Yes,10.0,3,No
CUST-00051,2024-09-05 21:00:00,Everyday Coffee,Beverages,6,8.49,0.15,43.31,Store,South,Yes,59,40,Plus,Yes,8.2,0,No
CUST-00053,2024-09-07 19:00:00,Wireless Charger,Electronics,6,27.85,0.0,167.09,Mobile app,Central,No,22,9,Essential,No,6.5,0,Yes
CUST-00034,2024-09-08 09:00:00,Cotton Tote,Accessories,7,14.81,0.0,103.68,Mobile app,Central,No,52,25,Plus,Yes,7.9,1,No
CUST-00075,2024-09-09 14:00:00,Phone Stand,Electronics,4,16.52,0.0,66.06,Web,West,No,39,17,Plus,Yes,6.5,2,No
CUST-00130,2024-09-10 10:00:00,Everyday Coffee,Beverages,4,8.82,0.0,35.3,Web,North,No,29,22,Essential,Yes,4.8,1,Yes
CUST-00148,2024-09-10 19:00:00,Granola Pack,Grocery,3,6.78,0.0,20.34,Web,North,No,41,31,Essential,Yes,7.9,5,No
CUST-00186,2024-09-11 10:00:00,Natural Soap Set,Personal Care,3,12.45,0.0,37.34,Mobile app,North,No,63,22,Plus,Yes,7.6,2,No
CUST-00112,2024-09-12 17:00:00,Desk Notebook,Stationery,4,8.38,0.0,33.53,Web,East,No,37,42,Plus,No,6.3,1,No
CUST-00252,2024-09-13 12:00:00,Cotton Tote,Accessories,5,14.98,0.0,74.88,Mobile app,Central,No,27,5,Premium,Yes,9.5,2,No
CUST-00201,2024-09-13 18:00:00,Gift Candle,Home,2,19.53,0.0,39.06,Web,South,Yes,65,18,Plus,Yes,6.6,0,No
CUST-00185,2024-09-13 19:00:00,Everyday Coffee,Beverages,2,7.98,0.0,15.96,Web,East,No,50,42,Essential,No,6.4,1,No
CUST-00210,2024-09-14 08:00:00,Desk Notebook,Stationery,2,9.4,0.0,18.8,Web,North,No,52,36,Essential,Yes,8.4,1,No
CUST-00247,2024-09-14 12:00:00,Phone Stand,Electronics,2,16.78,0.0,33.55,Web,Central,No,68,19,Plus,Yes,7.1,1,No
CUST-00048,2024-09-14 20:00:00,Wireless Charger,Electronics,5,29.43,0.0,147.15,Mobile app,South,No,48,27,Premium,No,7.4,0,No
CUST-00038,2024-09-15 11:00:00,Desk Notebook,Stationery,2,8.85,0.05,16.81,Mobile app,East,Yes,28,17,Plus,Yes,7.5,0,No
CUST-00056,2024-09-16 11:00:00,Herbal Tea,Beverages,1,7.1,0.15,6.04,Mobile app,North,Yes,57,10,Essential,Yes,5.8,2,Yes
CUST-00037,2024-09-16 18:00:00,Herbal Tea,Beverages,5,7.28,0.0,36.41,Mobile app,North,No,34,30,Plus,Yes,7.0,0,No
CUST-00124,2024-09-16 19:00:00,Natural Soap Set,Personal Care,5,13.23,0.0,66.15,Mobile app,East,No,47,40,Plus,Yes,6.5,2,No
CUST-00055,2024-09-17 15:00:00,Desk Notebook,Stationery,4,8.96,0.0,35.85,Store,West,No,61,8,Plus,Yes,6.4,4,Yes
CUST-00211,2024-09-17 19:00:00,Natural Soap Set,Personal Care,2,12.14,0.0,24.29,Web,West,No,35,44,Essential,Yes,6.7,1,No
CUST-00058,2024-09-17 20:00:00,Desk Notebook,Stationery,3,8.97,0.0,26.92,Store,South,No,30,17,Essential,Yes,4.7,1,Yes
CUST-00097,2024-09-19 16:00:00,Granola Pack,Grocery,5,6.9,0.0,34.48,Web,North,No,51,41,Essential,Yes,4.7,1,No
CUST-00156,2024-09-19 18:00:00,Cotton Tote,Accessories,3,16.67,0.0,50.02,Web,South,No,62,3,Essential,Yes,6.9,3,Yes
CUST-00245,2024-09-19 20:00:00,Phone Stand,Electronics,3,17.17,0.0,51.52,Web,North,No,68,22,Essential,Yes,9.5,0,No
CUST-00108,2024-09-20 09:00:00,Herbal Tea,Beverages,4,7.12,0.0,28.48,Web,East,No,22,29,Essential,No,8.0,1,No
CUST-00038,2024-09-20 19:00:00,Herbal Tea,Beverages,4,7.15,0.0,28.58,Mobile app,East,No,28,17,Plus,Yes,7.5,0,No
CUST-00056,2024-09-21 11:00:00,Herbal Tea,Beverages,3,7.01,0.0,21.04,Mobile app,North,No,57,10,Essential,Yes,5.8,2,Yes
CUST-00049,2024-09-22 15:00:00,Natural Soap Set,Personal Care,2,13.36,0.0,26.72,Mobile app,North,No,40,47,Plus,Yes,7.0,1,No
CUST-00270,2024-09-22 15:00:00,Gift Candle,Home,1,18.26,0.0,18.26,Store,East,No,50,9,Essential,No,5.4,2,Yes
CUST-00316,2024-09-22 15:00:00,Travel Mug,Accessories,3,21.61,0.0,64.83,Web,East,No,28,10,Essential,Yes,6.7,2,No
CUST-00143,2024-09-22 21:00:00,Natural Soap Set,Personal Care,3,12.2,0.0,36.6,Web,Central,No,22,23,Essential,Yes,6.9,1,No
CUST-00111,2024-09-23 08:00:00,Granola Pack,Grocery,2,6.62,0.0,13.25,Web,Central,No,39,37,Essential,Yes,8.4,2,No
CUST-00220,2024-09-23 19:00:00,Everyday Coffee,Beverages,6,7.99,0.0,47.94,Web,South,No,24,21,Plus,Yes,6.4,1,No
CUST-00286,2024-09-23 19:00:00,Everyday Coffee,Beverages,2,8.16,0.0,16.31,Mobile app,South,No,47,48,Plus,No,6.3,1,No
CUST-00034,2024-09-24 09:00:00,Herbal Tea,Beverages,4,6.73,0.0,26.91,Mobile app,Central,Yes,52,25,Plus,Yes,7.9,1,No
CUST-00198,2024-09-24 17:00:00,Phone Stand,Electronics,2,17.06,0.0,34.12,Web,South,No,44,28,Premium,Yes,5.2,1,No
CUST-00128,2024-09-25 15:00:00,Desk Notebook,Stationery,7,9.37,0.0,65.6,Mobile app,Central,No,35,32,Essential,Yes,6.2,0,No
CUST-00078,2024-09-25 17:00:00,Desk Notebook,Stationery,5,9.16,0.05,43.49,Store,West,Yes,35,9,Essential,No,7.0,1,Yes
CUST-00184,2024-09-25 21:00:00,Phone Stand,Electronics,3,17.59,0.0,52.77,Mobile app,Central,No,23,45,Plus,No,5.3,0,Yes
CUST-00071,2024-09-26 19:00:00,Granola Pack,Grocery,3,6.59,0.0,19.78,Store,Central,No,47,23,Essential,Yes,10.0,3,No
CUST-00188,2024-09-27 20:00:00,Phone Stand,Electronics,3,17.89,0.0,53.67,Web,Central,No,65,48,Essential,Yes,6.8,1,No
CUST-00128,2024-09-27 21:00:00,Gift Candle,Home,5,16.48,0.0,82.42,Mobile app,Central,No,35,32,Essential,Yes,6.2,0,No
CUST-00270,2024-09-29 08:00:00,Travel Mug,Accessories,4,22.88,0.0,91.53,Store,East,No,50,9,Essential,No,5.4,2,Yes
CUST-00159,2024-09-29 11:00:00,Natural Soap Set,Personal Care,4,13.34,0.0,53.36,Mobile app,South,No,35,4,Premium,Yes,6.7,0,No
CUST-00275,2024-09-29 16:00:00,Granola Pack,Grocery,3,6.9,0.0,20.71,Web,West,No,58,39,Premium,Yes,8.3,3,No
CUST-00011,2024-09-29 21:00:00,Desk Notebook,Stationery,3,8.5,0.0,25.5,Mobile app,East,No,65,47,Premium,No,4.8,1,No
CUST-00081,2024-10-01 13:00:00,Cotton Tote,Accessories,2,14.31,0.0,28.62,Web,West,No,30,25,Essential,No,4.4,0,Yes
CUST-00292,2024-10-01 14:00:00,Cotton Tote,Accessories,10,15.05,0.0,150.47,Web,South,No,21,38,Essential,Yes,9.6,0,No
CUST-00133,2024-10-01 18:00:00,Desk Notebook,Stationery,3,9.05,0.0,27.14,Mobile app,South,No,43,33,Essential,Yes,8.3,2,No
CUST-00170,2024-10-02 08:00:00,Cotton Tote,Accessories,4,14.22,0.0,56.86,Web,West,No,48,35,Essential,Yes,8.1,1,No
CUST-00265,2024-10-03 08:00:00,Phone Stand,Electronics,5,17.5,0.0,87.48,Web,West,No,48,4,Plus,Yes,8.1,1,No
CUST-00160,2024-10-03 12:00:00,Wireless Charger,Electronics,1,27.56,0.0,27.56,Web,North,No,29,10,Premium,Yes,5.3,2,No
CUST-00228,2024-10-03 13:00:00,Herbal Tea,Beverages,4,7.52,0.0,30.08,Store,South,No,58,12,Premium,Yes,9.0,3,No
CUST-00021,2024-10-03 15:00:00,Gift Candle,Home,7,19.25,0.15,114.51,Mobile app,North,Yes,51,18,Essential,Yes,7.8,0,No
CUST-00257,2024-10-04 09:00:00,Herbal Tea,Beverages,4,6.93,0.0,27.73,Web,South,No,38,43,Essential,Yes,6.5,0,No
CUST-00313,2024-10-04 13:00:00,Desk Notebook,Stationery,7,8.52,0.0,59.66,Mobile app,Central,No,53,10,Essential,No,8.1,2,Yes
CUST-00172,2024-10-05 15:00:00,Granola Pack,Grocery,1,6.76,0.0,6.76,Store,East,No,22,30,Essential,Yes,7.5,0,No
CUST-00097,2024-10-05 16:00:00,Phone Stand,Electronics,3,17.52,0.0,52.55,Web,North,No,51,41,Essential,Yes,4.7,1,No
CUST-00242,2024-10-05 16:00:00,Phone Stand,Electronics,2,16.06,0.0,32.12,Web,South,No,52,37,Essential,No,9.1,2,No
CUST-00226,2024-10-06 10:00:00,Travel Mug,Accessories,4,20.92,0.05,79.51,Web,Central,Yes,38,45,Essential,Yes,6.4,1,No
CUST-00202,2024-10-06 11:00:00,Granola Pack,Grocery,6,6.93,0.0,41.57,Web,Central,No,65,31,Plus,Yes,7.2,2,No
CUST-00023,2024-10-06 14:00:00,Wireless Charger,Electronics,4,28.06,0.0,112.23,Mobile app,East,No,45,36,Essential,No,6.6,2,No
CUST-00013,2024-10-06 16:00:00,Granola Pack,Grocery,1,6.56,0.0,6.56,Web,North,No,54,26,Essential,Yes,6.3,2,No
CUST-00102,2024-10-06 16:00:00,Everyday Coffee,Beverages,2,8.13,0.15,13.82,Store,West,Yes,29,6,Essential,Yes,8.2,1,No
CUST-00160,2024-10-07 13:00:00,Herbal Tea,Beverages,1,7.06,0.0,7.06,Web,North,No,29,10,Premium,Yes,5.3,2,No
CUST-00060,2024-10-07 14:00:00,Phone Stand,Electronics,2,17.41,0.0,34.81,Web,South,No,25,39,Essential,Yes,6.5,1,No
CUST-00200,2024-10-07 16:00:00,Herbal Tea,Beverages,6,6.79,0.0,40.76,Store,South,No,42,21,Plus,No,9.7,1,Yes
CUST-00109,2024-10-07 21:00:00,Everyday Coffee,Beverages,6,8.24,0.0,49.41,Web,South,No,49,12,Plus,No,5.8,0,Yes
CUST-00182,2024-10-08 12:00:00,Everyday Coffee,Beverages,1,9.09,0.0,9.09,Mobile app,East,No,67,5,Essential,Yes,8.1,0,No
CUST-00036,2024-10-08 14:00:00,Granola Pack,Grocery,3,7.19,0.0,21.57,Web,South,No,63,38,Essential,No,8.3,4,Yes
CUST-00053,2024-10-08 15:00:00,Gift Candle,Home,2,18.42,0.0,36.84,Mobile app,Central,No,22,9,Essential,No,6.5,0,Yes
CUST-00027,2024-10-09 15:00:00,Granola Pack,Grocery,5,6.69,0.1,30.1,Web,Central,Yes,63,15,Plus,Yes,9.1,1,No
CUST-00176,2024-10-09 16:00:00,Cotton Tote,Accessories,5,14.5,0.0,72.51,Mobile app,East,No,67,35,Essential,Yes,6.7,0,No
CUST-00059,2024-10-10 16:00:00,Everyday Coffee,Beverages,6,8.5,0.0,51.0,Web,South,Yes,56,25,Premium,Yes,7.0,1,No
CUST-00300,2024-10-11 09:00:00,Cotton Tote,Accessories,2,15.37,0.0,30.74,Store,West,Yes,34,6,Premium,No,8.5,0,Yes
CUST-00041,2024-10-11 14:00:00,Granola Pack,Grocery,7,6.82,0.0,47.71,Store,West,No,68,14,Essential,Yes,6.7,2,No
CUST-00002,2024-10-12 10:00:00,Granola Pack,Grocery,2,7.01,0.0,14.02,Web,West,No,41,13,Plus,Yes,7.5,2,No
CUST-00097,2024-10-12 11:00:00,Everyday Coffee,Beverages,7,8.27,0.05,54.97,Web,North,Yes,51,41,Essential,Yes,4.7,1,No
CUST-00122,2024-10-12 12:00:00,Cotton Tote,Accessories,3,13.86,0.0,41.58,Web,East,No,53,34,Premium,Yes,8.4,1,No
CUST-00204,2024-10-12 20:00:00,Phone Stand,Electronics,1,19.06,0.0,19.06,Mobile app,South,Yes,50,4,Essential,Yes,5.4,1,Yes
CUST-00141,2024-10-12 21:00:00,Desk Notebook,Stationery,6,9.4,0.0,56.41,Web,West,No,26,31,Premium,No,5.4,4,Yes
CUST-00071,2024-10-14 15:00:00,Herbal Tea,Beverages,2,7.12,0.0,14.25,Store,Central,Yes,47,23,Essential,Yes,10.0,3,No
CUST-00169,2024-10-14 15:00:00,Desk Notebook,Stationery,3,8.39,0.0,25.16,Web,North,No,68,10,Plus,Yes,7.3,0,No
CUST-00066,2024-10-14 19:00:00,Cotton Tote,Accessories,6,14.78,0.0,88.67,Mobile app,North,No,36,31,Essential,Yes,6.4,0,No
CUST-00289,2024-10-15 17:00:00,Phone Stand,Electronics,6,17.24,0.0,103.46,Mobile app,East,No,49,7,Plus,No,10.0,2,Yes
CUST-00293,2024-10-15 17:00:00,Granola Pack,Grocery,4,6.56,0.0,26.23,Web,Central,No,53,3,Plus,Yes,10.0,1,No
CUST-00104,2024-10-16 16:00:00,Everyday Coffee,Beverages,6,8.58,0.0,51.46,Mobile app,North,No,58,35,Essential,No,6.3,3,No
CUST-00018,2024-10-17 08:00:00,Herbal Tea,Beverages,2,7.2,0.0,14.41,Mobile app,West,No,46,6,Essential,No,8.1,0,Yes
CUST-00053,2024-10-18 08:00:00,Granola Pack,Grocery,3,6.91,0.0,20.73,Mobile app,Central,No,22,9,Essential,No,6.5,0,Yes
CUST-00048,2024-10-18 16:00:00,Cotton Tote,Accessories,5,13.91,0.0,69.56,Mobile app,South,No,48,27,Premium,No,7.4,0,No
CUST-00259,2024-10-18 18:00:00,Travel Mug,Accessories,2,21.4,0.15,36.38,Store,East,Yes,49,47,Essential,No,6.9,1,No
CUST-00165,2024-10-18 19:00:00,Natural Soap Set,Personal Care,3,12.49,0.0,37.48,Web,West,No,22,5,Plus,No,8.4,0,Yes
CUST-00183,2024-10-19 11:00:00,Phone Stand,Electronics,4,18.06,0.0,72.23,Mobile app,North,No,44,2,Plus,Yes,5.8,2,Yes
CUST-00272,2024-10-19 13:00:00,Natural Soap Set,Personal Care,4,12.71,0.0,50.84,Store,North,No,39,12,Plus,Yes,7.7,2,No
CUST-00242,2024-10-19 17:00:00,Herbal Tea,Beverages,3,7.12,0.0,21.35,Web,South,Yes,52,37,Essential,No,9.1,2,No
CUST-00256,2024-10-19 17:00:00,Wireless Charger,Electronics,5,29.82,0.0,149.09,Mobile app,East,No,47,25,Plus,Yes,7.2,4,No
CUST-00059,2024-10-20 10:00:00,Desk Notebook,Stationery,1,9.67,0.0,9.67,Web,South,No,56,25,Premium,Yes,7.0,1,No
CUST-00261,2024-10-20 11:00:00,Granola Pack,Grocery,2,6.44,0.0,12.89,Web,East,No,43,2,Plus,Yes,4.5,0,Yes
CUST-00135,2024-10-20 12:00:00,Cotton Tote,Accessories,3,14.38,0.0,43.15,Store,East,No,54,40,Essential,Yes,8.2,2,No
CUST-00159,2024-10-20 12:00:00,Wireless Charger,Electronics,8,28.74,0.0,229.92,Mobile app,South,No,35,4,Premium,Yes,6.7,0,No
CUST-00231,2024-10-20 20:00:00,Herbal Tea,Beverages,5,7.1,0.0,35.51,Mobile app,Central,No,22,35,Essential,Yes,6.3,2,No
CUST-00019,2024-10-21 08:00:00,Phone Stand,Electronics,3,18.67,0.0,56.02,Web,West,No,25,26,Essential,No,9.1,3,No
CUST-00201,2024-10-21 21:00:00,Everyday Coffee,Beverages,4,8.71,0.0,34.84,Web,South,No,65,18,Plus,Yes,6.6,0,No
CUST-00046,2024-10-22 14:00:00,Gift Candle,Home,2,17.68,0.0,35.35,Mobile app,West,No,32,29,Plus,Yes,6.3,1,No
CUST-00074,2024-10-22 20:00:00,Phone Stand,Electronics,5,16.94,0.0,84.69,Mobile app,South,No,55,37,Plus,Yes,9.4,2,No
CUST-00316,2024-10-22 20:00:00,Wireless Charger,Electronics,6,30.68,0.0,184.07,Web,East,No,28,10,Essential,Yes,6.7,2,No
CUST-00267,2024-10-23 10:00:00,Cotton Tote,Accessories,6,15.15,0.0,90.9,Store,West,No,40,33,Plus,Yes,7.9,1,No
CUST-00145,2024-10-23 13:00:00,Granola Pack,Grocery,5,7.3,0.0,36.5,Store,West,No,48,27,Plus,Yes,3.9,4,Yes
CUST-00039,2024-10-23 19:00:00,Phone Stand,Electronics,2,18.61,0.0,37.22,Web,West,No,46,43,Plus,Yes,5.9,0,No
CUST-00015,2024-10-23 20:00:00,Everyday Coffee,Beverages,3,8.75,0.0,26.24,Store,South,No,59,4,Plus,Yes,6.6,1,No
CUST-00067,2024-10-24 13:00:00,Gift Candle,Home,2,17.85,0.0,35.7,Web,North,No,56,38,Premium,No,5.4,5,Yes
CUST-00187,2024-10-25 10:00:00,Travel Mug,Accessories,2,22.18,0.0,44.36,Mobile app,West,No,46,42,Premium,No,8.3,0,No
CUST-00003,2024-10-25 14:00:00,Desk Notebook,Stationery,3,9.22,0.0,27.66,Web,North,No,35,44,Premium,Yes,8.1,0,No
CUST-00290,2024-10-25 18:00:00,Natural Soap Set,Personal Care,5,12.27,0.05,58.26,Web,West,Yes,46,19,Plus,Yes,5.1,1,Yes
CUST-00075,2024-10-25 21:00:00,Wireless Charger,Electronics,1,29.87,0.0,29.87,Web,West,No,39,17,Plus,Yes,6.5,2,No
CUST-00165,2024-10-26 10:00:00,Gift Candle,Home,2,18.59,0.0,37.18,Web,West,No,22,5,Plus,No,8.4,0,Yes
CUST-00004,2024-10-26 13:00:00,Wireless Charger,Electronics,5,29.13,0.0,145.66,Store,North,No,32,43,Essential,Yes,7.9,0,No
CUST-00152,2024-10-26 18:00:00,Natural Soap Set,Personal Care,4,12.95,0.0,51.81,Store,West,Yes,48,20,Plus,No,7.2,0,Yes
CUST-00256,2024-10-27 16:00:00,Natural Soap Set,Personal Care,3,11.7,0.0,35.1,Mobile app,East,No,47,25,Plus,Yes,7.2,4,No
CUST-00261,2024-10-27 19:00:00,Cotton Tote,Accessories,6,15.44,0.0,92.62,Web,East,No,43,2,Plus,Yes,4.5,0,Yes
CUST-00183,2024-10-28 08:00:00,Desk Notebook,Stationery,5,8.75,0.0,43.76,Mobile app,North,No,44,2,Plus,Yes,5.8,2,Yes
CUST-00248,2024-10-28 13:00:00,Natural Soap Set,Personal Care,3,12.01,0.0,36.03,Web,Central,Yes,21,33,Essential,Yes,5.8,2,No
CUST-00171,2024-10-28 19:00:00,Granola Pack,Grocery,4,6.48,0.0,25.92,Web,West,No,22,25,Essential,Yes,8.2,0,No
CUST-00252,2024-10-29 10:00:00,Everyday Coffee,Beverages,7,9.1,0.0,63.7,Mobile app,Central,No,27,5,Premium,Yes,9.5,2,No
CUST-00111,2024-10-30 12:00:00,Desk Notebook,Stationery,1,9.21,0.0,9.21,Web,Central,No,39,37,Essential,Yes,8.4,2,No
CUST-00267,2024-10-30 18:00:00,Travel Mug,Accessories,3,22.32,0.0,66.97,Store,West,No,40,33,Plus,Yes,7.9,1,No
CUST-00192,2024-11-01 11:00:00,Wireless Charger,Electronics,2,29.26,0.05,55.58,Web,East,Yes,41,6,Essential,Yes,8.9,0,No
CUST-00257,2024-11-01 15:00:00,Phone Stand,Electronics,6,17.36,0.0,104.16,Web,South,Yes,38,43,Essential,Yes,6.5,0,No
CUST-00024,2024-11-01 18:00:00,Phone Stand,Electronics,5,15.93,0.0,79.65,Store,Central,No,59,17,Plus,Yes,5.3,2,Yes
CUST-00190,2024-11-01 18:00:00,Natural Soap Set,Personal Care,3,12.94,0.0,38.82,Store,Central,No,59,15,Plus,Yes,6.6,4,Yes
CUST-00196,2024-11-02 09:00:00,Everyday Coffee,Beverages,2,7.39,0.0,14.79,Web,West,No,52,2,Essential,Yes,8.1,3,Yes
CUST-00284,2024-11-02 11:00:00,Everyday Coffee,Beverages,3,7.76,0.0,23.27,Mobile app,Central,No,21,11,Premium,Yes,6.5,1,No
CUST-00133,2024-11-02 15:00:00,Desk Notebook,Stationery,4,9.3,0.0,37.18,Mobile app,South,No,43,33,Essential,Yes,8.3,2,No
CUST-00068,2024-11-03 08:00:00,Gift Candle,Home,1,18.37,0.0,18.37,Web,West,No,36,14,Plus,Yes,6.8,3,No
CUST-00061,2024-11-04 10:00:00,Granola Pack,Grocery,6,6.52,0.0,39.14,Store,Central,No,24,6,Premium,No,7.4,2,No
CUST-00180,2024-11-04 11:00:00,Gift Candle,Home,6,17.7,0.0,106.2,Store,West,Yes,43,33,Plus,No,7.3,0,No
CUST-00227,2024-11-04 11:00:00,Gift Candle,Home,4,17.96,0.0,71.83,Mobile app,West,No,23,40,Plus,Yes,9.3,1,No
CUST-00178,2024-11-05 09:00:00,Natural Soap Set,Personal Care,5,13.0,0.0,64.98,Store,South,No,65,26,Essential,Yes,9.5,1,No
CUST-00185,2024-11-05 11:00:00,Wireless Charger,Electronics,2,27.42,0.1,49.36,Web,East,Yes,50,42,Essential,No,6.4,1,No
CUST-00089,2024-11-05 12:00:00,Natural Soap Set,Personal Care,2,13.08,0.0,26.15,Web,North,No,62,23,Premium,No,4.4,2,Yes
CUST-00197,2024-11-05 13:00:00,Phone Stand,Electronics,3,18.0,0.0,54.01,Mobile app,East,Yes,37,30,Essential,Yes,5.0,1,No
CUST-00007,2024-11-05 14:00:00,Herbal Tea,Beverages,2,7.75,0.0,15.5,Store,North,No,44,16,Essential,Yes,8.2,2,No
CUST-00222,2024-11-05 20:00:00,Phone Stand,Electronics,5,17.34,0.0,86.7,Web,Central,No,24,11,Premium,No,8.0,1,Yes
CUST-00243,2024-11-05 20:00:00,Granola Pack,Grocery,5,6.33,0.1,28.48,Mobile app,Central,Yes,61,14,Essential,No,6.5,0,Yes
CUST-00207,2024-11-06 09:00:00,Desk Notebook,Stationery,6,9.14,0.0,54.84,Mobile app,Central,No,45,36,Plus,Yes,8.6,2,No
CUST-00004,2024-11-06 21:00:00,Cotton Tote,Accessories,1,14.29,0.0,14.29,Store,North,No,32,43,Essential,Yes,7.9,0,No
CUST-00102,2024-11-07 21:00:00,Herbal Tea,Beverages,3,7.68,0.0,23.03,Store,West,No,29,6,Essential,Yes,8.2,1,No
CUST-00006,2024-11-08 09:00:00,Natural Soap Set,Personal Care,5,11.79,0.0,58.93,Mobile app,Central,No,57,40,Plus,Yes,6.1,0,No
CUST-00032,2024-11-08 09:00:00,Phone Stand,Electronics,7,17.14,0.0,120.0,Mobile app,Central,Yes,46,35,Plus,Yes,7.0,0,No
CUST-00104,2024-11-08 13:00:00,Travel Mug,Accessories,5,23.28,0.1,104.77,Mobile app,North,Yes,58,35,Essential,No,6.3,3,No
CUST-00126,2024-11-08 13:00:00,Travel Mug,Accessories,3,20.6,0.0,61.8,Mobile app,Central,No,68,11,Plus,Yes,9.6,4,Yes
CUST-00229,2024-11-09 08:00:00,Wireless Charger,Electronics,4,30.16,0.0,120.65,Web,East,No,68,35,Essential,Yes,7.4,0,No
CUST-00268,2024-11-09 08:00:00,Gift Candle,Home,5,17.0,0.0,85.02,Web,Central,No,65,42,Plus,Yes,8.7,0,No
CUST-00049,2024-11-09 12:00:00,Desk Notebook,Stationery,2,9.62,0.0,19.25,Mobile app,North,No,40,47,Plus,Yes,7.0,1,No
CUST-00280,2024-11-09 12:00:00,Gift Candle,Home,2,17.14,0.0,34.27,Web,North,No,32,14,Plus,Yes,6.3,2,No
CUST-00021,2024-11-09 14:00:00,Phone Stand,Electronics,5,17.46,0.0,87.3,Mobile app,North,No,51,18,Essential,Yes,7.8,0,No
CUST-00272,2024-11-09 18:00:00,Gift Candle,Home,3,17.41,0.0,52.24,Store,North,No,39,12,Plus,Yes,7.7,2,No
CUST-00268,2024-11-09 19:00:00,Everyday Coffee,Beverages,3,8.57,0.0,25.7,Web,Central,No,65,42,Plus,Yes,8.7,0,No
CUST-00113,2024-11-10 14:00:00,Herbal Tea,Beverages,4,7.3,0.0,29.19,Mobile app,East,No,41,39,Essential,Yes,7.6,0,No
CUST-00241,2024-11-10 17:00:00,Granola Pack,Grocery,8,7.33,0.0,58.63,Web,South,No,24,2,Plus,Yes,6.6,0,No
CUST-00084,2024-11-10 19:00:00,Cotton Tote,Accessories,1,14.37,0.0,14.37,Web,West,No,68,5,Essential,Yes,6.2,0,No
CUST-00170,2024-11-11 09:00:00,Phone Stand,Electronics,3,18.68,0.0,56.03,Web,West,No,48,35,Essential,Yes,8.1,1,No
CUST-00019,2024-11-11 13:00:00,Gift Candle,Home,3,18.64,0.0,55.91,Web,West,No,25,26,Essential,No,9.1,3,No
CUST-00252,2024-11-12 16:00:00,Wireless Charger,Electronics,3,29.01,0.0,87.02,Mobile app,Central,No,27,5,Premium,Yes,9.5,2,No
CUST-00126,2024-11-12 21:00:00,Travel Mug,Accessories,2,21.44,0.0,42.89,Mobile app,Central,No,68,11,Plus,Yes,9.6,4,Yes
CUST-00033,2024-11-13 13:00:00,Cotton Tote,Accessories,7,13.6,0.0,95.22,Web,West,No,56,12,Essential,Yes,4.5,2,Yes
CUST-00008,2024-11-14 08:00:00,Cotton Tote,Accessories,5,13.97,0.0,69.85,Store,North,No,50,23,Premium,No,6.9,1,No
CUST-00309,2024-11-14 18:00:00,Gift Candle,Home,1,18.0,0.0,18.0,Mobile app,East,No,64,34,Plus,Yes,8.1,1,No
CUST-00070,2024-11-16 11:00:00,Phone Stand,Electronics,4,17.81,0.1,64.11,Mobile app,North,Yes,61,45,Essential,No,9.7,0,No
CUST-00088,2024-11-16 11:00:00,Natural Soap Set,Personal Care,4,13.28,0.0,53.11,Web,Central,No,57,4,Essential,Yes,7.0,0,No
CUST-00158,2024-11-16 12:00:00,Desk Notebook,Stationery,3,8.5,0.0,25.49,Web,South,No,58,4,Premium,Yes,7.6,2,No
CUST-00132,2024-11-16 17:00:00,Desk Notebook,Stationery,6,8.92,0.0,53.51,Web,North,No,35,25,Plus,Yes,7.8,2,No
CUST-00031,2024-11-17 08:00:00,Wireless Charger,Electronics,3,30.32,0.0,90.95,Mobile app,Central,No,60,19,Plus,Yes,8.2,2,No
CUST-00007,2024-11-17 14:00:00,Natural Soap Set,Personal Care,10,12.59,0.0,125.95,Store,North,No,44,16,Essential,Yes,8.2,2,No
CUST-00294,2024-11-18 14:00:00,Herbal Tea,Beverages,3,7.39,0.0,22.18,Web,East,No,58,2,Plus,No,6.8,1,Yes
CUST-00118,2024-11-19 11:00:00,Cotton Tote,Accessories,3,14.35,0.0,43.05,Web,North,No,38,30,Plus,Yes,9.2,1,No
CUST-00223,2024-11-19 15:00:00,Travel Mug,Accessories,1,19.64,0.0,19.64,Store,North,No,35,9,Premium,Yes,5.2,0,Yes
CUST-00122,2024-11-20 11:00:00,Cotton Tote,Accessories,4,15.33,0.0,61.33,Web,East,No,53,34,Premium,Yes,8.4,1,No
CUST-00146,2024-11-20 16:00:00,Herbal Tea,Beverages,2,6.85,0.0,13.71,Store,West,No,47,20,Essential,Yes,9.6,2,No
CUST-00203,2024-11-21 16:00:00,Herbal Tea,Beverages,4,7.28,0.0,29.13,Web,South,Yes,31,5,Plus,Yes,9.3,2,No
CUST-00019,2024-11-21 21:00:00,Gift Candle,Home,1,18.83,0.0,18.83,Web,West,No,25,26,Essential,No,9.1,3,No
CUST-00146,2024-11-22 12:00:00,Desk Notebook,Stationery,4,8.73,0.0,34.94,Store,West,No,47,20,Essential,Yes,9.6,2,No
CUST-00023,2024-11-22 13:00:00,Herbal Tea,Beverages,2,7.02,0.0,14.04,Mobile app,East,No,45,36,Essential,No,6.6,2,No
CUST-00132,2024-11-23 14:00:00,Phone Stand,Electronics,3,18.87,0.0,56.61,Web,North,Yes,35,25,Plus,Yes,7.8,2,No
CUST-00183,2024-11-23 16:00:00,Desk Notebook,Stationery,5,8.99,0.05,42.69,Mobile app,North,Yes,44,2,Plus,Yes,5.8,2,Yes
CUST-00186,2024-11-24 08:00:00,Natural Soap Set,Personal Care,5,12.68,0.0,63.4,Mobile app,North,No,63,22,Plus,Yes,7.6,2,No
CUST-00280,2024-11-24 09:00:00,Gift Candle,Home,2,18.36,0.0,36.72,Web,North,No,32,14,Plus,Yes,6.3,2,No
CUST-00088,2024-11-24 10:00:00,Phone Stand,Electronics,2,16.51,0.0,33.02,Web,Central,No,57,4,Essential,Yes,7.0,0,No
CUST-00025,2024-11-26 20:00:00,Natural Soap Set,Personal Care,1,11.7,0.0,11.7,Mobile app,Central,No,53,2,Plus,Yes,5.0,3,Yes
CUST-00198,2024-11-28 12:00:00,Gift Candle,Home,4,17.63,0.0,70.53,Web,South,No,44,28,Premium,Yes,5.2,1,No
CUST-00024,2024-11-28 14:00:00,Wireless Charger,Electronics,4,28.93,0.0,115.74,Store,Central,Yes,59,17,Plus,Yes,5.3,2,Yes
CUST-00118,2024-11-28 14:00:00,Travel Mug,Accessories,2,21.74,0.0,43.48,Web,North,Yes,38,30,Plus,Yes,9.2,1,No
CUST-00004,2024-11-28 17:00:00,Phone Stand,Electronics,6,17.53,0.0,105.21,Store,North,No,32,43,Essential,Yes,7.9,0,No
CUST-00190,2024-11-28 20:00:00,Herbal Tea,Beverages,3,7.16,0.0,21.47,Store,Central,No,59,15,Plus,Yes,6.6,4,Yes
CUST-00241,2024-11-29 08:00:00,Herbal Tea,Beverages,3,7.21,0.0,21.63,Web,South,No,24,2,Plus,Yes,6.6,0,No
CUST-00179,2024-11-29 10:00:00,Granola Pack,Grocery,3,6.46,0.0,19.39,Web,Central,No,68,25,Essential,Yes,5.4,4,Yes
CUST-00001,2024-11-29 17:00:00,Granola Pack,Grocery,2,6.61,0.0,13.22,Web,West,No,53,7,Plus,No,7.5,5,Yes
CUST-00314,2024-12-01 11:00:00,Desk Notebook,Stationery,1,8.71,0.0,8.71,Web,West,Yes,42,22,Essential,Yes,7.5,5,No
CUST-00076,2024-12-01 14:00:00,Desk Notebook,Stationery,1,8.62,0.0,8.62,Mobile app,East,No,31,32,Essential,Yes,9.3,3,No
CUST-00260,2024-12-01 17:00:00,Natural Soap Set,Personal Care,1,12.49,0.0,12.49,Web,North,No,33,43,Plus,No,7.3,1,No
CUST-00004,2024-12-02 14:00:00,Wireless Charger,Electronics,2,28.48,0.05,54.11,Store,North,Yes,32,43,Essential,Yes,7.9,0,No
CUST-00099,2024-12-02 14:00:00,Phone Stand,Electronics,5,15.38,0.0,76.89,Store,Central,No,62,40,Premium,Yes,8.4,4,No
CUST-00235,2024-12-02 18:00:00,Travel Mug,Accessories,1,21.58,0.0,21.58,Store,North,No,33,9,Premium,No,7.8,3,Yes
CUST-00178,2024-12-02 19:00:00,Phone Stand,Electronics,3,17.12,0.0,51.37,Store,South,No,65,26,Essential,Yes,9.5,1,No
CUST-00201,2024-12-02 19:00:00,Wireless Charger,Electronics,1,29.36,0.0,29.36,Web,South,No,65,18,Plus,Yes,6.6,0,No
CUST-00222,2024-12-03 10:00:00,Gift Candle,Home,4,17.66,0.0,70.65,Web,Central,No,24,11,Premium,No,8.0,1,Yes
CUST-00172,2024-12-04 18:00:00,Travel Mug,Accessories,5,21.84,0.0,109.22,Store,East,No,22,30,Essential,Yes,7.5,0,No
CUST-00051,2024-12-05 11:00:00,Herbal Tea,Beverages,7,6.78,0.0,47.45,Store,South,No,59,40,Plus,Yes,8.2,0,No
CUST-00011,2024-12-05 18:00:00,Everyday Coffee,Beverages,3,8.44,0.0,25.32,Mobile app,East,No,65,47,Premium,No,4.8,1,No
CUST-00273,2024-12-07 10:00:00,Travel Mug,Accessories,3,23.12,0.0,69.37,Web,East,No,51,19,Essential,Yes,4.7,2,Yes
CUST-00020,2024-12-07 11:00:00,Wireless Charger,Electronics,2,29.15,0.0,58.3,Store,West,No,26,12,Premium,Yes,8.6,2,No
CUST-00267,2024-12-07 17:00:00,Cotton Tote,Accessories,4,13.89,0.0,55.57,Store,West,No,40,33,Plus,Yes,7.9,1,No
CUST-00037,2024-12-07 18:00:00,Travel Mug,Accessories,8,22.68,0.0,181.48,Mobile app,North,No,34,30,Plus,Yes,7.0,0,No
CUST-00146,2024-12-07 19:00:00,Herbal Tea,Beverages,2,7.66,0.0,15.32,Store,West,No,47,20,Essential,Yes,9.6,2,No
CUST-00146,2024-12-08 09:00:00,Phone Stand,Electronics,3,16.86,0.0,50.57,Store,West,Yes,47,20,Essential,Yes,9.6,2,No
CUST-00223,2024-12-08 09:00:00,Cotton Tote,Accessories,3,14.1,0.0,42.31,Store,North,No,35,9,Premium,Yes,5.2,0,Yes
CUST-00317,2024-12-08 09:00:00,Phone Stand,Electronics,7,17.27,0.0,120.88,Web,East,No,52,28,Plus,Yes,7.0,1,No
CUST-00185,2024-12-08 14:00:00,Wireless Charger,Electronics,2,29.51,0.0,59.03,Web,East,No,50,42,Essential,No,6.4,1,No
CUST-00299,2024-12-08 21:00:00,Granola Pack,Grocery,2,6.45,0.0,12.89,Store,South,No,23,26,Essential,Yes,5.8,2,Yes
CUST-00227,2024-12-09 16:00:00,Everyday Coffee,Beverages,3,8.68,0.0,26.03,Mobile app,West,No,23,40,Plus,Yes,9.3,1,No
CUST-00145,2024-12-09 20:00:00,Everyday Coffee,Beverages,5,9.26,0.0,46.32,Store,West,No,48,27,Plus,Yes,3.9,4,Yes
CUST-00313,2024-12-09 21:00:00,Natural Soap Set,Personal Care,4,13.12,0.0,52.47,Mobile app,Central,No,53,10,Essential,No,8.1,2,Yes
CUST-00301,2024-12-10 10:00:00,Travel Mug,Accessories,3,22.5,0.0,67.51,Web,South,No,45,16,Essential,Yes,5.8,1,Yes
CUST-00046,2024-12-10 13:00:00,Natural Soap Set,Personal Care,3,12.18,0.0,36.53,Mobile app,West,No,32,29,Plus,Yes,6.3,1,No
CUST-00080,2024-12-10 14:00:00,Everyday Coffee,Beverages,4,8.76,0.0,35.04,Store,East,No,53,37,Essential,Yes,8.1,1,No
CUST-00193,2024-12-10 17:00:00,Granola Pack,Grocery,2,6.64,0.0,13.28,Web,East,No,33,12,Essential,Yes,9.6,0,No
CUST-00319,2024-12-10 17:00:00,Desk Notebook,Stationery,2,9.0,0.0,17.99,Web,Central,No,40,29,Essential,No,9.7,3,Yes
CUST-00108,2024-12-10 18:00:00,Wireless Charger,Electronics,1,30.17,0.0,30.17,Web,East,Yes,22,29,Essential,No,8.0,1,No
CUST-00076,2024-12-10 21:00:00,Natural Soap Set,Personal Care,4,12.81,0.0,51.23,Mobile app,East,No,31,32,Essential,Yes,9.3,3,No
CUST-00236,2024-12-10 21:00:00,Cotton Tote,Accessories,7,14.57,0.0,102.01,Store,West,No,61,47,Essential,Yes,9.9,1,No
CUST-00056,2024-12-11 08:00:00,Wireless Charger,Electronics,2,29.76,0.0,59.52,Mobile app,North,No,57,10,Essential,Yes,5.8,2,Yes
CUST-00217,2024-12-11 11:00:00,Gift Candle,Home,8,18.57,0.0,148.56,Mobile app,Central,No,47,44,Plus,Yes,7.5,0,No
CUST-00150,2024-12-12 11:00:00,Herbal Tea,Beverages,7,6.96,0.0,48.69,Store,West,No,61,25,Plus,Yes,5.3,1,Yes
CUST-00129,2024-12-12 17:00:00,Phone Stand,Electronics,5,17.76,0.05,84.37,Mobile app,Central,Yes,54,31,Plus,No,7.7,4,Yes
CUST-00115,2024-12-12 18:00:00,Herbal Tea,Beverages,3,7.06,0.0,21.18,Web,West,No,66,6,Plus,Yes,7.2,2,No
CUST-00083,2024-12-12 19:00:00,Herbal Tea,Beverages,2,7.27,0.0,14.54,Web,East,Yes,56,16,Plus,Yes,7.5,0,No
CUST-00151,2024-12-13 11:00:00,Granola Pack,Grocery,3,7.09,0.0,21.28,Store,North,No,38,7,Plus,Yes,6.8,2,No
CUST-00043,2024-12-13 21:00:00,Gift Candle,Home,5,18.06,0.0,90.32,Store,Central,No,55,41,Plus,No,7.9,0,No
CUST-00251,2024-12-13 21:00:00,Phone Stand,Electronics,3,18.04,0.0,54.13,Web,West,No,22,29,Plus,Yes,9.4,0,No
CUST-00008,2024-12-14 09:00:00,Travel Mug,Accessories,7,20.99,0.0,146.96,Store,North,No,50,23,Premium,No,6.9,1,No
CUST-00110,2024-12-14 10:00:00,Desk Notebook,Stationery,6,8.29,0.0,49.72,Mobile app,West,No,31,38,Essential,Yes,8.6,1,No
CUST-00313,2024-12-14 10:00:00,Desk Notebook,Stationery,3,9.58,0.0,28.74,Mobile app,Central,No,53,10,Essential,No,8.1,2,Yes
CUST-00066,2024-12-14 14:00:00,Herbal Tea,Beverages,3,7.27,0.0,21.82,Mobile app,North,No,36,31,Essential,Yes,6.4,0,No
CUST-00248,2024-12-14 14:00:00,Wireless Charger,Electronics,4,28.24,0.0,112.97,Web,Central,No,21,33,Essential,Yes,5.8,2,No
CUST-00016,2024-12-14 18:00:00,Cotton Tote,Accessories,4,14.51,0.0,58.04,Mobile app,South,No,52,18,Essential,Yes,8.8,0,No
CUST-00224,2024-12-14 20:00:00,Everyday Coffee,Beverages,6,7.88,0.0,47.28,Web,Central,No,22,33,Plus,Yes,5.7,1,No
CUST-00251,2024-12-14 20:00:00,Gift Candle,Home,4,17.58,0.1,63.27,Web,West,Yes,22,29,Plus,Yes,9.4,0,No
CUST-00318,2024-12-15 11:00:00,Everyday Coffee,Beverages,7,8.93,0.0,62.48,Web,East,No,57,44,Premium,Yes,2.6,4,No
CUST-00283,2024-12-16 10:00:00,Wireless Charger,Electronics,6,29.8,0.0,178.79,Store,North,No,56,30,Essential,Yes,5.6,3,No
CUST-00031,2024-12-16 11:00:00,Gift Candle,Home,3,18.69,0.0,56.06,Mobile app,Central,No,60,19,Plus,Yes,8.2,2,No
CUST-00228,2024-12-16 13:00:00,Gift Candle,Home,3,16.7,0.0,50.11,Store,South,Yes,58,12,Premium,Yes,9.0,3,No
CUST-00133,2024-12-16 17:00:00,Gift Candle,Home,2,17.9,0.0,35.81,Mobile app,South,Yes,43,33,Essential,Yes,8.3,2,No
CUST-00159,2024-12-16 18:00:00,Everyday Coffee,Beverages,1,7.32,0.0,7.32,Mobile app,South,No,35,4,Premium,Yes,6.7,0,No
CUST-00109,2024-12-17 11:00:00,Desk Notebook,Stationery,1,8.78,0.0,8.78,Web,South,No,49,12,Plus,No,5.8,0,Yes
CUST-00279,2024-12-17 11:00:00,Natural Soap Set,Personal Care,1,12.32,0.0,12.32,Store,North,No,32,16,Essential,Yes,7.7,1,No
CUST-00221,2024-12-17 12:00:00,Phone Stand,Electronics,2,17.82,0.0,35.65,Web,East,No,33,24,Essential,No,5.1,0,Yes
CUST-00257,2024-12-17 14:00:00,Everyday Coffee,Beverages,1,7.68,0.0,7.68,Web,South,No,38,43,Essential,Yes,6.5,0,No
CUST-00218,2024-12-17 16:00:00,Herbal Tea,Beverages,4,7.34,0.0,29.37,Mobile app,South,Yes,27,8,Plus,Yes,6.2,1,No
CUST-00215,2024-12-17 17:00:00,Travel Mug,Accessories,3,21.96,0.0,65.87,Web,East,No,62,45,Essential,Yes,7.7,0,No
CUST-00118,2024-12-17 21:00:00,Granola Pack,Grocery,4,7.7,0.0,30.8,Web,North,No,38,30,Plus,Yes,9.2,1,No
CUST-00231,2024-12-18 20:00:00,Gift Candle,Home,4,16.86,0.0,67.45,Mobile app,Central,No,22,35,Essential,Yes,6.3,2,No
CUST-00052,2024-12-19 08:00:00,Granola Pack,Grocery,3,6.76,0.0,20.27,Store,South,Yes,54,32,Plus,No,6.7,2,No
CUST-00007,2024-12-19 10:00:00,Desk Notebook,Stationery,2,8.27,0.0,16.53,Store,North,No,44,16,Essential,Yes,8.2,2,No
CUST-00235,2024-12-19 12:00:00,Phone Stand,Electronics,2,18.76,0.0,37.52,Store,North,No,33,9,Premium,No,7.8,3,Yes
CUST-00159,2024-12-19 16:00:00,Everyday Coffee,Beverages,3,9.11,0.0,27.33,Mobile app,South,No,35,4,Premium,Yes,6.7,0,No
CUST-00248,2024-12-19 19:00:00,Gift Candle,Home,2,17.46,0.0,34.93,Web,Central,No,21,33,Essential,Yes,5.8,2,No
CUST-00066,2024-12-20 08:00:00,Granola Pack,Grocery,5,6.97,0.0,34.84,Mobile app,North,No,36,31,Essential,Yes,6.4,0,No
CUST-00071,2024-12-20 08:00:00,Natural Soap Set,Personal Care,5,13.66,0.0,68.3,Store,Central,No,47,23,Essential,Yes,10.0,3,No
CUST-00048,2024-12-20 14:00:00,Desk Notebook,Stationery,6,8.38,0.0,50.26,Mobile app,South,No,48,27,Premium,No,7.4,0,No
CUST-00273,2024-12-20 16:00:00,Natural Soap Set,Personal Care,2,12.2,0.05,23.18,Web,East,Yes,51,19,Essential,Yes,4.7,2,Yes
CUST-00046,2024-12-20 19:00:00,Phone Stand,Electronics,1,18.44,0.0,18.44,Mobile app,West,No,32,29,Plus,Yes,6.3,1,No
CUST-00312,2024-12-21 12:00:00,Wireless Charger,Electronics,2,28.87,0.05,54.86,Web,South,Yes,53,34,Essential,Yes,10.0,1,No
CUST-00194,2024-12-21 18:00:00,Desk Notebook,Stationery,2,9.03,0.0,18.06,Store,West,No,58,29,Essential,Yes,6.9,3,No
CUST-00001,2024-12-23 12:00:00,Herbal Tea,Beverages,3,7.36,0.0,22.07,Web,West,No,53,7,Plus,No,7.5,5,Yes
CUST-00043,2024-12-23 21:00:00,Phone Stand,Electronics,10,17.05,0.15,144.97,Store,Central,Yes,55,41,Plus,No,7.9,0,No
CUST-00057,2024-12-24 16:00:00,Natural Soap Set,Personal Care,1,12.67,0.0,12.67,Web,East,No,48,38,Premium,Yes,7.6,2,No
CUST-00192,2024-12-25 09:00:00,Gift Candle,Home,5,16.37,0.0,81.83,Web,East,No,41,6,Essential,Yes,8.9,0,No
CUST-00228,2024-12-25 09:00:00,Gift Candle,Home,1,19.06,0.0,19.06,Store,South,No,58,12,Premium,Yes,9.0,3,No
CUST-00129,2024-12-26 12:00:00,Everyday Coffee,Beverages,4,8.33,0.0,33.3,Mobile app,Central,No,54,31,Plus,No,7.7,4,Yes
CUST-00054,2024-12-26 13:00:00,Herbal Tea,Beverages,3,7.63,0.0,22.89,Web,South,No,26,12,Premium,No,6.9,4,Yes
CUST-00075,2024-12-26 18:00:00,Everyday Coffee,Beverages,3,8.5,0.0,25.51,Web,West,No,39,17,Plus,Yes,6.5,2,No
CUST-00157,2024-12-27 18:00:00,Desk Notebook,Stationery,1,9.06,0.0,9.06,Mobile app,West,No,64,21,Plus,No,8.1,0,Yes
CUST-00300,2024-12-27 18:00:00,Wireless Charger,Electronics,4,30.94,0.0,123.74,Store,West,No,34,6,Premium,No,8.5,0,Yes
CUST-00275,2024-12-28 11:00:00,Granola Pack,Grocery,2,6.52,0.15,11.09,Web,West,Yes,58,39,Premium,Yes,8.3,3,No
CUST-00165,2024-12-28 19:00:00,Granola Pack,Grocery,4,6.63,0.0,26.52,Web,West,Yes,22,5,Plus,No,8.4,0,Yes
CUST-00007,2024-12-29 11:00:00,Travel Mug,Accessories,3,22.39,0.0,67.16,Store,North,No,44,16,Essential,Yes,8.2,2,No
CUST-00123,2024-12-29 12:00:00,Natural Soap Set,Personal Care,6,12.73,0.0,76.4,Mobile app,Central,No,31,44,Premium,Yes,5.9,1,No
CUST-00279,2024-12-29 17:00:00,Herbal Tea,Beverages,6,7.45,0.0,44.69,Store,North,No,32,16,Essential,Yes,7.7,1,No
CUST-00030,2024-12-30 12:00:00,Phone Stand,Electronics,3,18.46,0.0,55.37,Web,West,Yes,29,28,Essential,Yes,3.9,1,No
CUST-00111,2024-12-30 17:00:00,Travel Mug,Accessories,3,21.02,0.0,63.06,Web,Central,No,39,37,Essential,Yes,8.4,2,No
CUST-00223,2024-12-30 17:00:00,Everyday Coffee,Beverages,6,8.88,0.0,53.31,Store,North,Yes,35,9,Premium,Yes,5.2,0,Yes
CUST-00239,2024-12-30 17:00:00,Natural Soap Set,Personal Care,1,11.95,0.0,11.95,Web,North,Yes,68,29,Essential,Yes,7.1,2,No
CUST-00144,2024-12-30 20:00:00,Granola Pack,Grocery,4,6.62,0.0,26.49,Mobile app,West,No,51,29,Plus,Yes,10.0,2,No
CUST-00201,2024-12-30 21:00:00,Everyday Coffee,Beverages,4,8.54,0.0,34.16,Web,South,Yes,65,18,Plus,Yes,6.6,0,No
CUST-00110,2025-01-01 09:00:00,Gift Candle,Home,3,17.61,0.0,52.84,Mobile app,West,No,31,38,Essential,Yes,8.6,1,No
CUST-00241,2025-01-01 15:00:00,Granola Pack,Grocery,4,6.71,0.0,26.85,Web,South,No,24,2,Plus,Yes,6.6,0,No
CUST-00279,2025-01-02 09:00:00,Cotton Tote,Accessories,1,13.39,0.0,13.39,Store,North,No,32,16,Essential,Yes,7.7,1,No
CUST-00165,2025-01-02 13:00:00,Cotton Tote,Accessories,3,14.09,0.0,42.27,Web,West,Yes,22,5,Plus,No,8.4,0,Yes
CUST-00186,2025-01-02 19:00:00,Cotton Tote,Accessories,4,14.62,0.0,58.48,Mobile app,North,No,63,22,Plus,Yes,7.6,2,No
CUST-00305,2025-01-02 21:00:00,Wireless Charger,Electronics,6,30.7,0.0,184.19,Store,Central,No,57,32,Essential,No,8.9,1,No
CUST-00305,2025-01-03 11:00:00,Cotton Tote,Accessories,4,13.78,0.0,55.13,Store,Central,No,57,32,Essential,No,8.9,1,No
CUST-00298,2025-01-03 12:00:00,Everyday Coffee,Beverages,1,8.22,0.0,8.22,Mobile app,North,No,30,5,Essential,Yes,8.1,1,Yes
CUST-00011,2025-01-03 18:00:00,Travel Mug,Accessories,1,22.04,0.0,22.04,Mobile app,East,No,65,47,Premium,No,4.8,1,No
CUST-00244,2025-01-04 11:00:00,Granola Pack,Grocery,9,7.09,0.0,63.82,Web,Central,No,51,44,Essential,No,5.7,2,Yes
CUST-00015,2025-01-04 19:00:00,Travel Mug,Accessories,2,23.03,0.0,46.06,Store,South,No,59,4,Plus,Yes,6.6,1,No
CUST-00078,2025-01-04 19:00:00,Cotton Tote,Accessories,5,14.47,0.0,72.34,Store,West,Yes,35,9,Essential,No,7.0,1,Yes
CUST-00025,2025-01-05 08:00:00,Gift Candle,Home,5,18.51,0.0,92.56,Mobile app,Central,No,53,2,Plus,Yes,5.0,3,Yes
CUST-00014,2025-01-05 09:00:00,Everyday Coffee,Beverages,4,8.86,0.0,35.45,Mobile app,East,No,49,37,Plus,No,5.6,0,Yes
CUST-00238,2025-01-05 09:00:00,Travel Mug,Accessories,6,21.51,0.0,129.03,Mobile app,West,No,37,12,Plus,No,6.7,4,Yes
CUST-00233,2025-01-05 15:00:00,Natural Soap Set,Personal Care,6,12.12,0.0,72.73,Mobile app,South,No,52,32,Essential,No,6.4,2,No
CUST-00008,2025-01-06 08:00:00,Phone Stand,Electronics,3,17.4,0.0,52.2,Store,North,No,50,23,Premium,No,6.9,1,No
CUST-00129,2025-01-06 12:00:00,Phone Stand,Electronics,3,19.02,0.0,57.05,Mobile app,Central,No,54,31,Plus,No,7.7,4,Yes
CUST-00161,2025-01-06 12:00:00,Cotton Tote,Accessories,7,14.09,0.0,98.64,Web,North,No,22,41,Essential,Yes,4.8,0,No
CUST-00063,2025-01-06 18:00:00,Travel Mug,Accessories,3,22.47,0.0,67.4,Web,East,No,25,38,Essential,Yes,7.5,0,No
CUST-00124,2025-01-06 18:00:00,Desk Notebook,Stationery,3,9.86,0.0,29.58,Mobile app,East,No,47,40,Plus,Yes,6.5,2,No
CUST-00211,2025-01-06 20:00:00,Gift Candle,Home,2,17.94,0.0,35.88,Web,West,No,35,44,Essential,Yes,6.7,1,No
CUST-00060,2025-01-07 08:00:00,Travel Mug,Accessories,4,20.28,0.0,81.14,Web,South,No,25,39,Essential,Yes,6.5,1,No
CUST-00243,2025-01-07 12:00:00,Desk Notebook,Stationery,2,8.48,0.0,16.95,Mobile app,Central,No,61,14,Essential,No,6.5,0,Yes
CUST-00060,2025-01-07 17:00:00,Everyday Coffee,Beverages,1,8.69,0.0,8.69,Web,South,No,25,39,Essential,Yes,6.5,1,No
CUST-00310,2025-01-07 21:00:00,Wireless Charger,Electronics,1,30.7,0.0,30.7,Web,Central,No,66,47,Essential,Yes,3.1,1,No
CUST-00307,2025-01-09 08:00:00,Everyday Coffee,Beverages,4,8.37,0.1,30.13,Store,West,Yes,58,22,Plus,Yes,6.8,0,No
CUST-00300,2025-01-09 20:00:00,Wireless Charger,Electronics,3,29.96,0.0,89.87,Store,West,No,34,6,Premium,No,8.5,0,Yes
CUST-00210,2025-01-10 10:00:00,Everyday Coffee,Beverages,1,8.35,0.0,8.35,Web,North,No,52,36,Essential,Yes,8.4,1,No
CUST-00091,2025-01-11 17:00:00,Phone Stand,Electronics,2,19.55,0.15,33.23,Store,North,Yes,41,26,Essential,No,7.9,0,Yes
CUST-00256,2025-01-11 19:00:00,Phone Stand,Electronics,2,17.69,0.0,35.38,Mobile app,East,No,47,25,Plus,Yes,7.2,4,No
CUST-00256,2025-01-12 10:00:00,Wireless Charger,Electronics,4,29.57,0.0,118.27,Mobile app,East,No,47,25,Plus,Yes,7.2,4,No
CUST-00118,2025-01-13 11:00:00,Cotton Tote,Accessories,3,14.99,0.0,44.96,Web,North,No,38,30,Plus,Yes,9.2,1,No
CUST-00167,2025-01-13 13:00:00,Gift Candle,Home,7,18.33,0.0,128.32,Web,West,No,47,28,Essential,No,8.4,3,Yes
CUST-00050,2025-01-13 14:00:00,Phone Stand,Electronics,1,16.88,0.0,16.88,Mobile app,East,No,36,9,Plus,No,7.5,3,Yes
CUST-00276,2025-01-13 14:00:00,Cotton Tote,Accessories,5,15.16,0.0,75.79,Mobile app,Central,No,67,27,Plus,Yes,5.3,0,No
CUST-00037,2025-01-13 21:00:00,Herbal Tea,Beverages,6,7.65,0.0,45.89,Mobile app,North,No,34,30,Plus,Yes,7.0,0,No
CUST-00227,2025-01-14 13:00:00,Travel Mug,Accessories,1,21.38,0.0,21.38,Mobile app,West,No,23,40,Plus,Yes,9.3,1,No
CUST-00218,2025-01-14 14:00:00,Desk Notebook,Stationery,2,8.87,0.0,17.74,Mobile app,South,No,27,8,Plus,Yes,6.2,1,No
CUST-00162,2025-01-15 11:00:00,Travel Mug,Accessories,2,21.12,0.0,42.24,Web,East,No,44,23,Essential,Yes,7.2,1,No
CUST-00309,2025-01-15 19:00:00,Wireless Charger,Electronics,4,28.08,0.0,112.33,Mobile app,East,No,64,34,Plus,Yes,8.1,1,No
CUST-00191,2025-01-16 11:00:00,Phone Stand,Electronics,3,17.08,0.0,51.23,Web,South,No,44,14,Essential,Yes,5.9,1,Yes
CUST-00097,2025-01-16 12:00:00,Everyday Coffee,Beverages,3,8.8,0.05,25.07,Web,North,Yes,51,41,Essential,Yes,4.7,1,No
CUST-00165,2025-01-17 08:00:00,Gift Candle,Home,4,16.97,0.0,67.86,Web,West,No,22,5,Plus,No,8.4,0,Yes
CUST-00030,2025-01-17 19:00:00,Natural Soap Set,Personal Care,3,12.96,0.0,38.89,Web,West,No,29,28,Essential,Yes,3.9,1,No
CUST-00041,2025-01-18 10:00:00,Cotton Tote,Accessories,3,15.6,0.0,46.81,Store,West,No,68,14,Essential,Yes,6.7,2,No
CUST-00081,2025-01-18 21:00:00,Herbal Tea,Beverages,3,7.52,0.0,22.57,Web,West,No,30,25,Essential,No,4.4,0,Yes
CUST-00038,2025-01-19 09:00:00,Gift Candle,Home,8,19.21,0.0,153.71,Mobile app,East,Yes,28,17,Plus,Yes,7.5,0,No
CUST-00188,2025-01-19 21:00:00,Desk Notebook,Stationery,3,9.57,0.0,28.7,Web,Central,No,65,48,Essential,Yes,6.8,1,No
CUST-00200,2025-01-19 21:00:00,Natural Soap Set,Personal Care,2,12.19,0.0,24.39,Store,South,No,42,21,Plus,No,9.7,1,Yes
CUST-00161,2025-01-20 12:00:00,Herbal Tea,Beverages,1,7.12,0.0,7.12,Web,North,No,22,41,Essential,Yes,4.8,0,No
CUST-00271,2025-01-20 12:00:00,Desk Notebook,Stationery,3,9.13,0.0,27.38,Mobile app,West,No,61,16,Plus,Yes,8.9,2,No
CUST-00065,2025-01-20 16:00:00,Wireless Charger,Electronics,8,28.0,0.0,224.03,Web,East,No,66,17,Essential,Yes,9.0,5,No
CUST-00181,2025-01-21 14:00:00,Natural Soap Set,Personal Care,1,14.1,0.0,14.1,Mobile app,South,No,49,20,Plus,Yes,8.6,1,No
CUST-00180,2025-01-21 15:00:00,Natural Soap Set,Personal Care,3,11.98,0.0,35.95,Store,West,No,43,33,Plus,No,7.3,0,No
CUST-00093,2025-01-21 21:00:00,Everyday Coffee,Beverages,2,8.65,0.0,17.31,Mobile app,Central,No,25,45,Plus,Yes,7.9,4,No
CUST-00229,2025-01-21 21:00:00,Wireless Charger,Electronics,5,30.47,0.0,152.36,Web,East,No,68,35,Essential,Yes,7.4,0,No
CUST-00095,2025-01-22 08:00:00,Cotton Tote,Accessories,2,15.46,0.0,30.92,Web,North,No,33,2,Plus,No,6.3,2,Yes
CUST-00291,2025-01-22 14:00:00,Herbal Tea,Beverages,6,6.69,0.0,40.14,Store,East,Yes,24,17,Premium,Yes,7.8,1,No
CUST-00088,2025-01-22 16:00:00,Gift Candle,Home,3,18.19,0.0,54.56,Web,Central,No,57,4,Essential,Yes,7.0,0,No
CUST-00255,2025-01-22 19:00:00,Herbal Tea,Beverages,2,7.05,0.0,14.09,Mobile app,North,No,55,14,Essential,Yes,6.9,2,No
CUST-00028,2025-01-22 20:00:00,Travel Mug,Accessories,4,21.99,0.0,87.97,Mobile app,South,No,34,17,Premium,Yes,6.8,2,No
CUST-00178,2025-01-22 20:00:00,Travel Mug,Accessories,4,21.33,0.0,85.31,Store,South,No,65,26,Essential,Yes,9.5,1,No
CUST-00275,2025-01-23 14:00:00,Phone Stand,Electronics,3,17.93,0.0,53.79,Web,West,No,58,39,Premium,Yes,8.3,3,No
CUST-00194,2025-01-23 16:00:00,Desk Notebook,Stationery,3,9.12,0.0,27.37,Store,West,No,58,29,Essential,Yes,6.9,3,No
CUST-00101,2025-01-23 20:00:00,Cotton Tote,Accessories,7,14.67,0.0,102.72,Mobile app,West,No,41,3,Essential,Yes,9.0,1,No
CUST-00138,2025-01-24 21:00:00,Wireless Charger,Electronics,1,29.92,0.0,29.92,Web,East,No,34,47,Plus,Yes,7.5,1,No
CUST-00075,2025-01-25 08:00:00,Travel Mug,Accessories,2,22.66,0.0,45.32,Web,West,No,39,17,Plus,Yes,6.5,2,No
CUST-00245,2025-01-25 21:00:00,Phone Stand,Electronics,2,16.83,0.0,33.66,Web,North,No,68,22,Essential,Yes,9.5,0,No
CUST-00112,2025-01-26 09:00:00,Wireless Charger,Electronics,2,25.41,0.0,50.81,Web,East,No,37,42,Plus,No,6.3,1,No
CUST-00194,2025-01-26 11:00:00,Granola Pack,Grocery,2,7.0,0.0,14.01,Store,West,No,58,29,Essential,Yes,6.9,3,No
CUST-00126,2025-01-26 12:00:00,Cotton Tote,Accessories,4,14.66,0.0,58.64,Mobile app,Central,No,68,11,Plus,Yes,9.6,4,Yes
CUST-00077,2025-01-27 16:00:00,Phone Stand,Electronics,2,18.86,0.0,37.72,Mobile app,North,No,44,44,Premium,No,7.8,2,No
CUST-00008,2025-01-28 08:00:00,Everyday Coffee,Beverages,5,8.64,0.0,43.19,Store,North,No,50,23,Premium,No,6.9,1,No
CUST-00135,2025-01-28 08:00:00,Gift Candle,Home,6,18.18,0.0,109.07,Store,East,No,54,40,Essential,Yes,8.2,2,No
CUST-00255,2025-01-28 14:00:00,Wireless Charger,Electronics,4,31.25,0.0,124.99,Mobile app,North,No,55,14,Essential,Yes,6.9,2,No
CUST-00179,2025-01-28 15:00:00,Cotton Tote,Accessories,2,15.19,0.0,30.39,Web,Central,No,68,25,Essential,Yes,5.4,4,Yes
CUST-00117,2025-01-28 21:00:00,Natural Soap Set,Personal Care,5,11.82,0.0,59.09,Mobile app,West,No,64,27,Essential,No,4.5,1,Yes
CUST-00192,2025-01-29 09:00:00,Gift Candle,Home,1,18.28,0.0,18.28,Web,East,No,41,6,Essential,Yes,8.9,0,No
CUST-00055,2025-01-29 12:00:00,Natural Soap Set,Personal Care,1,11.95,0.0,11.95,Store,West,No,61,8,Plus,Yes,6.4,4,Yes
CUST-00037,2025-01-29 17:00:00,Cotton Tote,Accessories,3,13.91,0.0,41.73,Mobile app,North,No,34,30,Plus,Yes,7.0,0,No
CUST-00295,2025-01-30 16:00:00,Travel Mug,Accessories,4,21.01,0.0,84.03,Web,East,No,40,36,Plus,Yes,5.0,1,No
CUST-00203,2025-01-30 18:00:00,Everyday Coffee,Beverages,4,8.84,0.0,35.36,Web,South,No,31,5,Plus,Yes,9.3,2,No
CUST-00031,2025-01-30 21:00:00,Cotton Tote,Accessories,1,13.4,0.0,13.4,Mobile app,Central,No,60,19,Plus,Yes,8.2,2,No
CUST-00187,2025-02-01 10:00:00,Herbal Tea,Beverages,7,7.51,0.0,52.54,Mobile app,West,No,46,42,Premium,No,8.3,0,No
CUST-00069,2025-02-01 12:00:00,Desk Notebook,Stationery,5,9.41,0.0,47.06,Web,East,No,64,48,Premium,Yes,8.1,0,No
CUST-00080,2025-02-01 12:00:00,Herbal Tea,Beverages,3,6.94,0.0,20.83,Store,East,No,53,37,Essential,Yes,8.1,1,No
CUST-00051,2025-02-01 13:00:00,Herbal Tea,Beverages,4,7.22,0.0,28.88,Store,South,No,59,40,Plus,Yes,8.2,0,No
CUST-00172,2025-02-01 13:00:00,Herbal Tea,Beverages,3,7.22,0.0,21.67,Store,East,No,22,30,Essential,Yes,7.5,0,No
CUST-00251,2025-02-01 14:00:00,Natural Soap Set,Personal Care,5,12.49,0.0,62.44,Web,West,No,22,29,Plus,Yes,9.4,0,No
CUST-00191,2025-02-01 15:00:00,Herbal Tea,Beverages,5,6.87,0.05,32.65,Web,South,Yes,44,14,Essential,Yes,5.9,1,Yes
CUST-00120,2025-02-01 20:00:00,Natural Soap Set,Personal Care,1,12.33,0.0,12.33,Web,East,No,53,7,Plus,Yes,7.3,1,Yes
CUST-00003,2025-02-02 09:00:00,Phone Stand,Electronics,7,17.03,0.0,119.19,Web,North,No,35,44,Premium,Yes,8.1,0,No
CUST-00307,2025-02-02 09:00:00,Herbal Tea,Beverages,4,7.36,0.0,29.45,Store,West,No,58,22,Plus,Yes,6.8,0,No
CUST-00317,2025-02-02 16:00:00,Cotton Tote,Accessories,2,14.35,0.0,28.7,Web,East,No,52,28,Plus,Yes,7.0,1,No
CUST-00111,2025-02-02 20:00:00,Gift Candle,Home,3,18.55,0.0,55.64,Web,Central,No,39,37,Essential,Yes,8.4,2,No
CUST-00278,2025-02-03 15:00:00,Gift Candle,Home,5,16.6,0.0,82.99,Web,North,No,24,17,Plus,Yes,7.1,3,No
CUST-00247,2025-02-04 09:00:00,Wireless Charger,Electronics,8,29.21,0.0,233.65,Web,Central,Yes,68,19,Plus,Yes,7.1,1,No
CUST-00146,2025-02-04 10:00:00,Granola Pack,Grocery,6,6.42,0.0,38.55,Store,West,No,47,20,Essential,Yes,9.6,2,No
CUST-00240,2025-02-04 14:00:00,Desk Notebook,Stationery,3,9.04,0.0,27.11,Store,South,No,30,7,Plus,Yes,7.5,3,Yes
CUST-00207,2025-02-04 20:00:00,Everyday Coffee,Beverages,3,8.83,0.0,26.5,Mobile app,Central,No,45,36,Plus,Yes,8.6,2,No
CUST-00049,2025-02-04 21:00:00,Cotton Tote,Accessories,2,15.07,0.0,30.14,Mobile app,North,No,40,47,Plus,Yes,7.0,1,No
CUST-00096,2025-02-05 08:00:00,Wireless Charger,Electronics,4,28.37,0.0,113.47,Web,South,No,44,18,Essential,Yes,4.7,1,Yes
CUST-00213,2025-02-05 08:00:00,Granola Pack,Grocery,5,7.16,0.0,35.78,Store,West,No,67,24,Premium,Yes,4.8,1,No
CUST-00114,2025-02-05 13:00:00,Travel Mug,Accessories,6,21.49,0.0,128.93,Mobile app,South,No,65,26,Essential,Yes,5.8,2,No
CUST-00286,2025-02-05 13:00:00,Herbal Tea,Beverages,3,6.68,0.0,20.03,Mobile app,South,No,47,48,Plus,No,6.3,1,No
CUST-00185,2025-02-05 15:00:00,Wireless Charger,Electronics,8,28.53,0.0,228.24,Web,East,No,50,42,Essential,No,6.4,1,No
CUST-00122,2025-02-05 20:00:00,Gift Candle,Home,4,17.58,0.0,70.31,Web,East,No,53,34,Premium,Yes,8.4,1,No
CUST-00274,2025-02-06 11:00:00,Everyday Coffee,Beverages,10,8.23,0.0,82.3,Web,Central,No,46,48,Premium,Yes,8.4,0,No
CUST-00105,2025-02-06 13:00:00,Phone Stand,Electronics,3,18.3,0.0,54.89,Mobile app,South,No,51,42,Plus,No,5.6,3,Yes
CUST-00217,2025-02-06 14:00:00,Herbal Tea,Beverages,3,6.94,0.0,20.83,Mobile app,Central,No,47,44,Plus,Yes,7.5,0,No
CUST-00118,2025-02-07 11:00:00,Cotton Tote,Accessories,5,15.07,0.0,75.33,Web,North,No,38,30,Plus,Yes,9.2,1,No
CUST-00019,2025-02-07 14:00:00,Everyday Coffee,Beverages,4,8.53,0.0,34.12,Web,West,No,25,26,Essential,No,9.1,3,No
CUST-00107,2025-02-07 14:00:00,Travel Mug,Accessories,2,22.95,0.0,45.9,Mobile app,Central,No,32,4,Plus,Yes,7.5,1,Yes
CUST-00273,2025-02-07 15:00:00,Phone Stand,Electronics,1,18.32,0.0,18.32,Web,East,No,51,19,Essential,Yes,4.7,2,Yes
CUST-00267,2025-02-08 15:00:00,Natural Soap Set,Personal Care,1,13.55,0.0,13.55,Store,West,No,40,33,Plus,Yes,7.9,1,No
CUST-00167,2025-02-08 16:00:00,Gift Candle,Home,2,16.64,0.05,31.61,Web,West,Yes,47,28,Essential,No,8.4,3,Yes
CUST-00015,2025-02-08 18:00:00,Phone Stand,Electronics,7,16.98,0.0,118.86,Store,South,No,59,4,Plus,Yes,6.6,1,No
CUST-00019,2025-02-08 18:00:00,Desk Notebook,Stationery,4,8.91,0.0,35.65,Web,West,No,25,26,Essential,No,9.1,3,No
CUST-00207,2025-02-08 20:00:00,Wireless Charger,Electronics,4,29.61,0.0,118.45,Mobile app,Central,No,45,36,Plus,Yes,8.6,2,No
CUST-00275,2025-02-09 09:00:00,Natural Soap Set,Personal Care,3,12.29,0.0,36.86,Web,West,No,58,39,Premium,Yes,8.3,3,No
CUST-00285,2025-02-10 08:00:00,Travel Mug,Accessories,1,22.34,0.0,22.34,Web,South,No,43,12,Plus,Yes,7.0,0,No
CUST-00051,2025-02-10 11:00:00,Everyday Coffee,Beverages,4,8.54,0.0,34.16,Store,South,No,59,40,Plus,Yes,8.2,0,No
CUST-00089,2025-02-10 13:00:00,Natural Soap Set,Personal Care,3,13.12,0.0,39.35,Web,North,No,62,23,Premium,No,4.4,2,Yes
CUST-00072,2025-02-10 16:00:00,Cotton Tote,Accessories,3,15.21,0.0,45.62,Mobile app,South,No,39,47,Essential,No,7.7,1,No
CUST-00053,2025-02-10 17:00:00,Herbal Tea,Beverages,2,7.15,0.0,14.31,Mobile app,Central,No,22,9,Essential,No,6.5,0,Yes
CUST-00146,2025-02-10 17:00:00,Herbal Tea,Beverages,4,7.67,0.0,30.67,Store,West,No,47,20,Essential,Yes,9.6,2,No
CUST-00188,2025-02-10 17:00:00,Gift Candle,Home,7,16.77,0.1,105.67,Web,Central,Yes,65,48,Essential,Yes,6.8,1,No
CUST-00253,2025-02-10 17:00:00,Wireless Charger,Electronics,3,28.17,0.0,84.5,Web,East,No,53,7,Essential,Yes,6.7,1,No
CUST-00015,2025-02-11 08:00:00,Travel Mug,Accessories,6,22.88,0.0,137.26,Store,South,No,59,4,Plus,Yes,6.6,1,No
CUST-00110,2025-02-11 09:00:00,Phone Stand,Electronics,3,18.06,0.0,54.18,Mobile app,West,Yes,31,38,Essential,Yes,8.6,1,No
CUST-00149,2025-02-11 13:00:00,Travel Mug,Accessories,1,20.26,0.0,20.26,Web,North,No,28,43,Essential,Yes,5.0,2,No
CUST-00281,2025-02-11 15:00:00,Cotton Tote,Accessories,2,15.04,0.0,30.08,Store,East,No,55,25,Plus,Yes,9.6,3,No
CUST-00161,2025-02-11 19:00:00,Phone Stand,Electronics,2,16.85,0.0,33.71,Web,North,No,22,41,Essential,Yes,4.8,0,No
CUST-00264,2025-02-11 19:00:00,Desk Notebook,Stationery,2,8.93,0.0,17.87,Web,North,No,66,34,Plus,Yes,7.8,1,No
CUST-00209,2025-02-12 09:00:00,Phone Stand,Electronics,3,17.75,0.0,53.24,Mobile app,Central,No,35,37,Premium,Yes,7.9,2,No
CUST-00317,2025-02-12 11:00:00,Cotton Tote,Accessories,2,13.28,0.0,26.57,Web,East,Yes,52,28,Plus,Yes,7.0,1,No
CUST-00041,2025-02-12 16:00:00,Granola Pack,Grocery,3,6.35,0.0,19.06,Store,West,No,68,14,Essential,Yes,6.7,2,No
CUST-00046,2025-02-12 19:00:00,Gift Candle,Home,1,19.76,0.0,19.76,Mobile app,West,No,32,29,Plus,Yes,6.3,1,No
CUST-00292,2025-02-12 20:00:00,Herbal Tea,Beverages,4,7.78,0.0,31.13,Web,South,No,21,38,Essential,Yes,9.6,0,No
CUST-00245,2025-02-13 08:00:00,Desk Notebook,Stationery,1,8.65,0.0,8.65,Web,North,No,68,22,Essential,Yes,9.5,0,No
CUST-00086,2025-02-13 09:00:00,Everyday Coffee,Beverages,7,8.56,0.0,59.93,Web,West,Yes,33,36,Essential,Yes,6.6,3,No
CUST-00040,2025-02-13 12:00:00,Granola Pack,Grocery,5,6.77,0.0,33.86,Mobile app,East,No,64,37,Essential,Yes,9.2,2,No
CUST-00307,2025-02-13 21:00:00,Granola Pack,Grocery,6,7.1,0.0,42.59,Store,West,No,58,22,Plus,Yes,6.8,0,No
CUST-00100,2025-02-14 11:00:00,Natural Soap Set,Personal Care,4,13.24,0.0,52.97,Web,West,No,65,4,Premium,No,7.1,2,Yes
CUST-00192,2025-02-14 20:00:00,Desk Notebook,Stationery,2,8.28,0.0,16.56,Web,East,No,41,6,Essential,Yes,8.9,0,No
CUST-00056,2025-02-14 21:00:00,Everyday Coffee,Beverages,1,8.23,0.0,8.23,Mobile app,North,No,57,10,Essential,Yes,5.8,2,Yes
CUST-00211,2025-02-15 10:00:00,Phone Stand,Electronics,6,17.39,0.0,104.36,Web,West,No,35,44,Essential,Yes,6.7,1,No
CUST-00116,2025-02-15 13:00:00,Granola Pack,Grocery,4,6.65,0.0,26.58,Web,North,No,24,35,Essential,Yes,7.9,2,No
CUST-00119,2025-02-15 14:00:00,Travel Mug,Accessories,4,22.19,0.0,88.75,Web,West,No,62,5,Essential,Yes,4.7,2,Yes
CUST-00066,2025-02-16 13:00:00,Herbal Tea,Beverages,1,7.28,0.0,7.28,Mobile app,North,No,36,31,Essential,Yes,6.4,0,No
CUST-00009,2025-02-16 15:00:00,Herbal Tea,Beverages,6,7.45,0.1,40.22,Web,West,Yes,47,7,Premium,No,8.5,1,Yes
CUST-00121,2025-02-16 15:00:00,Herbal Tea,Beverages,1,7.21,0.0,7.21,Mobile app,Central,Yes,38,34,Plus,Yes,6.5,2,No
CUST-00232,2025-02-16 17:00:00,Everyday Coffee,Beverages,1,8.98,0.0,8.98,Mobile app,East,No,42,12,Essential,Yes,5.8,1,Yes
CUST-00206,2025-02-16 21:00:00,Cotton Tote,Accessories,2,14.42,0.0,28.83,Web,Central,No,25,28,Plus,No,10.0,1,No
CUST-00190,2025-02-17 21:00:00,Desk Notebook,Stationery,1,8.58,0.0,8.58,Store,Central,No,59,15,Plus,Yes,6.6,4,Yes
CUST-00020,2025-02-18 15:00:00,Granola Pack,Grocery,3,7.14,0.0,21.41,Store,West,No,26,12,Premium,Yes,8.6,2,No
CUST-00203,2025-02-18 15:00:00,Herbal Tea,Beverages,4,7.11,0.0,28.43,Web,South,No,31,5,Plus,Yes,9.3,2,No
CUST-00138,2025-02-18 17:00:00,Gift Candle,Home,2,17.65,0.0,35.3,Web,East,No,34,47,Plus,Yes,7.5,1,No
CUST-00153,2025-02-19 13:00:00,Wireless Charger,Electronics,3,30.94,0.0,92.82,Store,West,No,22,48,Essential,Yes,3.6,4,No
CUST-00056,2025-02-19 15:00:00,Herbal Tea,Beverages,6,6.87,0.0,41.23,Mobile app,North,No,57,10,Essential,Yes,5.8,2,Yes
CUST-00101,2025-02-20 09:00:00,Desk Notebook,Stationery,3,8.36,0.05,23.83,Mobile app,West,Yes,41,3,Essential,Yes,9.0,1,No
CUST-00027,2025-02-20 10:00:00,Phone Stand,Electronics,2,18.54,0.0,37.09,Web,Central,No,63,15,Plus,Yes,9.1,1,No
CUST-00094,2025-02-20 10:00:00,Cotton Tote,Accessories,6,14.48,0.0,86.9,Web,West,No,37,31,Plus,No,6.5,1,Yes
CUST-00025,2025-02-20 12:00:00,Herbal Tea,Beverages,1,7.49,0.0,7.49,Mobile app,Central,No,53,2,Plus,Yes,5.0,3,Yes
CUST-00141,2025-02-20 15:00:00,Gift Candle,Home,1,17.78,0.0,17.78,Web,West,No,26,31,Premium,No,5.4,4,Yes
CUST-00225,2025-02-20 15:00:00,Herbal Tea,Beverages,5,6.4,0.0,31.99,Mobile app,East,No,43,27,Plus,Yes,9.9,1,No
CUST-00133,2025-02-20 16:00:00,Phone Stand,Electronics,4,17.97,0.0,71.89,Mobile app,South,No,43,33,Essential,Yes,8.3,2,No
CUST-00144,2025-02-21 10:00:00,Gift Candle,Home,5,15.81,0.0,79.06,Mobile app,West,Yes,51,29,Plus,Yes,10.0,2,No
CUST-00257,2025-02-21 13:00:00,Desk Notebook,Stationery,2,9.81,0.0,19.62,Web,South,No,38,43,Essential,Yes,6.5,0,No
CUST-00115,2025-02-21 19:00:00,Phone Stand,Electronics,1,17.25,0.0,17.25,Web,West,No,66,6,Plus,Yes,7.2,2,No
CUST-00237,2025-02-22 13:00:00,Phone Stand,Electronics,2,17.66,0.0,35.31,Web,South,No,57,22,Essential,Yes,5.9,1,Yes
CUST-00249,2025-02-22 16:00:00,Gift Candle,Home,6,16.89,0.0,101.33,Store,North,Yes,51,40,Essential,Yes,7.3,1,No
CUST-00254,2025-02-22 18:00:00,Natural Soap Set,Personal Care,1,12.05,0.0,12.05,Mobile app,East,No,28,29,Essential,No,7.2,0,Yes
CUST-00192,2025-02-22 20:00:00,Cotton Tote,Accessories,4,14.95,0.0,59.8,Web,East,No,41,6,Essential,Yes,8.9,0,No
CUST-00262,2025-02-23 12:00:00,Herbal Tea,Beverages,1,7.26,0.0,7.26,Mobile app,South,No,25,41,Essential,Yes,6.6,2,No
CUST-00168,2025-02-23 15:00:00,Wireless Charger,Electronics,5,28.43,0.0,142.15,Store,Central,No,68,27,Essential,Yes,6.8,1,No
CUST-00009,2025-02-23 16:00:00,Gift Candle,Home,1,18.89,0.0,18.89,Web,West,No,47,7,Premium,No,8.5,1,Yes
CUST-00116,2025-02-23 17:00:00,Desk Notebook,Stationery,5,8.94,0.0,44.68,Web,North,Yes,24,35,Essential,Yes,7.9,2,No
CUST-00256,2025-02-23 17:00:00,Everyday Coffee,Beverages,2,9.0,0.0,18.0,Mobile app,East,No,47,25,Plus,Yes,7.2,4,No
CUST-00218,2025-02-24 09:00:00,Desk Notebook,Stationery,3,8.95,0.0,26.86,Mobile app,South,No,27,8,Plus,Yes,6.2,1,No
CUST-00050,2025-02-24 12:00:00,Gift Candle,Home,1,17.06,0.0,17.06,Mobile app,East,No,36,9,Plus,No,7.5,3,Yes
CUST-00064,2025-02-24 13:00:00,Cotton Tote,Accessories,4,14.34,0.0,57.38,Web,Central,No,24,30,Essential,Yes,7.1,0,No
CUST-00287,2025-02-24 14:00:00,Travel Mug,Accessories,2,21.59,0.0,43.18,Mobile app,West,Yes,52,40,Plus,Yes,9.2,2,No
CUST-00291,2025-02-25 08:00:00,Gift Candle,Home,2,18.52,0.0,37.04,Store,East,No,24,17,Premium,Yes,7.8,1,No
CUST-00093,2025-02-25 11:00:00,Herbal Tea,Beverages,8,7.44,0.0,59.53,Mobile app,Central,No,25,45,Plus,Yes,7.9,4,No
CUST-00117,2025-02-25 12:00:00,Travel Mug,Accessories,6,22.92,0.0,137.5,Mobile app,West,No,64,27,Essential,No,4.5,1,Yes
CUST-00248,2025-02-25 13:00:00,Natural Soap Set,Personal Care,1,13.21,0.0,13.21,Web,Central,No,21,33,Essential,Yes,5.8,2,No
CUST-00175,2025-02-25 15:00:00,Granola Pack,Grocery,4,6.72,0.0,26.89,Web,South,No,33,3,Plus,Yes,6.1,3,Yes
CUST-00003,2025-02-26 08:00:00,Natural Soap Set,Personal Care,5,12.83,0.0,64.17,Web,North,Yes,35,44,Premium,Yes,8.1,0,No
CUST-00176,2025-02-26 10:00:00,Wireless Charger,Electronics,1,27.56,0.0,27.56,Mobile app,East,No,67,35,Essential,Yes,6.7,0,No
CUST-00270,2025-02-26 10:00:00,Cotton Tote,Accessories,3,13.94,0.0,41.83,Store,East,No,50,9,Essential,No,5.4,2,Yes
CUST-00023,2025-02-26 14:00:00,Cotton Tote,Accessories,1,14.53,0.0,14.53,Mobile app,East,No,45,36,Essential,No,6.6,2,No
CUST-00032,2025-02-26 15:00:00,Gift Candle,Home,1,19.51,0.0,19.51,Mobile app,Central,No,46,35,Plus,Yes,7.0,0,No
CUST-00033,2025-03-01 09:00:00,Desk Notebook,Stationery,4,8.98,0.0,35.91,Web,West,No,56,12,Essential,Yes,4.5,2,Yes
CUST-00123,2025-03-01 13:00:00,Travel Mug,Accessories,8,22.61,0.0,180.87,Mobile app,Central,No,31,44,Premium,Yes,5.9,1,No
CUST-00120,2025-03-01 18:00:00,Natural Soap Set,Personal Care,1,12.52,0.1,11.27,Web,East,Yes,53,7,Plus,Yes,7.3,1,Yes
CUST-00145,2025-03-01 19:00:00,Desk Notebook,Stationery,6,9.1,0.0,54.58,Store,West,No,48,27,Plus,Yes,3.9,4,Yes
CUST-00205,2025-03-02 11:00:00,Wireless Charger,Electronics,2,29.0,0.0,58.0,Web,Central,No,58,5,Premium,Yes,4.9,1,Yes
CUST-00148,2025-03-02 15:00:00,Natural Soap Set,Personal Care,3,11.92,0.0,35.77,Web,North,No,41,31,Essential,Yes,7.9,5,No
CUST-00309,2025-03-02 20:00:00,Cotton Tote,Accessories,4,15.33,0.0,61.32,Mobile app,East,No,64,34,Plus,Yes,8.1,1,No
CUST-00124,2025-03-03 14:00:00,Gift Candle,Home,5,18.26,0.0,91.3,Mobile app,East,No,47,40,Plus,Yes,6.5,2,No
CUST-00274,2025-03-03 18:00:00,Gift Candle,Home,4,16.75,0.0,67.01,Web,Central,No,46,48,Premium,Yes,8.4,0,No
CUST-00075,2025-03-03 21:00:00,Cotton Tote,Accessories,6,14.9,0.0,89.41,Web,West,No,39,17,Plus,Yes,6.5,2,No
CUST-00020,2025-03-04 11:00:00,Cotton Tote,Accessories,5,14.99,0.0,74.96,Store,West,No,26,12,Premium,Yes,8.6,2,No
CUST-00075,2025-03-04 12:00:00,Natural Soap Set,Personal Care,3,11.7,0.1,31.59,Web,West,Yes,39,17,Plus,Yes,6.5,2,No
CUST-00069,2025-03-04 13:00:00,Cotton Tote,Accessories,6,14.64,0.0,87.86,Web,East,No,64,48,Premium,Yes,8.1,0,No
CUST-00004,2025-03-04 14:00:00,Natural Soap Set,Personal Care,4,12.62,0.0,50.49,Store,North,No,32,43,Essential,Yes,7.9,0,No
CUST-00296,2025-03-04 18:00:00,Phone Stand,Electronics,5,17.5,0.0,87.52,Web,South,No,38,3,Plus,No,6.1,0,Yes
CUST-00162,2025-03-05 09:00:00,Phone Stand,Electronics,9,16.26,0.0,146.32,Web,East,No,44,23,Essential,Yes,7.2,1,No
CUST-00238,2025-03-05 12:00:00,Wireless Charger,Electronics,2,29.14,0.0,58.27,Mobile app,West,No,37,12,Plus,No,6.7,4,Yes
CUST-00036,2025-03-05 13:00:00,Natural Soap Set,Personal Care,3,11.91,0.0,35.74,Web,South,No,63,38,Essential,No,8.3,4,Yes
CUST-00058,2025-03-05 13:00:00,Wireless Charger,Electronics,3,28.73,0.0,86.2,Store,South,No,30,17,Essential,Yes,4.7,1,Yes
CUST-00030,2025-03-05 14:00:00,Granola Pack,Grocery,3,6.64,0.0,19.92,Web,West,No,29,28,Essential,Yes,3.9,1,No
CUST-00077,2025-03-05 16:00:00,Travel Mug,Accessories,3,24.38,0.0,73.13,Mobile app,North,No,44,44,Premium,No,7.8,2,No
CUST-00298,2025-03-05 17:00:00,Granola Pack,Grocery,4,6.81,0.0,27.23,Mobile app,North,No,30,5,Essential,Yes,8.1,1,Yes
CUST-00105,2025-03-06 10:00:00,Herbal Tea,Beverages,1,7.24,0.0,7.24,Mobile app,South,No,51,42,Plus,No,5.6,3,Yes
CUST-00100,2025-03-06 11:00:00,Gift Candle,Home,4,18.99,0.0,75.95,Web,West,Yes,65,4,Premium,No,7.1,2,Yes
CUST-00051,2025-03-06 14:00:00,Everyday Coffee,Beverages,4,8.94,0.0,35.76,Store,South,No,59,40,Plus,Yes,8.2,0,No
CUST-00040,2025-03-06 16:00:00,Travel Mug,Accessories,3,21.04,0.1,56.81,Mobile app,East,Yes,64,37,Essential,Yes,9.2,2,No
CUST-00071,2025-03-07 08:00:00,Desk Notebook,Stationery,8,8.17,0.0,65.33,Store,Central,No,47,23,Essential,Yes,10.0,3,No
CUST-00213,2025-03-07 11:00:00,Granola Pack,Grocery,7,6.88,0.0,48.19,Store,West,No,67,24,Premium,Yes,4.8,1,No
CUST-00271,2025-03-07 13:00:00,Natural Soap Set,Personal Care,6,12.15,0.0,72.89,Mobile app,West,Yes,61,16,Plus,Yes,8.9,2,No
CUST-00019,2025-03-07 19:00:00,Herbal Tea,Beverages,4,7.34,0.0,29.37,Web,West,No,25,26,Essential,No,9.1,3,No
CUST-00283,2025-03-07 20:00:00,Desk Notebook,Stationery,4,9.39,0.0,37.56,Store,North,No,56,30,Essential,Yes,5.6,3,No
CUST-00039,2025-03-08 15:00:00,Phone Stand,Electronics,10,18.03,0.0,180.32,Web,West,No,46,43,Plus,Yes,5.9,0,No
CUST-00273,2025-03-09 09:00:00,Travel Mug,Accessories,3,21.72,0.0,65.15,Web,East,No,51,19,Essential,Yes,4.7,2,Yes
CUST-00097,2025-03-09 10:00:00,Herbal Tea,Beverages,6,7.33,0.0,43.99,Web,North,No,51,41,Essential,Yes,4.7,1,No
CUST-00214,2025-03-09 10:00:00,Phone Stand,Electronics,1,17.58,0.0,17.58,Web,North,No,47,23,Essential,Yes,9.4,1,No
CUST-00207,2025-03-09 20:00:00,Wireless Charger,Electronics,5,30.37,0.0,151.83,Mobile app,Central,No,45,36,Plus,Yes,8.6,2,No
CUST-00030,2025-03-10 12:00:00,Everyday Coffee,Beverages,2,8.24,0.0,16.48,Web,West,No,29,28,Essential,Yes,3.9,1,No
CUST-00267,2025-03-10 15:00:00,Everyday Coffee,Beverages,3,7.88,0.05,22.46,Store,West,Yes,40,33,Plus,Yes,7.9,1,No
CUST-00198,2025-03-10 16:00:00,Travel Mug,Accessories,5,22.12,0.0,110.59,Web,South,No,44,28,Premium,Yes,5.2,1,No
CUST-00206,2025-03-10 19:00:00,Phone Stand,Electronics,6,18.16,0.0,108.96,Web,Central,No,25,28,Plus,No,10.0,1,No
CUST-00060,2025-03-10 20:00:00,Wireless Charger,Electronics,4,31.44,0.0,125.77,Web,South,No,25,39,Essential,Yes,6.5,1,No
CUST-00305,2025-03-11 09:00:00,Travel Mug,Accessories,3,21.4,0.0,64.21,Store,Central,No,57,32,Essential,No,8.9,1,No
CUST-00282,2025-03-11 10:00:00,Travel Mug,Accessories,3,21.5,0.0,64.51,Mobile app,West,No,33,11,Essential,Yes,5.8,2,Yes
CUST-00134,2025-03-11 11:00:00,Everyday Coffee,Beverages,1,8.34,0.0,8.34,Mobile app,North,No,23,31,Essential,Yes,6.7,0,No
CUST-00102,2025-03-11 12:00:00,Travel Mug,Accessories,1,23.39,0.0,23.39,Store,West,No,29,6,Essential,Yes,8.2,1,No
CUST-00229,2025-03-11 13:00:00,Desk Notebook,Stationery,3,9.89,0.0,29.67,Web,East,No,68,35,Essential,Yes,7.4,0,No
CUST-00055,2025-03-11 14:00:00,Granola Pack,Grocery,4,7.31,0.0,29.23,Store,West,No,61,8,Plus,Yes,6.4,4,Yes
CUST-00153,2025-03-11 14:00:00,Travel Mug,Accessories,4,20.49,0.0,81.95,Store,West,No,22,48,Essential,Yes,3.6,4,No
CUST-00203,2025-03-11 14:00:00,Gift Candle,Home,3,18.33,0.0,54.99,Web,South,No,31,5,Plus,Yes,9.3,2,No
CUST-00310,2025-03-11 15:00:00,Travel Mug,Accessories,6,21.39,0.0,128.34,Web,Central,No,66,47,Essential,Yes,3.1,1,No
CUST-00141,2025-03-11 19:00:00,Gift Candle,Home,4,19.91,0.0,79.64,Web,West,No,26,31,Premium,No,5.4,4,Yes
CUST-00002,2025-03-12 08:00:00,Phone Stand,Electronics,1,17.65,0.0,17.65,Web,West,No,41,13,Plus,Yes,7.5,2,No
CUST-00199,2025-03-12 08:00:00,Herbal Tea,Beverages,3,7.02,0.0,21.06,Mobile app,West,No,25,13,Essential,Yes,7.3,3,Yes
CUST-00244,2025-03-12 14:00:00,Desk Notebook,Stationery,1,8.98,0.0,8.98,Web,Central,No,51,44,Essential,No,5.7,2,Yes
CUST-00243,2025-03-12 16:00:00,Gift Candle,Home,4,19.46,0.0,77.83,Mobile app,Central,No,61,14,Essential,No,6.5,0,Yes
CUST-00245,2025-03-12 16:00:00,Natural Soap Set,Personal Care,2,12.15,0.05,23.08,Web,North,Yes,68,22,Essential,Yes,9.5,0,No
CUST-00151,2025-03-12 17:00:00,Granola Pack,Grocery,5,7.05,0.0,35.25,Store,North,No,38,7,Plus,Yes,6.8,2,No
CUST-00295,2025-03-12 20:00:00,Gift Candle,Home,1,16.95,0.0,16.95,Web,East,No,40,36,Plus,Yes,5.0,1,No
CUST-00187,2025-03-12 21:00:00,Everyday Coffee,Beverages,4,7.81,0.0,31.24,Mobile app,West,No,46,42,Premium,No,8.3,0,No
CUST-00302,2025-03-12 21:00:00,Natural Soap Set,Personal Care,3,12.85,0.0,38.56,Web,West,No,22,8,Plus,No,8.3,0,Yes
CUST-00190,2025-03-13 11:00:00,Granola Pack,Grocery,4,7.35,0.0,29.38,Store,Central,No,59,15,Plus,Yes,6.6,4,Yes
CUST-00211,2025-03-13 12:00:00,Cotton Tote,Accessories,3,15.01,0.0,45.02,Web,West,No,35,44,Essential,Yes,6.7,1,No
CUST-00185,2025-03-14 08:00:00,Natural Soap Set,Personal Care,4,12.66,0.0,50.63,Web,East,No,50,42,Essential,No,6.4,1,No
CUST-00213,2025-03-14 15:00:00,Desk Notebook,Stationery,6,9.19,0.0,55.11,Store,West,No,67,24,Premium,Yes,4.8,1,No
CUST-00223,2025-03-14 15:00:00,Herbal Tea,Beverages,4,7.25,0.0,29.02,Store,North,No,35,9,Premium,Yes,5.2,0,Yes
CUST-00247,2025-03-14 19:00:00,Travel Mug,Accessories,3,22.55,0.0,67.65,Web,Central,No,68,19,Plus,Yes,7.1,1,No
CUST-00165,2025-03-14 20:00:00,Natural Soap Set,Personal Care,4,13.04,0.0,52.17,Web,West,No,22,5,Plus,No,8.4,0,Yes
CUST-00114,2025-03-15 21:00:00,Granola Pack,Grocery,2,6.94,0.0,13.89,Mobile app,South,No,65,26,Essential,Yes,5.8,2,No
CUST-00283,2025-03-15 21:00:00,Cotton Tote,Accessories,2,15.07,0.0,30.15,Store,North,No,56,30,Essential,Yes,5.6,3,No
CUST-00161,2025-03-16 09:00:00,Everyday Coffee,Beverages,2,8.31,0.0,16.63,Web,North,No,22,41,Essential,Yes,4.8,0,No
CUST-00001,2025-03-16 10:00:00,Wireless Charger,Electronics,3,28.11,0.0,84.32,Web,West,No,53,7,Plus,No,7.5,5,Yes
CUST-00063,2025-03-16 15:00:00,Wireless Charger,Electronics,3,29.09,0.1,78.54,Web,East,Yes,25,38,Essential,Yes,7.5,0,No
CUST-00254,2025-03-16 18:00:00,Everyday Coffee,Beverages,5,8.29,0.0,41.45,Mobile app,East,No,28,29,Essential,No,7.2,0,Yes
CUST-00202,2025-03-16 19:00:00,Desk Notebook,Stationery,2,8.65,0.0,17.3,Web,Central,No,65,31,Plus,Yes,7.2,2,No
CUST-00071,2025-03-17 08:00:00,Natural Soap Set,Personal Care,5,12.11,0.0,60.55,Store,Central,No,47,23,Essential,Yes,10.0,3,No
CUST-00008,2025-03-17 09:00:00,Wireless Charger,Electronics,7,26.9,0.0,188.28,Store,North,No,50,23,Premium,No,6.9,1,No
CUST-00004,2025-03-17 17:00:00,Desk Notebook,Stationery,2,9.27,0.0,18.55,Store,North,Yes,32,43,Essential,Yes,7.9,0,No
CUST-00058,2025-03-17 21:00:00,Gift Candle,Home,4,17.79,0.0,71.15,Store,South,No,30,17,Essential,Yes,4.7,1,Yes
CUST-00064,2025-03-18 10:00:00,Travel Mug,Accessories,2,21.33,0.0,42.67,Web,Central,No,24,30,Essential,Yes,7.1,0,No
CUST-00206,2025-03-18 10:00:00,Everyday Coffee,Beverages,3,8.4,0.0,25.19,Web,Central,No,25,28,Plus,No,10.0,1,No
CUST-00061,2025-03-18 13:00:00,Desk Notebook,Stationery,3,9.29,0.0,27.87,Store,Central,No,24,6,Premium,No,7.4,2,No
CUST-00128,2025-03-18 13:00:00,Cotton Tote,Accessories,4,14.46,0.0,57.84,Mobile app,Central,No,35,32,Essential,Yes,6.2,0,No
CUST-00056,2025-03-18 17:00:00,Granola Pack,Grocery,3,6.81,0.0,20.43,Mobile app,North,No,57,10,Essential,Yes,5.8,2,Yes
CUST-00096,2025-03-18 17:00:00,Wireless Charger,Electronics,3,29.31,0.0,87.94,Web,South,No,44,18,Essential,Yes,4.7,1,Yes
CUST-00034,2025-03-19 12:00:00,Wireless Charger,Electronics,1,29.36,0.0,29.36,Mobile app,Central,No,52,25,Plus,Yes,7.9,1,No
CUST-00258,2025-03-19 12:00:00,Granola Pack,Grocery,1,6.83,0.0,6.83,Store,South,No,54,38,Premium,Yes,6.6,3,No
CUST-00216,2025-03-19 15:00:00,Everyday Coffee,Beverages,3,8.38,0.0,25.13,Mobile app,North,No,37,36,Essential,Yes,7.4,0,No
CUST-00012,2025-03-19 20:00:00,Travel Mug,Accessories,1,21.16,0.0,21.16,Mobile app,South,No,65,19,Plus,Yes,6.6,3,No
CUST-00148,2025-03-19 20:00:00,Gift Candle,Home,4,18.53,0.05,70.4,Web,North,Yes,41,31,Essential,Yes,7.9,5,No
CUST-00303,2025-03-20 15:00:00,Wireless Charger,Electronics,4,31.63,0.0,126.54,Web,West,No,53,20,Essential,No,10.0,0,Yes
CUST-00119,2025-03-20 16:00:00,Desk Notebook,Stationery,3,8.6,0.0,25.79,Web,West,No,62,5,Essential,Yes,4.7,2,Yes
CUST-00147,2025-03-20 19:00:00,Travel Mug,Accessories,7,22.32,0.0,156.26,Store,Central,No,45,14,Plus,Yes,6.9,1,No
CUST-00282,2025-03-21 16:00:00,Natural Soap Set,Personal Care,3,13.17,0.0,39.51,Mobile app,West,No,33,11,Essential,Yes,5.8,2,Yes
CUST-00144,2025-03-21 19:00:00,Desk Notebook,Stationery,3,9.32,0.0,27.97,Mobile app,West,No,51,29,Plus,Yes,10.0,2,No
CUST-00100,2025-03-21 21:00:00,Natural Soap Set,Personal Care,3,12.71,0.15,32.41,Web,West,Yes,65,4,Premium,No,7.1,2,Yes
CUST-00305,2025-03-22 09:00:00,Travel Mug,Accessories,6,21.37,0.0,128.2,Store,Central,Yes,57,32,Essential,No,8.9,1,No
CUST-00052,2025-03-22 12:00:00,Natural Soap Set,Personal Care,1,12.36,0.0,12.36,Store,South,No,54,32,Plus,No,6.7,2,No
CUST-00162,2025-03-22 13:00:00,Wireless Charger,Electronics,5,30.66,0.0,153.31,Web,East,No,44,23,Essential,Yes,7.2,1,No
CUST-00293,2025-03-22 14:00:00,Everyday Coffee,Beverages,2,8.9,0.0,17.81,Web,Central,No,53,3,Plus,Yes,10.0,1,No
CUST-00066,2025-03-22 15:00:00,Desk Notebook,Stationery,3,9.84,0.0,29.53,Mobile app,North,No,36,31,Essential,Yes,6.4,0,No
CUST-00117,2025-03-22 17:00:00,Phone Stand,Electronics,4,18.52,0.0,74.06,Mobile app,West,No,64,27,Essential,No,4.5,1,Yes
CUST-00142,2025-03-22 21:00:00,Gift Candle,Home,7,17.89,0.0,125.25,Web,North,No,25,46,Plus,Yes,7.8,1,No
CUST-00291,2025-03-22 21:00:00,Cotton Tote,Accessories,1,13.97,0.0,13.97,Store,East,No,24,17,Premium,Yes,7.8,1,No
CUST-00069,2025-03-23 09:00:00,Wireless Charger,Electronics,5,29.0,0.0,145.0,Web,East,No,64,48,Premium,Yes,8.1,0,No
CUST-00233,2025-03-23 13:00:00,Granola Pack,Grocery,1,6.94,0.0,6.94,Mobile app,South,No,52,32,Essential,No,6.4,2,No
CUST-00159,2025-03-23 16:00:00,Natural Soap Set,Personal Care,2,12.78,0.0,25.57,Mobile app,South,No,35,4,Premium,Yes,6.7,0,No
CUST-00274,2025-03-23 16:00:00,Gift Candle,Home,4,16.68,0.0,66.73,Web,Central,No,46,48,Premium,Yes,8.4,0,No
CUST-00103,2025-03-23 19:00:00,Wireless Charger,Electronics,6,29.38,0.0,176.3,Mobile app,North,No,65,34,Essential,No,5.7,0,Yes
CUST-00201,2025-03-23 20:00:00,Everyday Coffee,Beverages,3,8.42,0.0,25.26,Web,South,Yes,65,18,Plus,Yes,6.6,0,No
CUST-00261,2025-03-23 20:00:00,Herbal Tea,Beverages,1,7.2,0.0,7.2,Web,East,Yes,43,2,Plus,Yes,4.5,0,Yes
CUST-00250,2025-03-24 13:00:00,Phone Stand,Electronics,2,18.65,0.0,37.3,Web,West,No,35,21,Essential,No,8.1,4,Yes
CUST-00121,2025-03-24 18:00:00,Cotton Tote,Accessories,3,14.1,0.0,42.29,Mobile app,Central,No,38,34,Plus,Yes,6.5,2,No
CUST-00123,2025-03-24 21:00:00,Gift Candle,Home,4,17.67,0.0,70.69,Mobile app,Central,No,31,44,Premium,Yes,5.9,1,No
CUST-00031,2025-03-25 11:00:00,Everyday Coffee,Beverages,3,8.12,0.0,24.35,Mobile app,Central,No,60,19,Plus,Yes,8.2,2,No
CUST-00265,2025-03-25 12:00:00,Wireless Charger,Electronics,4,27.21,0.0,108.86,Web,West,No,48,4,Plus,Yes,8.1,1,No
CUST-00052,2025-03-25 16:00:00,Phone Stand,Electronics,2,16.89,0.0,33.77,Store,South,No,54,32,Plus,No,6.7,2,No
CUST-00318,2025-03-25 16:00:00,Travel Mug,Accessories,2,21.86,0.0,43.72,Web,East,No,57,44,Premium,Yes,2.6,4,No
CUST-00198,2025-03-25 20:00:00,Natural Soap Set,Personal Care,3,13.3,0.0,39.89,Web,South,No,44,28,Premium,Yes,5.2,1,No
CUST-00246,2025-03-26 11:00:00,Desk Notebook,Stationery,1,8.69,0.0,8.69,Web,East,No,50,48,Essential,No,9.1,2,No
CUST-00203,2025-03-26 14:00:00,Wireless Charger,Electronics,3,28.98,0.0,86.95,Web,South,No,31,5,Plus,Yes,9.3,2,No
CUST-00057,2025-03-27 08:00:00,Everyday Coffee,Beverages,7,8.88,0.0,62.18,Web,East,No,48,38,Premium,Yes,7.6,2,No
CUST-00298,2025-03-27 10:00:00,Gift Candle,Home,2,17.51,0.0,35.01,Mobile app,North,Yes,30,5,Essential,Yes,8.1,1,Yes
CUST-00059,2025-03-27 12:00:00,Phone Stand,Electronics,2,15.33,0.1,27.59,Web,South,Yes,56,25,Premium,Yes,7.0,1,No
CUST-00101,2025-03-27 17:00:00,Phone Stand,Electronics,6,18.25,0.0,109.47,Mobile app,West,No,41,3,Essential,Yes,9.0,1,No
CUST-00161,2025-03-27 19:00:00,Desk Notebook,Stationery,4,9.7,0.0,38.81,Web,North,No,22,41,Essential,Yes,4.8,0,No
CUST-00238,2025-03-27 20:00:00,Phone Stand,Electronics,3,18.37,0.0,55.11,Mobile app,West,No,37,12,Plus,No,6.7,4,Yes
CUST-00245,2025-03-28 09:00:00,Natural Soap Set,Personal Care,7,12.68,0.0,88.79,Web,North,No,68,22,Essential,Yes,9.5,0,No
CUST-00270,2025-03-28 09:00:00,Herbal Tea,Beverages,2,7.34,0.0,14.68,Store,East,No,50,9,Essential,No,5.4,2,Yes
CUST-00048,2025-03-28 10:00:00,Natural Soap Set,Personal Care,4,12.6,0.1,45.36,Mobile app,South,Yes,48,27,Premium,No,7.4,0,No
CUST-00040,2025-03-28 11:00:00,Natural Soap Set,Personal Care,3,13.31,0.0,39.94,Mobile app,East,No,64,37,Essential,Yes,9.2,2,No
CUST-00266,2025-03-28 13:00:00,Everyday Coffee,Beverages,5,8.55,0.0,42.73,Web,Central,No,57,41,Premium,Yes,8.2,1,No
CUST-00009,2025-03-28 17:00:00,Phone Stand,Electronics,1,16.42,0.0,16.42,Web,West,No,47,7,Premium,No,8.5,1,Yes
CUST-00146,2025-03-28 17:00:00,Granola Pack,Grocery,2,7.0,0.0,13.99,Store,West,Yes,47,20,Essential,Yes,9.6,2,No
CUST-00153,2025-03-28 17:00:00,Cotton Tote,Accessories,1,15.02,0.0,15.02,Store,West,No,22,48,Essential,Yes,3.6,4,No
CUST-00009,2025-03-28 19:00:00,Everyday Coffee,Beverages,5,9.09,0.0,45.46,Web,West,No,47,7,Premium,No,8.5,1,Yes
CUST-00158,2025-03-29 08:00:00,Herbal Tea,Beverages,1,7.23,0.0,7.23,Web,South,No,58,4,Premium,Yes,7.6,2,No
CUST-00077,2025-03-29 14:00:00,Desk Notebook,Stationery,4,9.18,0.0,36.7,Mobile app,North,No,44,44,Premium,No,7.8,2,No
CUST-00104,2025-03-29 15:00:00,Desk Notebook,Stationery,1,8.91,0.0,8.91,Mobile app,North,No,58,35,Essential,No,6.3,3,No
CUST-00293,2025-03-29 16:00:00,Everyday Coffee,Beverages,5,8.75,0.0,43.75,Web,Central,No,53,3,Plus,Yes,10.0,1,No
CUST-00311,2025-03-29 19:00:00,Gift Candle,Home,1,18.38,0.0,18.38,Web,Central,No,66,42,Plus,Yes,6.1,2,No
CUST-00111,2025-03-30 11:00:00,Natural Soap Set,Personal Care,3,12.31,0.0,36.94,Web,Central,No,39,37,Essential,Yes,8.4,2,No
CUST-00166,2025-03-30 13:00:00,Cotton Tote,Accessories,6,15.38,0.0,92.28,Store,East,No,50,2,Essential,No,5.5,1,Yes
CUST-00223,2025-03-30 15:00:00,Granola Pack,Grocery,2,6.54,0.0,13.07,Store,North,Yes,35,9,Premium,Yes,5.2,0,Yes
CUST-00205,2025-03-30 17:00:00,Cotton Tote,Accessories,4,14.51,0.0,58.06,Web,Central,No,58,5,Premium,Yes,4.9,1,Yes
CUST-00255,2025-03-30 17:00:00,Travel Mug,Accessories,4,21.64,0.0,86.58,Mobile app,North,No,55,14,Essential,Yes,6.9,2,No
CUST-00076,2025-04-01 16:00:00,Gift Candle,Home,3,16.92,0.0,50.76,Mobile app,East,No,31,32,Essential,Yes,9.3,3,No
CUST-00187,2025-04-01 21:00:00,Natural Soap Set,Personal Care,5,12.71,0.0,63.54,Mobile app,West,No,46,42,Premium,No,8.3,0,No
CUST-00047,2025-04-02 08:00:00,Everyday Coffee,Beverages,5,8.83,0.0,44.16,Mobile app,West,No,24,15,Plus,Yes,7.7,2,No
CUST-00294,2025-04-02 12:00:00,Wireless Charger,Electronics,3,28.99,0.0,86.97,Web,East,No,58,2,Plus,No,6.8,1,Yes
CUST-00085,2025-04-02 13:00:00,Gift Candle,Home,7,17.89,0.0,125.26,Web,East,No,55,20,Plus,Yes,7.4,1,No
CUST-00166,2025-04-02 13:00:00,Granola Pack,Grocery,1,6.9,0.0,6.9,Store,East,Yes,50,2,Essential,No,5.5,1,Yes
CUST-00074,2025-04-02 15:00:00,Natural Soap Set,Personal Care,5,12.85,0.0,64.26,Mobile app,South,No,55,37,Plus,Yes,9.4,2,No
CUST-00317,2025-04-02 16:00:00,Travel Mug,Accessories,6,22.02,0.0,132.14,Web,East,No,52,28,Plus,Yes,7.0,1,No
CUST-00241,2025-04-02 17:00:00,Gift Candle,Home,1,17.14,0.0,17.14,Web,South,No,24,2,Plus,Yes,6.6,0,No
CUST-00032,2025-04-03 10:00:00,Herbal Tea,Beverages,2,7.33,0.0,14.67,Mobile app,Central,No,46,35,Plus,Yes,7.0,0,No
CUST-00120,2025-04-03 12:00:00,Travel Mug,Accessories,2,20.32,0.0,40.64,Web,East,No,53,7,Plus,Yes,7.3,1,Yes
CUST-00109,2025-04-04 08:00:00,Cotton Tote,Accessories,6,15.75,0.0,94.48,Web,South,No,49,12,Plus,No,5.8,0,Yes
CUST-00315,2025-04-04 18:00:00,Cotton Tote,Accessories,10,14.91,0.0,149.09,Mobile app,East,No,36,32,Premium,Yes,6.7,1,No
CUST-00015,2025-04-04 20:00:00,Gift Candle,Home,4,17.32,0.0,69.28,Store,South,No,59,4,Plus,Yes,6.6,1,No
CUST-00255,2025-04-05 18:00:00,Phone Stand,Electronics,4,17.2,0.0,68.8,Mobile app,North,No,55,14,Essential,Yes,6.9,2,No
CUST-00133,2025-04-05 20:00:00,Natural Soap Set,Personal Care,1,12.39,0.0,12.39,Mobile app,South,No,43,33,Essential,Yes,8.3,2,No
CUST-00152,2025-04-06 09:00:00,Gift Candle,Home,5,17.63,0.0,88.17,Store,West,No,48,20,Plus,No,7.2,0,Yes
CUST-00225,2025-04-06 10:00:00,Cotton Tote,Accessories,5,14.17,0.05,67.29,Mobile app,East,Yes,43,27,Plus,Yes,9.9,1,No
CUST-00051,2025-04-06 12:00:00,Everyday Coffee,Beverages,2,8.45,0.0,16.9,Store,South,No,59,40,Plus,Yes,8.2,0,No
CUST-00090,2025-04-06 17:00:00,Cotton Tote,Accessories,2,14.13,0.0,28.25,Web,West,No,68,3,Essential,Yes,7.7,0,Yes
CUST-00210,2025-04-07 09:00:00,Travel Mug,Accessories,3,23.17,0.0,69.52,Web,North,No,52,36,Essential,Yes,8.4,1,No
CUST-00055,2025-04-07 11:00:00,Everyday Coffee,Beverages,4,7.96,0.0,31.84,Store,West,No,61,8,Plus,Yes,6.4,4,Yes
CUST-00226,2025-04-07 17:00:00,Wireless Charger,Electronics,4,30.87,0.0,123.48,Web,Central,No,38,45,Essential,Yes,6.4,1,No
CUST-00029,2025-04-07 18:00:00,Cotton Tote,Accessories,4,14.0,0.0,56.0,Web,West,No,45,21,Essential,Yes,7.2,1,No
CUST-00175,2025-04-07 21:00:00,Everyday Coffee,Beverages,2,8.76,0.0,17.52,Web,South,No,33,3,Plus,Yes,6.1,3,Yes
CUST-00242,2025-04-08 08:00:00,Travel Mug,Accessories,2,23.75,0.0,47.51,Web,South,No,52,37,Essential,No,9.1,2,No
CUST-00106,2025-04-08 10:00:00,Herbal Tea,Beverages,2,6.68,0.0,13.36,Web,East,No,67,36,Essential,Yes,5.1,1,No
CUST-00055,2025-04-08 11:00:00,Travel Mug,Accessories,3,20.97,0.0,62.92,Store,West,No,61,8,Plus,Yes,6.4,4,Yes
CUST-00138,2025-04-08 19:00:00,Desk Notebook,Stationery,2,8.75,0.0,17.49,Web,East,No,34,47,Plus,Yes,7.5,1,No
CUST-00153,2025-04-08 19:00:00,Cotton Tote,Accessories,1,14.05,0.0,14.05,Store,West,No,22,48,Essential,Yes,3.6,4,No
CUST-00072,2025-04-08 21:00:00,Phone Stand,Electronics,5,17.5,0.0,87.5,Mobile app,South,No,39,47,Essential,No,7.7,1,No
CUST-00142,2025-04-08 21:00:00,Herbal Tea,Beverages,5,6.89,0.0,34.47,Web,North,No,25,46,Plus,Yes,7.8,1,No
CUST-00291,2025-04-09 09:00:00,Everyday Coffee,Beverages,4,8.82,0.0,35.28,Store,East,No,24,17,Premium,Yes,7.8,1,No
CUST-00249,2025-04-09 17:00:00,Gift Candle,Home,4,17.34,0.0,69.36,Store,North,No,51,40,Essential,Yes,7.3,1,No
CUST-00286,2025-04-09 17:00:00,Herbal Tea,Beverages,4,7.36,0.0,29.45,Mobile app,South,No,47,48,Plus,No,6.3,1,No
CUST-00128,2025-04-10 10:00:00,Cotton Tote,Accessories,5,13.96,0.0,69.79,Mobile app,Central,No,35,32,Essential,Yes,6.2,0,No
CUST-00110,2025-04-10 12:00:00,Phone Stand,Electronics,6,17.04,0.0,102.25,Mobile app,West,No,31,38,Essential,Yes,8.6,1,No
CUST-00237,2025-04-10 14:00:00,Cotton Tote,Accessories,7,14.44,0.0,101.06,Web,South,No,57,22,Essential,Yes,5.9,1,Yes
CUST-00080,2025-04-10 16:00:00,Granola Pack,Grocery,4,6.54,0.0,26.18,Store,East,No,53,37,Essential,Yes,8.1,1,No
CUST-00036,2025-04-10 20:00:00,Wireless Charger,Electronics,1,29.26,0.0,29.26,Web,South,No,63,38,Essential,No,8.3,4,Yes
CUST-00188,2025-04-10 20:00:00,Gift Candle,Home,3,16.4,0.0,49.2,Web,Central,No,65,48,Essential,Yes,6.8,1,No
CUST-00006,2025-04-11 08:00:00,Desk Notebook,Stationery,8,9.01,0.0,72.11,Mobile app,Central,No,57,40,Plus,Yes,6.1,0,No
CUST-00307,2025-04-11 16:00:00,Wireless Charger,Electronics,3,29.69,0.0,89.06,Store,West,Yes,58,22,Plus,Yes,6.8,0,No
CUST-00098,2025-04-11 21:00:00,Cotton Tote,Accessories,2,13.84,0.0,27.67,Web,Central,No,53,41,Essential,No,6.1,0,No
CUST-00260,2025-04-12 08:00:00,Everyday Coffee,Beverages,3,8.92,0.0,26.77,Web,North,No,33,43,Plus,No,7.3,1,No
CUST-00170,2025-04-12 16:00:00,Natural Soap Set,Personal Care,4,11.84,0.0,47.37,Web,West,No,48,35,Essential,Yes,8.1,1,No
CUST-00179,2025-04-12 16:00:00,Desk Notebook,Stationery,5,9.3,0.0,46.49,Web,Central,Yes,68,25,Essential,Yes,5.4,4,Yes
CUST-00231,2025-04-12 21:00:00,Natural Soap Set,Personal Care,1,11.47,0.0,11.47,Mobile app,Central,No,22,35,Essential,Yes,6.3,2,No
CUST-00254,2025-04-13 10:00:00,Gift Candle,Home,3,17.55,0.0,52.66,Mobile app,East,No,28,29,Essential,No,7.2,0,Yes
CUST-00235,2025-04-13 11:00:00,Travel Mug,Accessories,2,24.16,0.0,48.33,Store,North,No,33,9,Premium,No,7.8,3,Yes
CUST-00073,2025-04-13 13:00:00,Phone Stand,Electronics,4,18.08,0.0,72.33,Store,West,No,49,48,Plus,Yes,8.8,3,No
CUST-00239,2025-04-13 14:00:00,Natural Soap Set,Personal Care,2,11.79,0.0,23.58,Web,North,No,68,29,Essential,Yes,7.1,2,No
CUST-00097,2025-04-13 15:00:00,Everyday Coffee,Beverages,2,8.26,0.0,16.51,Web,North,No,51,41,Essential,Yes,4.7,1,No
CUST-00198,2025-04-13 15:00:00,Herbal Tea,Beverages,4,7.11,0.0,28.44,Web,South,No,44,28,Premium,Yes,5.2,1,No
CUST-00256,2025-04-13 17:00:00,Herbal Tea,Beverages,7,7.11,0.0,49.79,Mobile app,East,No,47,25,Plus,Yes,7.2,4,No
CUST-00297,2025-04-13 17:00:00,Herbal Tea,Beverages,4,6.71,0.0,26.85,Web,Central,No,63,4,Plus,Yes,6.4,3,Yes
CUST-00158,2025-04-14 09:00:00,Wireless Charger,Electronics,6,30.08,0.0,180.45,Web,South,No,58,4,Premium,Yes,7.6,2,No
CUST-00071,2025-04-14 11:00:00,Everyday Coffee,Beverages,2,8.12,0.0,16.25,Store,Central,No,47,23,Essential,Yes,10.0,3,No
CUST-00137,2025-04-14 14:00:00,Herbal Tea,Beverages,7,7.44,0.0,52.06,Store,North,Yes,44,22,Essential,Yes,5.8,2,Yes
CUST-00018,2025-04-14 18:00:00,Travel Mug,Accessories,4,22.86,0.0,91.43,Mobile app,West,No,46,6,Essential,No,8.1,0,Yes
CUST-00104,2025-04-15 14:00:00,Desk Notebook,Stationery,3,8.9,0.0,26.69,Mobile app,North,No,58,35,Essential,No,6.3,3,No
CUST-00178,2025-04-15 14:00:00,Granola Pack,Grocery,5,6.92,0.0,34.6,Store,South,No,65,26,Essential,Yes,9.5,1,No
CUST-00015,2025-04-15 15:00:00,Wireless Charger,Electronics,4,28.22,0.0,112.86,Store,South,No,59,4,Plus,Yes,6.6,1,No
CUST-00245,2025-04-15 16:00:00,Travel Mug,Accessories,3,22.14,0.0,66.42,Web,North,No,68,22,Essential,Yes,9.5,0,No
CUST-00197,2025-04-15 18:00:00,Everyday Coffee,Beverages,2,8.82,0.0,17.64,Mobile app,East,No,37,30,Essential,Yes,5.0,1,No
CUST-00018,2025-04-15 19:00:00,Travel Mug,Accessories,2,21.96,0.0,43.93,Mobile app,West,No,46,6,Essential,No,8.1,0,Yes
CUST-00302,2025-04-15 19:00:00,Travel Mug,Accessories,2,20.31,0.0,40.62,Web,West,Yes,22,8,Plus,No,8.3,0,Yes
CUST-00126,2025-04-16 08:00:00,Granola Pack,Grocery,2,7.17,0.0,14.35,Mobile app,Central,Yes,68,11,Plus,Yes,9.6,4,Yes
CUST-00195,2025-04-16 08:00:00,Phone Stand,Electronics,3,17.5,0.0,52.5,Web,South,No,30,11,Essential,Yes,6.0,0,No
CUST-00004,2025-04-16 19:00:00,Everyday Coffee,Beverages,1,8.43,0.0,8.43,Store,North,No,32,43,Essential,Yes,7.9,0,No
CUST-00300,2025-04-16 20:00:00,Travel Mug,Accessories,6,22.1,0.0,132.58,Store,West,No,34,6,Premium,No,8.5,0,Yes
CUST-00126,2025-04-17 11:00:00,Travel Mug,Accessories,4,22.94,0.0,91.78,Mobile app,Central,No,68,11,Plus,Yes,9.6,4,Yes
CUST-00198,2025-04-17 15:00:00,Herbal Tea,Beverages,3,7.54,0.0,22.63,Web,South,No,44,28,Premium,Yes,5.2,1,No
CUST-00006,2025-04-17 16:00:00,Cotton Tote,Accessories,3,13.21,0.0,39.64,Mobile app,Central,No,57,40,Plus,Yes,6.1,0,No
CUST-00029,2025-04-17 18:00:00,Travel Mug,Accessories,2,22.56,0.0,45.12,Web,West,No,45,21,Essential,Yes,7.2,1,No
CUST-00304,2025-04-17 21:00:00,Phone Stand,Electronics,5,17.37,0.0,86.86,Mobile app,East,No,35,20,Premium,Yes,8.3,1,No
CUST-00165,2025-04-18 08:00:00,Everyday Coffee,Beverages,1,8.41,0.0,8.41,Web,West,No,22,5,Plus,No,8.4,0,Yes
CUST-00061,2025-04-18 09:00:00,Phone Stand,Electronics,5,16.69,0.0,83.46,Store,Central,No,24,6,Premium,No,7.4,2,No
CUST-00161,2025-04-18 09:00:00,Granola Pack,Grocery,3,6.41,0.0,19.23,Web,North,No,22,41,Essential,Yes,4.8,0,No
CUST-00229,2025-04-18 10:00:00,Travel Mug,Accessories,4,21.47,0.0,85.88,Web,East,No,68,35,Essential,Yes,7.4,0,No
CUST-00111,2025-04-18 11:00:00,Wireless Charger,Electronics,4,29.89,0.0,119.57,Web,Central,No,39,37,Essential,Yes,8.4,2,No
CUST-00244,2025-04-18 15:00:00,Desk Notebook,Stationery,1,9.33,0.0,9.33,Web,Central,No,51,44,Essential,No,5.7,2,Yes
CUST-00159,2025-04-18 19:00:00,Herbal Tea,Beverages,3,7.47,0.0,22.4,Mobile app,South,No,35,4,Premium,Yes,6.7,0,No
CUST-00183,2025-04-19 21:00:00,Granola Pack,Grocery,7,6.5,0.0,45.52,Mobile app,North,No,44,2,Plus,Yes,5.8,2,Yes
CUST-00065,2025-04-20 08:00:00,Gift Candle,Home,1,18.17,0.0,18.17,Web,East,No,66,17,Essential,Yes,9.0,5,No
CUST-00214,2025-04-20 08:00:00,Herbal Tea,Beverages,4,7.78,0.0,31.11,Web,North,No,47,23,Essential,Yes,9.4,1,No
CUST-00019,2025-04-20 13:00:00,Natural Soap Set,Personal Care,4,11.5,0.0,45.99,Web,West,No,25,26,Essential,No,9.1,3,No
CUST-00149,2025-04-20 13:00:00,Gift Candle,Home,5,17.67,0.0,88.37,Web,North,No,28,43,Essential,Yes,5.0,2,No
CUST-00088,2025-04-20 14:00:00,Travel Mug,Accessories,1,21.64,0.0,21.64,Web,Central,No,57,4,Essential,Yes,7.0,0,No
CUST-00131,2025-04-20 19:00:00,Everyday Coffee,Beverages,3,9.54,0.0,28.61,Web,Central,Yes,28,11,Plus,Yes,6.0,0,No
CUST-00075,2025-04-20 21:00:00,Granola Pack,Grocery,1,6.81,0.0,6.81,Web,West,No,39,17,Plus,Yes,6.5,2,No
CUST-00197,2025-04-21 19:00:00,Natural Soap Set,Personal Care,2,12.87,0.0,25.74,Mobile app,East,No,37,30,Essential,Yes,5.0,1,No
CUST-00071,2025-04-21 20:00:00,Travel Mug,Accessories,2,21.07,0.0,42.14,Store,Central,No,47,23,Essential,Yes,10.0,3,No
CUST-00209,2025-04-21 20:00:00,Granola Pack,Grocery,5,7.18,0.0,35.89,Mobile app,Central,No,35,37,Premium,Yes,7.9,2,No
CUST-00237,2025-04-22 08:00:00,Gift Candle,Home,4,16.97,0.0,67.86,Web,South,No,57,22,Essential,Yes,5.9,1,Yes
CUST-00317,2025-04-22 09:00:00,Phone Stand,Electronics,2,16.13,0.0,32.26,Web,East,No,52,28,Plus,Yes,7.0,1,No
CUST-00162,2025-04-22 14:00:00,Gift Candle,Home,3,17.49,0.0,52.47,Web,East,No,44,23,Essential,Yes,7.2,1,No
CUST-00314,2025-04-22 19:00:00,Granola Pack,Grocery,6,6.94,0.0,41.64,Web,West,No,42,22,Essential,Yes,7.5,5,No
CUST-00075,2025-04-22 21:00:00,Gift Candle,Home,5,18.56,0.05,88.16,Web,West,Yes,39,17,Plus,Yes,6.5,2,No
CUST-00077,2025-04-23 10:00:00,Everyday Coffee,Beverages,5,8.48,0.0,42.38,Mobile app,North,No,44,44,Premium,No,7.8,2,No
CUST-00174,2025-04-23 10:00:00,Granola Pack,Grocery,6,6.59,0.0,39.54,Web,North,No,28,7,Essential,Yes,7.6,4,Yes
CUST-00104,2025-04-23 16:00:00,Granola Pack,Grocery,1,6.83,0.0,6.83,Mobile app,North,No,58,35,Essential,No,6.3,3,No
CUST-00169,2025-04-23 19:00:00,Cotton Tote,Accessories,4,14.91,0.0,59.65,Web,North,No,68,10,Plus,Yes,7.3,0,No
CUST-00312,2025-04-23 19:00:00,Natural Soap Set,Personal Care,2,12.14,0.0,24.28,Web,South,No,53,34,Essential,Yes,10.0,1,No
CUST-00200,2025-04-24 13:00:00,Granola Pack,Grocery,3,6.57,0.0,19.7,Store,South,No,42,21,Plus,No,9.7,1,Yes
CUST-00236,2025-04-24 13:00:00,Gift Candle,Home,5,19.51,0.0,97.53,Store,West,No,61,47,Essential,Yes,9.9,1,No
CUST-00048,2025-04-24 20:00:00,Gift Candle,Home,4,17.06,0.0,68.25,Mobile app,South,No,48,27,Premium,No,7.4,0,No
CUST-00082,2025-04-25 09:00:00,Gift Candle,Home,4,16.62,0.0,66.5,Web,Central,No,31,6,Essential,Yes,7.3,1,Yes
CUST-00223,2025-04-25 12:00:00,Herbal Tea,Beverages,3,7.5,0.0,22.5,Store,North,No,35,9,Premium,Yes,5.2,0,Yes
CUST-00259,2025-04-25 15:00:00,Granola Pack,Grocery,3,6.55,0.0,19.65,Store,East,No,49,47,Essential,No,6.9,1,No
CUST-00009,2025-04-25 16:00:00,Wireless Charger,Electronics,2,29.01,0.0,58.03,Web,West,No,47,7,Premium,No,8.5,1,Yes
CUST-00124,2025-04-25 18:00:00,Gift Candle,Home,3,16.9,0.0,50.69,Mobile app,East,Yes,47,40,Plus,Yes,6.5,2,No
CUST-00228,2025-04-25 19:00:00,Natural Soap Set,Personal Care,2,12.97,0.0,25.94,Store,South,No,58,12,Premium,Yes,9.0,3,No
CUST-00231,2025-04-26 08:00:00,Everyday Coffee,Beverages,1,8.56,0.0,8.56,Mobile app,Central,Yes,22,35,Essential,Yes,6.3,2,No
CUST-00119,2025-04-26 11:00:00,Granola Pack,Grocery,3,7.18,0.0,21.55,Web,West,No,62,5,Essential,Yes,4.7,2,Yes
CUST-00254,2025-04-26 17:00:00,Phone Stand,Electronics,1,18.27,0.0,18.27,Mobile app,East,No,28,29,Essential,No,7.2,0,Yes
CUST-00096,2025-04-26 20:00:00,Everyday Coffee,Beverages,6,8.85,0.0,53.08,Web,South,No,44,18,Essential,Yes,4.7,1,Yes
CUST-00238,2025-04-26 20:00:00,Everyday Coffee,Beverages,3,8.02,0.0,24.07,Mobile app,West,No,37,12,Plus,No,6.7,4,Yes
CUST-00248,2025-04-26 21:00:00,Desk Notebook,Stationery,8,9.93,0.0,79.48,Web,Central,No,21,33,Essential,Yes,5.8,2,No
CUST-00228,2025-04-27 09:00:00,Granola Pack,Grocery,1,6.76,0.0,6.76,Store,South,Yes,58,12,Premium,Yes,9.0,3,No
CUST-00014,2025-04-28 08:00:00,Desk Notebook,Stationery,9,8.78,0.0,79.01,Mobile app,East,Yes,49,37,Plus,No,5.6,0,Yes
CUST-00212,2025-04-28 10:00:00,Natural Soap Set,Personal Care,4,12.76,0.0,51.03,Store,Central,No,31,13,Plus,Yes,10.0,3,No
CUST-00253,2025-04-28 10:00:00,Phone Stand,Electronics,3,17.8,0.0,53.39,Web,East,No,53,7,Essential,Yes,6.7,1,No
CUST-00283,2025-04-28 15:00:00,Herbal Tea,Beverages,8,7.16,0.0,57.31,Store,North,No,56,30,Essential,Yes,5.6,3,No
CUST-00114,2025-04-28 17:00:00,Wireless Charger,Electronics,8,29.39,0.0,235.15,Mobile app,South,No,65,26,Essential,Yes,5.8,2,No
CUST-00051,2025-04-28 18:00:00,Travel Mug,Accessories,5,21.19,0.0,105.95,Store,South,No,59,40,Plus,Yes,8.2,0,No
CUST-00017,2025-04-29 15:00:00,Wireless Charger,Electronics,4,29.53,0.0,118.13,Web,East,No,34,23,Essential,No,6.7,1,No
CUST-00309,2025-05-01 08:00:00,Cotton Tote,Accessories,5,14.33,0.0,71.63,Mobile app,East,No,64,34,Plus,Yes,8.1,1,No
CUST-00049,2025-05-01 10:00:00,Cotton Tote,Accessories,3,14.59,0.0,43.77,Mobile app,North,No,40,47,Plus,Yes,7.0,1,No
CUST-00031,2025-05-01 12:00:00,Granola Pack,Grocery,4,6.66,0.0,26.62,Mobile app,Central,No,60,19,Plus,Yes,8.2,2,No
CUST-00124,2025-05-01 17:00:00,Phone Stand,Electronics,5,16.82,0.0,84.11,Mobile app,East,No,47,40,Plus,Yes,6.5,2,No
CUST-00300,2025-05-01 19:00:00,Herbal Tea,Beverages,3,7.32,0.0,21.97,Store,West,No,34,6,Premium,No,8.5,0,Yes
CUST-00231,2025-05-02 08:00:00,Gift Candle,Home,3,18.94,0.0,56.81,Mobile app,Central,No,22,35,Essential,Yes,6.3,2,No
CUST-00286,2025-05-02 09:00:00,Cotton Tote,Accessories,4,14.57,0.0,58.29,Mobile app,South,No,47,48,Plus,No,6.3,1,No
CUST-00264,2025-05-02 10:00:00,Wireless Charger,Electronics,5,28.75,0.0,143.74,Web,North,No,66,34,Plus,Yes,7.8,1,No
CUST-00298,2025-05-02 12:00:00,Granola Pack,Grocery,1,7.1,0.0,7.1,Mobile app,North,No,30,5,Essential,Yes,8.1,1,Yes
CUST-00304,2025-05-02 12:00:00,Everyday Coffee,Beverages,3,8.76,0.0,26.28,Mobile app,East,No,35,20,Premium,Yes,8.3,1,No
CUST-00077,2025-05-02 14:00:00,Gift Candle,Home,2,18.22,0.0,36.45,Mobile app,North,No,44,44,Premium,No,7.8,2,No
CUST-00039,2025-05-03 08:00:00,Everyday Coffee,Beverages,5,8.19,0.0,40.94,Web,West,No,46,43,Plus,Yes,5.9,0,No
CUST-00161,2025-05-03 09:00:00,Desk Notebook,Stationery,1,8.19,0.0,8.19,Web,North,No,22,41,Essential,Yes,4.8,0,No
CUST-00249,2025-05-03 10:00:00,Everyday Coffee,Beverages,3,9.17,0.0,27.52,Store,North,No,51,40,Essential,Yes,7.3,1,No
CUST-00083,2025-05-03 12:00:00,Everyday Coffee,Beverages,5,8.08,0.0,40.41,Web,East,No,56,16,Plus,Yes,7.5,0,No
CUST-00198,2025-05-03 13:00:00,Phone Stand,Electronics,3,17.59,0.0,52.77,Web,South,Yes,44,28,Premium,Yes,5.2,1,No
CUST-00112,2025-05-03 16:00:00,Herbal Tea,Beverages,4,6.91,0.0,27.66,Web,East,No,37,42,Plus,No,6.3,1,No
CUST-00105,2025-05-03 17:00:00,Desk Notebook,Stationery,8,8.62,0.0,68.97,Mobile app,South,No,51,42,Plus,No,5.6,3,Yes
CUST-00138,2025-05-03 18:00:00,Cotton Tote,Accessories,4,13.81,0.0,55.24,Web,East,No,34,47,Plus,Yes,7.5,1,No
CUST-00046,2025-05-04 08:00:00,Herbal Tea,Beverages,3,7.42,0.0,22.25,Mobile app,West,No,32,29,Plus,Yes,6.3,1,No
CUST-00021,2025-05-04 09:00:00,Gift Candle,Home,5,16.96,0.0,84.78,Mobile app,North,No,51,18,Essential,Yes,7.8,0,No
CUST-00211,2025-05-04 11:00:00,Gift Candle,Home,4,19.45,0.05,73.89,Web,West,Yes,35,44,Essential,Yes,6.7,1,No
CUST-00044,2025-05-04 13:00:00,Desk Notebook,Stationery,3,9.75,0.0,29.25,Web,East,No,66,46,Plus,No,6.9,1,No
CUST-00260,2025-05-04 16:00:00,Cotton Tote,Accessories,1,15.32,0.0,15.32,Web,North,No,33,43,Plus,No,7.3,1,No
CUST-00087,2025-05-05 13:00:00,Natural Soap Set,Personal Care,3,13.07,0.0,39.2,Mobile app,North,No,61,32,Plus,Yes,6.0,1,No
CUST-00289,2025-05-05 15:00:00,Travel Mug,Accessories,1,23.78,0.0,23.78,Mobile app,East,No,49,7,Plus,No,10.0,2,Yes
CUST-00151,2025-05-05 17:00:00,Wireless Charger,Electronics,1,30.3,0.0,30.3,Store,North,No,38,7,Plus,Yes,6.8,2,No
CUST-00106,2025-05-05 19:00:00,Everyday Coffee,Beverages,4,8.21,0.0,32.83,Web,East,No,67,36,Essential,Yes,5.1,1,No
CUST-00184,2025-05-05 21:00:00,Granola Pack,Grocery,4,6.77,0.0,27.09,Mobile app,Central,No,23,45,Plus,No,5.3,0,Yes
CUST-00255,2025-05-06 10:00:00,Everyday Coffee,Beverages,5,8.4,0.0,41.99,Mobile app,North,No,55,14,Essential,Yes,6.9,2,No
CUST-00294,2025-05-06 10:00:00,Cotton Tote,Accessories,3,13.93,0.0,41.79,Web,East,No,58,2,Plus,No,6.8,1,Yes
CUST-00210,2025-05-06 18:00:00,Desk Notebook,Stationery,2,8.46,0.0,16.92,Web,North,No,52,36,Essential,Yes,8.4,1,No
CUST-00125,2025-05-06 19:00:00,Everyday Coffee,Beverages,4,8.26,0.0,33.04,Store,North,No,35,21,Essential,Yes,10.0,1,No
CUST-00120,2025-05-06 21:00:00,Natural Soap Set,Personal Care,2,12.79,0.0,25.58,Web,East,No,53,7,Plus,Yes,7.3,1,Yes
CUST-00229,2025-05-07 08:00:00,Everyday Coffee,Beverages,4,8.22,0.0,32.88,Web,East,No,68,35,Essential,Yes,7.4,0,No
CUST-00209,2025-05-07 13:00:00,Cotton Tote,Accessories,5,14.43,0.0,72.17,Mobile app,Central,No,35,37,Premium,Yes,7.9,2,No
CUST-00162,2025-05-07 20:00:00,Gift Candle,Home,7,17.54,0.0,122.77,Web,East,No,44,23,Essential,Yes,7.2,1,No
CUST-00039,2025-05-08 13:00:00,Gift Candle,Home,1,17.45,0.0,17.45,Web,West,No,46,43,Plus,Yes,5.9,0,No
CUST-00289,2025-05-08 17:00:00,Natural Soap Set,Personal Care,2,12.46,0.0,24.91,Mobile app,East,No,49,7,Plus,No,10.0,2,Yes
CUST-00291,2025-05-09 08:00:00,Cotton Tote,Accessories,3,13.4,0.0,40.2,Store,East,No,24,17,Premium,Yes,7.8,1,No
CUST-00309,2025-05-09 08:00:00,Gift Candle,Home,2,17.62,0.0,35.25,Mobile app,East,Yes,64,34,Plus,Yes,8.1,1,No
CUST-00240,2025-05-09 13:00:00,Gift Candle,Home,1,19.4,0.0,19.4,Store,South,No,30,7,Plus,Yes,7.5,3,Yes
CUST-00232,2025-05-09 15:00:00,Granola Pack,Grocery,2,7.24,0.0,14.48,Mobile app,East,No,42,12,Essential,Yes,5.8,1,Yes
CUST-00219,2025-05-09 19:00:00,Phone Stand,Electronics,2,18.21,0.0,36.41,Web,North,Yes,45,33,Essential,Yes,6.9,2,No
CUST-00189,2025-05-10 08:00:00,Travel Mug,Accessories,4,21.74,0.0,86.95,Mobile app,West,No,53,10,Plus,Yes,7.3,0,No
CUST-00237,2025-05-10 11:00:00,Desk Notebook,Stationery,6,8.45,0.0,50.71,Web,South,No,57,22,Essential,Yes,5.9,1,Yes
CUST-00166,2025-05-10 16:00:00,Gift Candle,Home,1,18.5,0.0,18.5,Store,East,No,50,2,Essential,No,5.5,1,Yes
CUST-00266,2025-05-10 16:00:00,Herbal Tea,Beverages,3,7.27,0.0,21.8,Web,Central,No,57,41,Premium,Yes,8.2,1,No
CUST-00082,2025-05-10 18:00:00,Natural Soap Set,Personal Care,4,12.97,0.0,51.88,Web,Central,No,31,6,Essential,Yes,7.3,1,Yes
CUST-00214,2025-05-11 12:00:00,Gift Candle,Home,3,18.23,0.0,54.69,Web,North,No,47,23,Essential,Yes,9.4,1,No
CUST-00247,2025-05-11 12:00:00,Wireless Charger,Electronics,4,30.43,0.0,121.74,Web,Central,No,68,19,Plus,Yes,7.1,1,No
CUST-00054,2025-05-11 14:00:00,Wireless Charger,Electronics,1,29.41,0.0,29.41,Web,South,No,26,12,Premium,No,6.9,4,Yes
CUST-00133,2025-05-11 16:00:00,Everyday Coffee,Beverages,4,8.33,0.0,33.32,Mobile app,South,No,43,33,Essential,Yes,8.3,2,No
CUST-00197,2025-05-11 17:00:00,Natural Soap Set,Personal Care,4,12.63,0.0,50.52,Mobile app,East,No,37,30,Essential,Yes,5.0,1,No
CUST-00264,2025-05-12 11:00:00,Cotton Tote,Accessories,6,14.51,0.0,87.06,Web,North,No,66,34,Plus,Yes,7.8,1,No
CUST-00198,2025-05-12 12:00:00,Gift Candle,Home,4,17.32,0.0,69.27,Web,South,No,44,28,Premium,Yes,5.2,1,No
CUST-00202,2025-05-12 12:00:00,Travel Mug,Accessories,1,21.55,0.0,21.55,Web,Central,No,65,31,Plus,Yes,7.2,2,No
CUST-00049,2025-05-12 20:00:00,Cotton Tote,Accessories,4,14.99,0.1,53.96,Mobile app,North,Yes,40,47,Plus,Yes,7.0,1,No
CUST-00081,2025-05-12 20:00:00,Desk Notebook,Stationery,2,9.0,0.0,18.0,Web,West,No,30,25,Essential,No,4.4,0,Yes
CUST-00027,2025-05-12 21:00:00,Travel Mug,Accessories,3,20.67,0.0,62.01,Web,Central,No,63,15,Plus,Yes,9.1,1,No
CUST-00243,2025-05-13 10:00:00,Everyday Coffee,Beverages,5,8.21,0.0,41.07,Mobile app,Central,No,61,14,Essential,No,6.5,0,Yes
CUST-00201,2025-05-13 16:00:00,Granola Pack,Grocery,4,6.87,0.0,27.49,Web,South,No,65,18,Plus,Yes,6.6,0,No
CUST-00116,2025-05-13 19:00:00,Travel Mug,Accessories,2,23.07,0.0,46.14,Web,North,No,24,35,Essential,Yes,7.9,2,No
CUST-00203,2025-05-13 20:00:00,Natural Soap Set,Personal Care,4,11.85,0.0,47.41,Web,South,Yes,31,5,Plus,Yes,9.3,2,No
CUST-00168,2025-05-14 11:00:00,Herbal Tea,Beverages,2,7.57,0.0,15.14,Store,Central,No,68,27,Essential,Yes,6.8,1,No
CUST-00231,2025-05-14 12:00:00,Gift Candle,Home,4,19.84,0.0,79.35,Mobile app,Central,No,22,35,Essential,Yes,6.3,2,No
CUST-00283,2025-05-14 13:00:00,Phone Stand,Electronics,3,16.32,0.0,48.96,Store,North,No,56,30,Essential,Yes,5.6,3,No
CUST-00078,2025-05-14 21:00:00,Cotton Tote,Accessories,2,14.59,0.0,29.18,Store,West,Yes,35,9,Essential,No,7.0,1,Yes
CUST-00166,2025-05-14 21:00:00,Phone Stand,Electronics,5,16.64,0.0,83.21,Store,East,No,50,2,Essential,No,5.5,1,Yes
CUST-00134,2025-05-15 18:00:00,Wireless Charger,Electronics,4,29.27,0.0,117.1,Mobile app,North,No,23,31,Essential,Yes,6.7,0,No
CUST-00176,2025-05-16 10:00:00,Granola Pack,Grocery,4,6.94,0.0,27.75,Mobile app,East,Yes,67,35,Essential,Yes,6.7,0,No
CUST-00263,2025-05-16 12:00:00,Desk Notebook,Stationery,4,8.44,0.0,33.77,Web,East,No,40,19,Plus,No,8.2,0,Yes
CUST-00284,2025-05-16 13:00:00,Everyday Coffee,Beverages,6,8.17,0.0,49.04,Mobile app,Central,No,21,11,Premium,Yes,6.5,1,No
CUST-00095,2025-05-16 19:00:00,Gift Candle,Home,5,18.1,0.05,85.99,Web,North,Yes,33,2,Plus,No,6.3,2,Yes
CUST-00253,2025-05-16 19:00:00,Herbal Tea,Beverages,1,7.23,0.0,7.23,Web,East,Yes,53,7,Essential,Yes,6.7,1,No
CUST-00291,2025-05-17 12:00:00,Everyday Coffee,Beverages,2,8.41,0.0,16.82,Store,East,Yes,24,17,Premium,Yes,7.8,1,No
CUST-00070,2025-05-17 20:00:00,Herbal Tea,Beverages,5,7.31,0.0,36.56,Mobile app,North,No,61,45,Essential,No,9.7,0,No
CUST-00295,2025-05-18 09:00:00,Natural Soap Set,Personal Care,5,11.22,0.0,56.09,Web,East,Yes,40,36,Plus,Yes,5.0,1,No
CUST-00160,2025-05-18 11:00:00,Desk Notebook,Stationery,4,9.29,0.0,37.16,Web,North,No,29,10,Premium,Yes,5.3,2,No
CUST-00080,2025-05-18 13:00:00,Wireless Charger,Electronics,6,28.21,0.0,169.27,Store,East,No,53,37,Essential,Yes,8.1,1,No
CUST-00003,2025-05-18 20:00:00,Phone Stand,Electronics,3,16.57,0.0,49.7,Web,North,No,35,44,Premium,Yes,8.1,0,No
CUST-00154,2025-05-18 21:00:00,Gift Candle,Home,4,19.92,0.05,75.7,Mobile app,Central,Yes,21,39,Plus,Yes,6.2,5,No
CUST-00029,2025-05-19 09:00:00,Desk Notebook,Stationery,3,8.92,0.1,24.07,Web,West,Yes,45,21,Essential,Yes,7.2,1,No
CUST-00270,2025-05-19 09:00:00,Cotton Tote,Accessories,2,14.46,0.0,28.91,Store,East,No,50,9,Essential,No,5.4,2,Yes
CUST-00299,2025-05-19 10:00:00,Everyday Coffee,Beverages,2,9.19,0.0,18.39,Store,South,Yes,23,26,Essential,Yes,5.8,2,Yes
CUST-00102,2025-05-19 11:00:00,Wireless Charger,Electronics,4,27.57,0.0,110.27,Store,West,No,29,6,Essential,Yes,8.2,1,No
CUST-00248,2025-05-19 19:00:00,Wireless Charger,Electronics,5,28.44,0.0,142.21,Web,Central,No,21,33,Essential,Yes,5.8,2,No
CUST-00043,2025-05-20 10:00:00,Herbal Tea,Beverages,2,7.4,0.0,14.79,Store,Central,No,55,41,Plus,No,7.9,0,No
CUST-00104,2025-05-20 12:00:00,Natural Soap Set,Personal Care,4,12.64,0.0,50.58,Mobile app,North,No,58,35,Essential,No,6.3,3,No
CUST-00287,2025-05-20 12:00:00,Wireless Charger,Electronics,1,30.8,0.0,30.8,Mobile app,West,No,52,40,Plus,Yes,9.2,2,No
CUST-00314,2025-05-20 16:00:00,Cotton Tote,Accessories,3,15.02,0.0,45.07,Web,West,No,42,22,Essential,Yes,7.5,5,No
CUST-00155,2025-05-20 21:00:00,Cotton Tote,Accessories,2,15.75,0.0,31.5,Web,North,No,26,8,Plus,No,6.5,1,Yes
CUST-00074,2025-05-21 09:00:00,Wireless Charger,Electronics,2,28.09,0.0,56.17,Mobile app,South,No,55,37,Plus,Yes,9.4,2,No
CUST-00125,2025-05-21 14:00:00,Wireless Charger,Electronics,3,30.83,0.0,92.48,Store,North,No,35,21,Essential,Yes,10.0,1,No
CUST-00171,2025-05-21 14:00:00,Natural Soap Set,Personal Care,6,12.68,0.0,76.09,Web,West,No,22,25,Essential,Yes,8.2,0,No
CUST-00238,2025-05-21 21:00:00,Gift Candle,Home,3,17.62,0.0,52.87,Mobile app,West,No,37,12,Plus,No,6.7,4,Yes
CUST-00279,2025-05-21 21:00:00,Desk Notebook,Stationery,4,8.78,0.0,35.1,Store,North,No,32,16,Essential,Yes,7.7,1,No
CUST-00181,2025-05-22 14:00:00,Wireless Charger,Electronics,2,30.51,0.0,61.01,Mobile app,South,Yes,49,20,Plus,Yes,8.6,1,No
CUST-00269,2025-05-22 14:00:00,Wireless Charger,Electronics,1,31.15,0.0,31.15,Web,Central,No,53,33,Essential,No,7.2,2,No
CUST-00018,2025-05-22 19:00:00,Desk Notebook,Stationery,2,8.7,0.0,17.4,Mobile app,West,No,46,6,Essential,No,8.1,0,Yes
CUST-00041,2025-05-22 19:00:00,Everyday Coffee,Beverages,1,8.4,0.0,8.4,Store,West,Yes,68,14,Essential,Yes,6.7,2,No
CUST-00171,2025-05-22 20:00:00,Cotton Tote,Accessories,8,15.09,0.0,120.73,Web,West,Yes,22,25,Essential,Yes,8.2,0,No
CUST-00194,2025-05-23 13:00:00,Herbal Tea,Beverages,3,6.43,0.0,19.3,Store,West,No,58,29,Essential,Yes,6.9,3,No
CUST-00246,2025-05-23 18:00:00,Granola Pack,Grocery,2,6.47,0.0,12.94,Web,East,No,50,48,Essential,No,9.1,2,No
CUST-00012,2025-05-24 13:00:00,Wireless Charger,Electronics,7,29.72,0.0,208.04,Mobile app,South,No,65,19,Plus,Yes,6.6,3,No
CUST-00071,2025-05-24 20:00:00,Everyday Coffee,Beverages,4,8.14,0.0,32.54,Store,Central,No,47,23,Essential,Yes,10.0,3,No
CUST-00084,2025-05-24 20:00:00,Natural Soap Set,Personal Care,2,12.67,0.0,25.33,Web,West,No,68,5,Essential,Yes,6.2,0,No
CUST-00217,2025-05-25 09:00:00,Travel Mug,Accessories,5,21.8,0.0,108.98,Mobile app,Central,No,47,44,Plus,Yes,7.5,0,No
CUST-00138,2025-05-25 11:00:00,Phone Stand,Electronics,2,16.68,0.1,30.03,Web,East,Yes,34,47,Plus,Yes,7.5,1,No
CUST-00308,2025-05-25 18:00:00,Cotton Tote,Accessories,3,15.15,0.0,45.45,Web,East,No,36,25,Essential,No,8.0,4,Yes
CUST-00043,2025-05-26 08:00:00,Natural Soap Set,Personal Care,3,11.51,0.0,34.54,Store,Central,No,55,41,Plus,No,7.9,0,No
CUST-00164,2025-05-26 10:00:00,Wireless Charger,Electronics,7,29.11,0.15,173.18,Web,East,Yes,38,14,Premium,Yes,7.1,2,No
CUST-00107,2025-05-26 15:00:00,Natural Soap Set,Personal Care,3,11.87,0.0,35.6,Mobile app,Central,No,32,4,Plus,Yes,7.5,1,Yes
CUST-00123,2025-05-26 17:00:00,Natural Soap Set,Personal Care,2,12.54,0.0,25.08,Mobile app,Central,No,31,44,Premium,Yes,5.9,1,No
CUST-00276,2025-05-26 17:00:00,Herbal Tea,Beverages,4,6.91,0.0,27.63,Mobile app,Central,No,67,27,Plus,Yes,5.3,0,No
CUST-00040,2025-05-27 11:00:00,Natural Soap Set,Personal Care,4,12.14,0.0,48.55,Mobile app,East,No,64,37,Essential,Yes,9.2,2,No
CUST-00285,2025-05-27 15:00:00,Gift Candle,Home,5,18.03,0.0,90.14,Web,South,No,43,12,Plus,Yes,7.0,0,No
CUST-00103,2025-05-27 17:00:00,Natural Soap Set,Personal Care,1,12.04,0.0,12.04,Mobile app,North,No,65,34,Essential,No,5.7,0,Yes
CUST-00040,2025-05-27 18:00:00,Desk Notebook,Stationery,2,9.36,0.0,18.72,Mobile app,East,No,64,37,Essential,Yes,9.2,2,No
CUST-00268,2025-05-27 18:00:00,Everyday Coffee,Beverages,2,8.86,0.0,17.73,Web,Central,No,65,42,Plus,Yes,8.7,0,No
CUST-00275,2025-05-28 10:00:00,Travel Mug,Accessories,2,23.0,0.0,46.0,Web,West,No,58,39,Premium,Yes,8.3,3,No
CUST-00071,2025-05-28 15:00:00,Travel Mug,Accessories,3,22.41,0.0,67.24,Store,Central,No,47,23,Essential,Yes,10.0,3,No
CUST-00179,2025-05-28 18:00:00,Travel Mug,Accessories,6,22.04,0.0,132.21,Web,Central,No,68,25,Essential,Yes,5.4,4,Yes
CUST-00006,2025-05-29 13:00:00,Cotton Tote,Accessories,1,13.58,0.0,13.58,Mobile app,Central,No,57,40,Plus,Yes,6.1,0,No
CUST-00118,2025-05-29 15:00:00,Everyday Coffee,Beverages,5,8.02,0.0,40.12,Web,North,No,38,30,Plus,Yes,9.2,1,No
CUST-00082,2025-05-29 17:00:00,Natural Soap Set,Personal Care,3,12.79,0.0,38.36,Web,Central,No,31,6,Essential,Yes,7.3,1,Yes
CUST-00060,2025-05-30 13:00:00,Everyday Coffee,Beverages,2,7.88,0.0,15.76,Web,South,No,25,39,Essential,Yes,6.5,1,No
CUST-00179,2025-05-30 14:00:00,Phone Stand,Electronics,3,18.22,0.0,54.66,Web,Central,Yes,68,25,Essential,Yes,5.4,4,Yes
CUST-00090,2025-05-30 18:00:00,Travel Mug,Accessories,2,23.2,0.0,46.39,Web,West,No,68,3,Essential,Yes,7.7,0,Yes
CUST-00072,2025-06-01 13:00:00,Cotton Tote,Accessories,5,13.94,0.0,69.7,Mobile app,South,No,39,47,Essential,No,7.7,1,No
CUST-00007,2025-06-01 15:00:00,Desk Notebook,Stationery,4,8.81,0.0,35.25,Store,North,No,44,16,Essential,Yes,8.2,2,No
CUST-00311,2025-06-01 16:00:00,Phone Stand,Electronics,7,17.75,0.0,124.28,Web,Central,No,66,42,Plus,Yes,6.1,2,No
CUST-00181,2025-06-02 17:00:00,Travel Mug,Accessories,1,22.82,0.0,22.82,Mobile app,South,No,49,20,Plus,Yes,8.6,1,No
CUST-00159,2025-06-02 18:00:00,Everyday Coffee,Beverages,2,8.52,0.0,17.04,Mobile app,South,No,35,4,Premium,Yes,6.7,0,No
CUST-00256,2025-06-02 20:00:00,Natural Soap Set,Personal Care,3,12.39,0.15,31.6,Mobile app,East,Yes,47,25,Plus,Yes,7.2,4,No
CUST-00005,2025-06-03 10:00:00,Natural Soap Set,Personal Care,2,13.05,0.15,22.18,Mobile app,West,Yes,55,24,Essential,No,9.2,1,Yes
CUST-00055,2025-06-03 12:00:00,Cotton Tote,Accessories,3,15.12,0.0,45.36,Store,West,No,61,8,Plus,Yes,6.4,4,Yes
CUST-00235,2025-06-03 15:00:00,Herbal Tea,Beverages,8,6.96,0.0,55.68,Store,North,No,33,9,Premium,No,7.8,3,Yes
CUST-00288,2025-06-04 09:00:00,Everyday Coffee,Beverages,2,8.61,0.1,15.5,Store,North,Yes,27,2,Essential,No,5.6,1,Yes
CUST-00028,2025-06-04 11:00:00,Granola Pack,Grocery,4,7.1,0.0,28.4,Mobile app,South,No,34,17,Premium,Yes,6.8,2,No
CUST-00076,2025-06-04 15:00:00,Natural Soap Set,Personal Care,4,12.7,0.0,50.79,Mobile app,East,No,31,32,Essential,Yes,9.3,3,No
CUST-00071,2025-06-04 18:00:00,Travel Mug,Accessories,2,22.39,0.0,44.78,Store,Central,No,47,23,Essential,Yes,10.0,3,No
CUST-00015,2025-06-04 19:00:00,Granola Pack,Grocery,3,6.79,0.0,20.37,Store,South,Yes,59,4,Plus,Yes,6.6,1,No
CUST-00049,2025-06-04 21:00:00,Gift Candle,Home,4,17.99,0.0,71.98,Mobile app,North,No,40,47,Plus,Yes,7.0,1,No
CUST-00029,2025-06-05 14:00:00,Phone Stand,Electronics,4,18.35,0.1,66.05,Web,West,Yes,45,21,Essential,Yes,7.2,1,No
CUST-00073,2025-06-05 14:00:00,Granola Pack,Grocery,1,6.59,0.0,6.59,Store,West,No,49,48,Plus,Yes,8.8,3,No
CUST-00263,2025-06-05 17:00:00,Cotton Tote,Accessories,1,14.57,0.0,14.57,Web,East,No,40,19,Plus,No,8.2,0,Yes
CUST-00063,2025-06-06 11:00:00,Desk Notebook,Stationery,6,9.04,0.0,54.24,Web,East,No,25,38,Essential,Yes,7.5,0,No
CUST-00215,2025-06-06 11:00:00,Cotton Tote,Accessories,5,14.66,0.0,73.32,Web,East,No,62,45,Essential,Yes,7.7,0,No
CUST-00065,2025-06-06 13:00:00,Cotton Tote,Accessories,1,14.33,0.0,14.33,Web,East,No,66,17,Essential,Yes,9.0,5,No
CUST-00186,2025-06-06 20:00:00,Cotton Tote,Accessories,5,14.22,0.1,63.97,Mobile app,North,Yes,63,22,Plus,Yes,7.6,2,No
CUST-00141,2025-06-07 08:00:00,Herbal Tea,Beverages,2,6.49,0.0,12.98,Web,West,No,26,31,Premium,No,5.4,4,Yes
CUST-00233,2025-06-07 11:00:00,Granola Pack,Grocery,2,6.69,0.0,13.38,Mobile app,South,No,52,32,Essential,No,6.4,2,No
CUST-00164,2025-06-07 14:00:00,Granola Pack,Grocery,1,6.51,0.0,6.51,Web,East,No,38,14,Premium,Yes,7.1,2,No
CUST-00196,2025-06-07 19:00:00,Wireless Charger,Electronics,3,27.15,0.0,81.45,Web,West,No,52,2,Essential,Yes,8.1,3,Yes
CUST-00224,2025-06-07 21:00:00,Herbal Tea,Beverages,5,7.08,0.0,35.42,Web,Central,No,22,33,Plus,Yes,5.7,1,No
CUST-00110,2025-06-08 11:00:00,Natural Soap Set,Personal Care,4,12.35,0.0,49.42,Mobile app,West,No,31,38,Essential,Yes,8.6,1,No
CUST-00262,2025-06-08 12:00:00,Natural Soap Set,Personal Care,3,11.6,0.0,34.81,Mobile app,South,No,25,41,Essential,Yes,6.6,2,No
CUST-00279,2025-06-08 13:00:00,Phone Stand,Electronics,7,18.16,0.0,127.15,Store,North,No,32,16,Essential,Yes,7.7,1,No
CUST-00292,2025-06-08 13:00:00,Cotton Tote,Accessories,2,15.28,0.05,29.03,Web,South,Yes,21,38,Essential,Yes,9.6,0,No
CUST-00040,2025-06-08 14:00:00,Travel Mug,Accessories,4,22.2,0.1,79.92,Mobile app,East,Yes,64,37,Essential,Yes,9.2,2,No
CUST-00270,2025-06-08 14:00:00,Herbal Tea,Beverages,4,6.9,0.0,27.61,Store,East,No,50,9,Essential,No,5.4,2,Yes
CUST-00147,2025-06-08 18:00:00,Travel Mug,Accessories,3,20.48,0.0,61.43,Store,Central,No,45,14,Plus,Yes,6.9,1,No
CUST-00314,2025-06-08 19:00:00,Herbal Tea,Beverages,4,6.83,0.0,27.32,Web,West,No,42,22,Essential,Yes,7.5,5,No
CUST-00004,2025-06-09 10:00:00,Gift Candle,Home,3,16.88,0.0,50.63,Store,North,No,32,43,Essential,Yes,7.9,0,No
CUST-00312,2025-06-09 13:00:00,Herbal Tea,Beverages,2,7.44,0.0,14.89,Web,South,No,53,34,Essential,Yes,10.0,1,No
CUST-00071,2025-06-09 16:00:00,Granola Pack,Grocery,1,6.69,0.0,6.69,Store,Central,No,47,23,Essential,Yes,10.0,3,No
CUST-00264,2025-06-09 21:00:00,Natural Soap Set,Personal Care,3,12.98,0.0,38.93,Web,North,No,66,34,Plus,Yes,7.8,1,No
CUST-00017,2025-06-10 09:00:00,Travel Mug,Accessories,3,20.66,0.0,61.97,Web,East,No,34,23,Essential,No,6.7,1,No
CUST-00083,2025-06-10 10:00:00,Everyday Coffee,Beverages,1,8.12,0.0,8.12,Web,East,No,56,16,Plus,Yes,7.5,0,No
CUST-00312,2025-06-10 15:00:00,Wireless Charger,Electronics,5,27.66,0.0,138.32,Web,South,No,53,34,Essential,Yes,10.0,1,No
CUST-00101,2025-06-10 17:00:00,Phone Stand,Electronics,2,17.78,0.0,35.57,Mobile app,West,No,41,3,Essential,Yes,9.0,1,No
CUST-00058,2025-06-10 19:00:00,Herbal Tea,Beverages,2,7.01,0.0,14.03,Store,South,No,30,17,Essential,Yes,4.7,1,Yes
CUST-00168,2025-06-11 08:00:00,Gift Candle,Home,1,18.91,0.0,18.91,Store,Central,No,68,27,Essential,Yes,6.8,1,No
CUST-00003,2025-06-11 13:00:00,Everyday Coffee,Beverages,3,8.59,0.0,25.76,Web,North,No,35,44,Premium,Yes,8.1,0,No
CUST-00111,2025-06-11 14:00:00,Granola Pack,Grocery,4,6.78,0.0,27.13,Web,Central,No,39,37,Essential,Yes,8.4,2,No
CUST-00098,2025-06-11 18:00:00,Gift Candle,Home,2,18.32,0.0,36.63,Web,Central,Yes,53,41,Essential,No,6.1,0,No
CUST-00019,2025-06-11 21:00:00,Travel Mug,Accessories,4,21.89,0.0,87.57,Web,West,No,25,26,Essential,No,9.1,3,No
CUST-00303,2025-06-12 12:00:00,Natural Soap Set,Personal Care,5,13.53,0.0,67.66,Web,West,No,53,20,Essential,No,10.0,0,Yes
CUST-00289,2025-06-12 15:00:00,Wireless Charger,Electronics,2,30.75,0.0,61.5,Mobile app,East,No,49,7,Plus,No,10.0,2,Yes
CUST-00206,2025-06-12 21:00:00,Natural Soap Set,Personal Care,3,12.68,0.0,38.04,Web,Central,No,25,28,Plus,No,10.0,1,No
CUST-00008,2025-06-13 10:00:00,Herbal Tea,Beverages,3,7.64,0.0,22.93,Store,North,No,50,23,Premium,No,6.9,1,No
CUST-00251,2025-06-13 14:00:00,Natural Soap Set,Personal Care,5,12.45,0.0,62.26,Web,West,No,22,29,Plus,Yes,9.4,0,No
CUST-00042,2025-06-13 15:00:00,Cotton Tote,Accessories,4,14.61,0.0,58.46,Mobile app,North,No,67,21,Essential,Yes,9.0,0,No
CUST-00269,2025-06-13 16:00:00,Gift Candle,Home,3,16.21,0.1,43.75,Web,Central,Yes,53,33,Essential,No,7.2,2,No
CUST-00235,2025-06-13 17:00:00,Desk Notebook,Stationery,1,8.75,0.0,8.75,Store,North,No,33,9,Premium,No,7.8,3,Yes
CUST-00004,2025-06-13 18:00:00,Phone Stand,Electronics,6,17.43,0.0,104.56,Store,North,No,32,43,Essential,Yes,7.9,0,No
CUST-00127,2025-06-13 19:00:00,Cotton Tote,Accessories,2,14.47,0.0,28.94,Web,West,No,66,24,Essential,No,8.4,2,No
CUST-00128,2025-06-13 20:00:00,Granola Pack,Grocery,4,6.87,0.0,27.46,Mobile app,Central,No,35,32,Essential,Yes,6.2,0,No
CUST-00187,2025-06-13 21:00:00,Granola Pack,Grocery,1,6.96,0.0,6.96,Mobile app,West,No,46,42,Premium,No,8.3,0,No
CUST-00234,2025-06-13 21:00:00,Gift Candle,Home,3,17.34,0.0,52.02,Web,West,No,29,44,Essential,No,6.6,3,No
CUST-00222,2025-06-14 08:00:00,Natural Soap Set,Personal Care,1,12.46,0.0,12.46,Web,Central,No,24,11,Premium,No,8.0,1,Yes
CUST-00206,2025-06-14 11:00:00,Wireless Charger,Electronics,1,28.09,0.0,28.09,Web,Central,No,25,28,Plus,No,10.0,1,No
CUST-00006,2025-06-15 17:00:00,Natural Soap Set,Personal Care,1,13.11,0.0,13.11,Mobile app,Central,No,57,40,Plus,Yes,6.1,0,No
CUST-00077,2025-06-15 18:00:00,Herbal Tea,Beverages,4,6.73,0.0,26.9,Mobile app,North,No,44,44,Premium,No,7.8,2,No
CUST-00163,2025-06-15 19:00:00,Herbal Tea,Beverages,6,7.48,0.0,44.85,Mobile app,North,No,63,40,Plus,Yes,9.2,1,No
CUST-00115,2025-06-15 20:00:00,Granola Pack,Grocery,5,7.29,0.0,36.45,Web,West,No,66,6,Plus,Yes,7.2,2,No
CUST-00268,2025-06-16 16:00:00,Granola Pack,Grocery,5,6.76,0.0,33.82,Web,Central,No,65,42,Plus,Yes,8.7,0,No
CUST-00227,2025-06-16 18:00:00,Natural Soap Set,Personal Care,4,12.73,0.0,50.9,Mobile app,West,No,23,40,Plus,Yes,9.3,1,No
CUST-00182,2025-06-16 19:00:00,Desk Notebook,Stationery,2,8.6,0.0,17.21,Mobile app,East,No,67,5,Essential,Yes,8.1,0,No
CUST-00117,2025-06-16 20:00:00,Phone Stand,Electronics,4,17.84,0.0,71.34,Mobile app,West,No,64,27,Essential,No,4.5,1,Yes
CUST-00174,2025-06-17 08:00:00,Cotton Tote,Accessories,2,14.06,0.0,28.11,Web,North,No,28,7,Essential,Yes,7.6,4,Yes
CUST-00007,2025-06-17 14:00:00,Natural Soap Set,Personal Care,2,13.53,0.0,27.06,Store,North,No,44,16,Essential,Yes,8.2,2,No
CUST-00101,2025-06-17 16:00:00,Natural Soap Set,Personal Care,2,12.98,0.0,25.96,Mobile app,West,No,41,3,Essential,Yes,9.0,1,No
CUST-00190,2025-06-17 16:00:00,Phone Stand,Electronics,5,17.89,0.0,89.45,Store,Central,No,59,15,Plus,Yes,6.6,4,Yes
CUST-00189,2025-06-18 10:00:00,Cotton Tote,Accessories,2,14.73,0.0,29.45,Mobile app,West,No,53,10,Plus,Yes,7.3,0,No
CUST-00204,2025-06-18 13:00:00,Desk Notebook,Stationery,2,9.24,0.0,18.48,Mobile app,South,No,50,4,Essential,Yes,5.4,1,Yes
CUST-00066,2025-06-18 18:00:00,Gift Candle,Home,1,16.91,0.0,16.91,Mobile app,North,No,36,31,Essential,Yes,6.4,0,No
CUST-00313,2025-06-18 19:00:00,Cotton Tote,Accessories,2,15.34,0.0,30.69,Mobile app,Central,Yes,53,10,Essential,No,8.1,2,Yes
CUST-00106,2025-06-18 21:00:00,Cotton Tote,Accessories,5,14.7,0.0,73.48,Web,East,No,67,36,Essential,Yes,5.1,1,No
CUST-00300,2025-06-19 09:00:00,Wireless Charger,Electronics,1,26.59,0.0,26.59,Store,West,No,34,6,Premium,No,8.5,0,Yes
CUST-00234,2025-06-19 11:00:00,Gift Candle,Home,6,17.02,0.0,102.09,Web,West,No,29,44,Essential,No,6.6,3,No
CUST-00133,2025-06-19 13:00:00,Everyday Coffee,Beverages,7,8.45,0.0,59.18,Mobile app,South,No,43,33,Essential,Yes,8.3,2,No
CUST-00260,2025-06-19 14:00:00,Gift Candle,Home,7,18.1,0.0,126.7,Web,North,No,33,43,Plus,No,7.3,1,No
CUST-00024,2025-06-19 17:00:00,Granola Pack,Grocery,3,6.35,0.0,19.05,Store,Central,No,59,17,Plus,Yes,5.3,2,Yes
CUST-00230,2025-06-19 18:00:00,Natural Soap Set,Personal Care,5,12.43,0.0,62.16,Store,West,No,26,36,Plus,Yes,9.4,2,No
CUST-00050,2025-06-19 19:00:00,Travel Mug,Accessories,2,23.28,0.0,46.57,Mobile app,East,No,36,9,Plus,No,7.5,3,Yes
CUST-00151,2025-06-19 20:00:00,Gift Candle,Home,1,17.71,0.0,17.71,Store,North,No,38,7,Plus,Yes,6.8,2,No
CUST-00063,2025-06-20 16:00:00,Gift Candle,Home,4,17.96,0.0,71.86,Web,East,No,25,38,Essential,Yes,7.5,0,No
CUST-00317,2025-06-20 18:00:00,Gift Candle,Home,5,18.21,0.0,91.07,Web,East,Yes,52,28,Plus,Yes,7.0,1,No
CUST-00315,2025-06-21 12:00:00,Gift Candle,Home,6,16.35,0.0,98.13,Mobile app,East,No,36,32,Premium,Yes,6.7,1,No
CUST-00181,2025-06-21 14:00:00,Travel Mug,Accessories,2,21.88,0.0,43.76,Mobile app,South,No,49,20,Plus,Yes,8.6,1,No
CUST-00123,2025-06-21 15:00:00,Wireless Charger,Electronics,6,30.25,0.0,181.49,Mobile app,Central,No,31,44,Premium,Yes,5.9,1,No
CUST-00128,2025-06-21 17:00:00,Cotton Tote,Accessories,1,14.2,0.0,14.2,Mobile app,Central,No,35,32,Essential,Yes,6.2,0,No
CUST-00061,2025-06-22 09:00:00,Travel Mug,Accessories,2,23.16,0.0,46.31,Store,Central,No,24,6,Premium,No,7.4,2,No
CUST-00190,2025-06-22 11:00:00,Natural Soap Set,Personal Care,3,11.43,0.0,34.29,Store,Central,No,59,15,Plus,Yes,6.6,4,Yes
CUST-00320,2025-06-22 11:00:00,Phone Stand,Electronics,4,16.1,0.0,64.4,Mobile app,West,No,37,28,Plus,Yes,7.8,0,No
CUST-00028,2025-06-22 21:00:00,Everyday Coffee,Beverages,5,9.42,0.0,47.08,Mobile app,South,No,34,17,Premium,Yes,6.8,2,No
CUST-00141,2025-06-23 08:00:00,Natural Soap Set,Personal Care,2,12.58,0.0,25.16,Web,West,No,26,31,Premium,No,5.4,4,Yes
CUST-00193,2025-06-23 08:00:00,Cotton Tote,Accessories,4,15.11,0.0,60.46,Web,East,Yes,33,12,Essential,Yes,9.6,0,No
CUST-00087,2025-06-23 09:00:00,Desk Notebook,Stationery,2,8.77,0.0,17.54,Mobile app,North,No,61,32,Plus,Yes,6.0,1,No
CUST-00093,2025-06-23 16:00:00,Phone Stand,Electronics,5,17.91,0.0,89.55,Mobile app,Central,No,25,45,Plus,Yes,7.9,4,No
CUST-00119,2025-06-23 17:00:00,Gift Candle,Home,2,18.36,0.0,36.72,Web,West,Yes,62,5,Essential,Yes,4.7,2,Yes
CUST-00011,2025-06-23 20:00:00,Gift Candle,Home,5,18.21,0.0,91.05,Mobile app,East,No,65,47,Premium,No,4.8,1,No
CUST-00057,2025-06-23 20:00:00,Wireless Charger,Electronics,6,29.41,0.0,176.45,Web,East,No,48,38,Premium,Yes,7.6,2,No
CUST-00175,2025-06-23 20:00:00,Desk Notebook,Stationery,3,8.81,0.0,26.44,Web,South,No,33,3,Plus,Yes,6.1,3,Yes
CUST-00097,2025-06-23 21:00:00,Natural Soap Set,Personal Care,5,12.7,0.0,63.48,Web,North,No,51,41,Essential,Yes,4.7,1,No
CUST-00203,2025-06-24 14:00:00,Gift Candle,Home,4,19.44,0.0,77.76,Web,South,No,31,5,Plus,Yes,9.3,2,No
CUST-00081,2025-06-24 17:00:00,Travel Mug,Accessories,4,22.32,0.0,89.3,Web,West,No,30,25,Essential,No,4.4,0,Yes
CUST-00038,2025-06-24 18:00:00,Gift Candle,Home,7,17.06,0.0,119.42,Mobile app,East,No,28,17,Plus,Yes,7.5,0,No
CUST-00020,2025-06-25 08:00:00,Desk Notebook,Stationery,6,8.86,0.0,53.15,Store,West,No,26,12,Premium,Yes,8.6,2,No
CUST-00061,2025-06-25 13:00:00,Phone Stand,Electronics,3,16.51,0.0,49.54,Store,Central,No,24,6,Premium,No,7.4,2,No
CUST-00016,2025-06-25 14:00:00,Phone Stand,Electronics,2,16.93,0.0,33.86,Mobile app,South,No,52,18,Essential,Yes,8.8,0,No
CUST-00159,2025-06-25 14:00:00,Gift Candle,Home,3,18.16,0.0,54.49,Mobile app,South,No,35,4,Premium,Yes,6.7,0,No
CUST-00139,2025-06-25 19:00:00,Natural Soap Set,Personal Care,6,12.45,0.05,70.95,Web,North,Yes,52,6,Premium,Yes,7.1,2,No
CUST-00218,2025-06-25 21:00:00,Cotton Tote,Accessories,2,14.42,0.0,28.84,Mobile app,South,No,27,8,Plus,Yes,6.2,1,No
CUST-00248,2025-06-26 12:00:00,Everyday Coffee,Beverages,3,8.83,0.0,26.49,Web,Central,No,21,33,Essential,Yes,5.8,2,No
CUST-00045,2025-06-26 13:00:00,Cotton Tote,Accessories,5,14.65,0.0,73.27,Store,Central,No,59,25,Plus,No,9.0,1,Yes
CUST-00073,2025-06-26 20:00:00,Granola Pack,Grocery,9,6.58,0.0,59.23,Store,West,No,49,48,Plus,Yes,8.8,3,No
CUST-00276,2025-06-27 08:00:00,Cotton Tote,Accessories,3,15.8,0.0,47.4,Mobile app,Central,No,67,27,Plus,Yes,5.3,0,No
CUST-00125,2025-06-27 10:00:00,Desk Notebook,Stationery,1,8.49,0.0,8.49,Store,North,No,35,21,Essential,Yes,10.0,1,No
CUST-00286,2025-06-27 12:00:00,Phone Stand,Electronics,5,16.22,0.0,81.1,Mobile app,South,No,47,48,Plus,No,6.3,1,No
CUST-00135,2025-06-27 17:00:00,Everyday Coffee,Beverages,4,8.11,0.0,32.42,Store,East,No,54,40,Essential,Yes,8.2,2,No
CUST-00079,2025-06-27 18:00:00,Phone Stand,Electronics,4,18.08,0.0,72.33,Web,South,No,45,38,Essential,Yes,8.0,3,No
CUST-00059,2025-06-27 19:00:00,Gift Candle,Home,2,17.96,0.0,35.93,Web,South,No,56,25,Premium,Yes,7.0,1,No
CUST-00102,2025-06-27 21:00:00,Everyday Coffee,Beverages,4,7.76,0.0,31.04,Store,West,No,29,6,Essential,Yes,8.2,1,No
CUST-00280,2025-06-28 10:00:00,Granola Pack,Grocery,3,7.31,0.0,21.92,Web,North,No,32,14,Plus,Yes,6.3,2,No
CUST-00283,2025-06-28 17:00:00,Phone Stand,Electronics,2,18.44,0.0,36.87,Store,North,No,56,30,Essential,Yes,5.6,3,No
CUST-00266,2025-06-28 18:00:00,Phone Stand,Electronics,5,16.02,0.0,80.08,Web,Central,No,57,41,Premium,Yes,8.2,1,No
CUST-00224,2025-06-28 19:00:00,Everyday Coffee,Beverages,7,8.41,0.0,58.87,Web,Central,No,22,33,Plus,Yes,5.7,1,No
CUST-00105,2025-06-28 20:00:00,Travel Mug,Accessories,3,22.03,0.0,66.08,Mobile app,South,No,51,42,Plus,No,5.6,3,Yes
CUST-00162,2025-06-29 11:00:00,Travel Mug,Accessories,4,21.33,0.0,85.32,Web,East,No,44,23,Essential,Yes,7.2,1,No
