customer_id,tenure_months,monthly_charges,support_calls_last_90d,payment_delay_days,monthly_usage_gb,satisfaction_score,contract_type,payment_method,region,auto_pay,churn
STABLE-00001,60,40.98,0,1,28.6,10,Two year,Mailed check,Midwest,Yes,No
STABLE-00002,34,98.91,0,0,21.9,9,One year,Electronic check,Northeast,Yes,No
STABLE-00003,30,92.83,2,0,30.3,7,Two year,Credit card,Midwest,Yes,No
STABLE-00004,52,53.4,0,2,22.5,10,Two year,Electronic check,West,Yes,Yes
STABLE-00005,45,65.16,1,0,45.3,7,Two year,Credit card,West,Yes,No
STABLE-00006,19,89.85,0,0,23.2,10,Month-to-month,Electronic check,West,Yes,No
STABLE-00007,43,54.7,2,1,31.5,8,One year,Bank transfer,South,Yes,No
STABLE-00008,49,34.87,2,2,26.4,6,One year,Credit card,West,Yes,No
STABLE-00009,71,37.18,0,0,29.0,8,Two year,Credit card,West,Yes,No
STABLE-00010,26,63.13,1,3,21.6,9,Two year,Mailed check,Northeast,Yes,Yes
STABLE-00011,48,103.61,3,0,15.3,7,Two year,Mailed check,South,Yes,No
STABLE-00012,32,55.05,1,0,28.0,8,Two year,Electronic check,West,Yes,No
STABLE-00013,56,79.85,1,0,31.1,10,Two year,Mailed check,Midwest,Yes,No
STABLE-00014,37,27.18,0,2,22.4,9,One year,Electronic check,Midwest,Yes,No
STABLE-00015,31,37.39,0,1,17.8,9,Month-to-month,Bank transfer,Midwest,Yes,No
STABLE-00016,47,42.13,0,1,35.8,8,Month-to-month,Credit card,South,Yes,No
STABLE-00017,47,63.82,1,1,7.6,9,Two year,Credit card,Midwest,Yes,No
STABLE-00018,68,97.41,0,0,25.1,9,Two year,Electronic check,South,Yes,No
STABLE-00019,38,52.08,0,0,36.8,9,Two year,Mailed check,West,Yes,No
STABLE-00020,68,66.48,0,1,24.9,9,One year,Credit card,Northeast,Yes,No
STABLE-00021,59,75.09,1,0,1,10,Two year,Electronic check,Northeast,Yes,No
STABLE-00022,55,28.83,2,0,31.7,6,Two year,Credit card,West,Yes,No
STABLE-00023,63,47.97,1,1,10.7,8,One year,Electronic check,West,Yes,No
STABLE-00024,69,45.84,0,0,9.2,9,Two year,Mailed check,West,Yes,No
STABLE-00025,60,59.07,1,2,20.7,9,Two year,Electronic check,West,Yes,No
STABLE-00026,32,62.85,2,0,18.0,9,Two year,Bank transfer,South,No,No
STABLE-00027,64,32.63,1,0,25.7,9,Two year,Bank transfer,West,No,No
STABLE-00028,22,68.64,0,0,23.9,9,One year,Mailed check,Northeast,Yes,Yes
STABLE-00029,67,28.17,0,1,40.3,9,One year,Bank transfer,West,Yes,No
STABLE-00030,67,92.08,3,0,14.7,9,Two year,Bank transfer,Northeast,Yes,No
STABLE-00031,23,56.2,0,0,23.9,10,Two year,Credit card,South,No,No
STABLE-00032,28,73.36,3,0,9.3,8,One year,Credit card,Midwest,Yes,No
STABLE-00033,61,40.78,0,2,37.1,9,Two year,Bank transfer,Northeast,Yes,No
STABLE-00034,31,96.41,3,2,13.4,9,Month-to-month,Credit card,Northeast,Yes,No
STABLE-00035,47,48.07,0,0,8.3,9,Two year,Bank transfer,Midwest,Yes,No
STABLE-00036,51,33.42,5,0,16.8,8,One year,Credit card,West,Yes,Yes
STABLE-00037,70,104.77,2,2,1,10,Two year,Mailed check,Northeast,Yes,No
STABLE-00038,18,92.69,2,1,34.2,9,Two year,Electronic check,West,No,Yes
STABLE-00039,32,97.11,1,2,24.2,8,One year,Credit card,South,Yes,No
STABLE-00040,63,25.04,0,0,16.9,9,Two year,Electronic check,Midwest,Yes,No
STABLE-00041,18,25.35,1,0,19.4,7,Two year,Mailed check,West,No,No
STABLE-00042,47,46.88,0,2,22.3,7,Two year,Credit card,West,Yes,No
STABLE-00043,51,57.25,0,0,18.1,8,Two year,Electronic check,West,Yes,Yes
STABLE-00044,68,101.56,0,0,23.0,8,One year,Electronic check,Midwest,No,No
STABLE-00045,64,29.08,0,0,18.3,8,Month-to-month,Mailed check,West,Yes,No
STABLE-00046,39,33.16,0,0,21.1,8,Month-to-month,Bank transfer,Northeast,Yes,No
STABLE-00047,37,60.96,1,0,24.8,7,Two year,Bank transfer,West,Yes,No
STABLE-00048,36,27.55,0,0,31.2,9,One year,Bank transfer,South,Yes,No
STABLE-00049,45,48.4,0,2,31.7,7,Two year,Mailed check,South,Yes,No
STABLE-00050,34,84.54,0,1,10.9,10,One year,Bank transfer,West,Yes,Yes
STABLE-00051,33,80.24,0,0,46.1,8,Two year,Credit card,South,Yes,Yes
STABLE-00052,46,37.37,1,0,18.7,9,One year,Credit card,South,Yes,No
STABLE-00053,22,66.21,0,1,10.0,9,Month-to-month,Mailed check,Midwest,Yes,No
STABLE-00054,61,25.7,2,0,42.0,8,Month-to-month,Credit card,South,No,No
STABLE-00055,49,54.58,3,0,40.4,8,Two year,Electronic check,Northeast,Yes,No
STABLE-00056,23,102.08,2,0,23.5,10,Two year,Mailed check,Northeast,Yes,No
STABLE-00057,48,100.31,5,1,18.0,9,Two year,Electronic check,West,Yes,No
STABLE-00058,43,35.45,0,1,18.6,9,One year,Credit card,South,No,Yes
STABLE-00059,24,95.95,1,0,14.7,8,Two year,Electronic check,West,Yes,No
STABLE-00060,60,33.92,1,3,25.8,9,Month-to-month,Electronic check,West,Yes,Yes
STABLE-00061,52,64.6,0,0,28.2,8,Two year,Mailed check,Midwest,Yes,No
STABLE-00062,70,54.32,0,2,32.3,9,One year,Mailed check,West,Yes,No
STABLE-00063,48,52.07,0,0,11.9,8,Two year,Mailed check,South,Yes,No
STABLE-00064,52,78.1,1,0,32.5,8,Two year,Bank transfer,Midwest,Yes,No
STABLE-00065,57,32.62,4,0,33.0,9,Two year,Bank transfer,South,Yes,No
STABLE-00066,40,82.64,1,1,30.9,8,Two year,Mailed check,South,Yes,No
STABLE-00067,71,52.54,1,3,25.7,8,Two year,Bank transfer,South,Yes,No
STABLE-00068,42,101.09,1,0,20.7,8,One year,Credit card,South,Yes,No
STABLE-00069,42,80.58,0,2,19.3,10,One year,Electronic check,South,Yes,No
STABLE-00070,33,30.74,0,3,21.2,8,One year,Bank transfer,Northeast,Yes,No
STABLE-00071,43,58.51,1,0,31.5,8,Two year,Bank transfer,Midwest,Yes,No
STABLE-00072,33,96.93,1,0,26.9,7,Month-to-month,Credit card,Midwest,Yes,Yes
STABLE-00073,28,27.01,0,1,1,9,Two year,Credit card,Midwest,Yes,No
STABLE-00074,35,35.46,0,1,19.5,9,One year,Bank transfer,South,Yes,No
STABLE-00075,36,47.55,2,2,25.0,8,One year,Credit card,Northeast,No,No
STABLE-00076,49,95.09,0,0,26.7,8,One year,Mailed check,West,Yes,Yes
STABLE-00077,48,104.92,1,1,43.0,8,Two year,Bank transfer,West,Yes,No
STABLE-00078,32,32.5,1,0,24.7,8,Two year,Electronic check,Northeast,Yes,Yes
STABLE-00079,54,79.92,2,2,35.5,8,Two year,Bank transfer,West,Yes,No
STABLE-00080,29,51.62,1,0,24.0,9,Two year,Credit card,South,Yes,No
STABLE-00081,26,39.88,0,1,7.2,9,Two year,Credit card,South,Yes,No
STABLE-00082,68,53.51,2,2,25.8,8,One year,Mailed check,West,Yes,No
STABLE-00083,58,86.87,2,0,23.7,7,Two year,Mailed check,Northeast,Yes,No
STABLE-00084,57,89.9,0,2,24.7,7,One year,Bank transfer,Northeast,Yes,Yes
STABLE-00085,59,73.07,2,3,17.8,7,Two year,Mailed check,South,Yes,No
STABLE-00086,31,64.93,0,2,8.6,7,One year,Credit card,West,Yes,No
STABLE-00087,34,31.04,1,0,16.1,8,Two year,Mailed check,Northeast,Yes,No
STABLE-00088,57,33.43,1,0,35.1,9,One year,Bank transfer,West,Yes,No
STABLE-00089,48,28.26,3,0,26.0,7,Two year,Mailed check,Northeast,Yes,No
STABLE-00090,64,71.65,1,0,19.8,8,One year,Electronic check,West,Yes,No
STABLE-00091,34,47.91,0,0,34.8,9,Two year,Mailed check,Midwest,Yes,No
STABLE-00092,60,75.89,2,2,20.5,7,Two year,Credit card,Midwest,No,No
STABLE-00093,67,65.09,1,0,26.5,8,One year,Mailed check,Northeast,Yes,No
STABLE-00094,42,50.57,1,0,11.2,8,Two year,Bank transfer,Midwest,No,No
STABLE-00095,31,95.1,1,0,23.0,8,Two year,Bank transfer,Northeast,Yes,No
STABLE-00096,25,98.84,0,0,19.0,9,One year,Bank transfer,South,Yes,No
STABLE-00097,20,28.08,0,1,26.1,8,Two year,Electronic check,Northeast,Yes,No
STABLE-00098,66,39.74,0,0,33.8,8,Two year,Credit card,South,Yes,No
STABLE-00099,30,76.68,2,2,28.7,8,Two year,Electronic check,South,Yes,No
STABLE-00100,65,83.91,1,4,32.9,9,One year,Credit card,South,Yes,No
STABLE-00101,41,104.82,1,0,17.3,7,Two year,Electronic check,West,Yes,Yes
STABLE-00102,53,75.15,1,3,21.4,9,One year,Mailed check,West,Yes,No
STABLE-00103,21,51.35,0,0,25.9,6,Two year,Electronic check,West,Yes,No
STABLE-00104,27,89.72,2,0,17.5,7,Two year,Bank transfer,West,No,Yes
STABLE-00105,35,55.65,1,1,26.9,8,One year,Credit card,South,Yes,No
STABLE-00106,43,82.42,0,2,15.7,8,One year,Credit card,Midwest,Yes,No
STABLE-00107,42,75.43,0,0,8.7,9,Two year,Bank transfer,Northeast,Yes,No
STABLE-00108,39,30.05,0,0,31.7,9,Two year,Credit card,South,Yes,No
STABLE-00109,66,85.7,0,2,19.7,8,One year,Credit card,South,Yes,Yes
STABLE-00110,22,90.52,0,2,43.0,9,Two year,Credit card,South,Yes,Yes
STABLE-00111,35,89.36,2,0,22.0,9,Two year,Mailed check,South,Yes,No
STABLE-00112,67,102.56,0,0,27.4,7,Two year,Electronic check,South,No,No
STABLE-00113,53,51.16,1,0,30.7,6,Two year,Mailed check,Midwest,Yes,No
STABLE-00114,54,48.28,0,0,18.3,9,Two year,Electronic check,Midwest,Yes,No
STABLE-00115,66,32.24,3,0,33.3,10,Two year,Credit card,West,Yes,No
STABLE-00116,23,50.69,2,0,34.9,8,One year,Credit card,West,Yes,No
STABLE-00117,47,50.54,0,0,25.7,8,Two year,Mailed check,Midwest,Yes,No
STABLE-00118,36,80.99,0,3,34.8,10,Two year,Electronic check,Midwest,Yes,No
STABLE-00119,48,43.07,0,0,6.8,9,Two year,Credit card,West,Yes,No
STABLE-00120,64,67.95,0,0,35.8,8,Month-to-month,Electronic check,Northeast,Yes,No
STABLE-00121,44,57.83,0,1,22.4,9,One year,Mailed check,Midwest,Yes,No
STABLE-00122,56,72.65,1,1,37.2,7,Month-to-month,Mailed check,Northeast,Yes,Yes
STABLE-00123,65,85.68,0,2,19.8,10,One year,Mailed check,West,Yes,No
STABLE-00124,25,44.83,1,0,27.6,10,Two year,Mailed check,Northeast,Yes,No
STABLE-00125,27,86.77,2,1,31.7,10,Two year,Credit card,Northeast,Yes,No
STABLE-00126,26,62.24,0,0,23.1,8,Two year,Bank transfer,South,Yes,No
STABLE-00127,59,45.41,0,0,23.3,10,Two year,Mailed check,West,Yes,No
STABLE-00128,18,78.64,0,0,18.4,9,Two year,Electronic check,South,Yes,No
STABLE-00129,61,34.25,0,0,25.9,7,Two year,Mailed check,Northeast,Yes,No
STABLE-00130,34,40.52,0,1,22.5,8,One year,Electronic check,South,Yes,No
STABLE-00131,28,51.85,2,0,15.0,6,Two year,Bank transfer,Midwest,Yes,Yes
STABLE-00132,49,34.6,3,4,17.0,8,Two year,Credit card,South,No,No
STABLE-00133,43,90.9,1,1,13.3,9,Two year,Electronic check,Midwest,Yes,No
STABLE-00134,28,43.12,0,0,15.7,9,Month-to-month,Credit card,West,Yes,No
STABLE-00135,31,93.6,0,1,11.3,9,One year,Mailed check,Northeast,Yes,No
STABLE-00136,28,38.86,0,1,18.2,8,Two year,Credit card,Midwest,Yes,No
STABLE-00137,54,31.42,3,0,17.3,8,Two year,Credit card,West,Yes,No
STABLE-00138,66,95.41,2,0,16.7,7,Two year,Mailed check,Midwest,Yes,No
STABLE-00139,59,76.04,2,2,18.6,8,Month-to-month,Electronic check,South,Yes,Yes
STABLE-00140,38,31.79,0,3,30.2,6,Two year,Electronic check,West,Yes,No
STABLE-00141,56,31.35,1,2,14.3,9,Two year,Mailed check,Midwest,Yes,No
STABLE-00142,69,33.64,1,2,22.2,9,One year,Credit card,Midwest,Yes,No
STABLE-00143,46,31.73,2,0,22.8,7,Month-to-month,Electronic check,South,Yes,No
STABLE-00144,62,52.01,0,0,20.6,8,Month-to-month,Bank transfer,Midwest,Yes,No
STABLE-00145,40,88.54,0,1,37.4,7,One year,Credit card,South,Yes,No
STABLE-00146,39,55.45,0,0,20.0,10,Two year,Bank transfer,West,Yes,No
STABLE-00147,21,53.5,3,0,8.4,7,One year,Bank transfer,South,Yes,Yes
STABLE-00148,45,30.6,0,0,4.6,9,One year,Credit card,West,No,No
STABLE-00149,67,98.42,0,0,15.8,8,Two year,Bank transfer,Midwest,Yes,No
STABLE-00150,33,29.07,1,0,1,8,Two year,Credit card,Midwest,Yes,No
STABLE-00151,34,47.48,0,0,13.8,10,Two year,Bank transfer,West,Yes,No
STABLE-00152,44,59.35,0,2,27.1,7,One year,Electronic check,West,Yes,Yes
STABLE-00153,41,43.67,0,0,17.8,7,One year,Electronic check,West,Yes,Yes
STABLE-00154,42,43.71,3,1,35.8,10,Month-to-month,Mailed check,Midwest,Yes,No
STABLE-00155,48,83.91,0,1,13.2,9,Month-to-month,Electronic check,Midwest,Yes,Yes
STABLE-00156,27,47.33,1,0,15.5,8,One year,Electronic check,Midwest,Yes,No
STABLE-00157,33,83.97,0,0,28.8,8,Month-to-month,Credit card,West,No,Yes
STABLE-00158,22,103.52,1,1,20.4,9,Two year,Electronic check,South,Yes,Yes
STABLE-00159,56,48.12,0,0,35.0,8,Two year,Credit card,West,Yes,No
STABLE-00160,18,63.21,1,2,20.3,9,Two year,Electronic check,South,No,No
STABLE-00161,65,94.15,0,2,24.0,8,Two year,Electronic check,Northeast,Yes,No
STABLE-00162,25,43.71,0,3,24.4,9,Two year,Credit card,West,Yes,No
STABLE-00163,55,45.03,0,0,26.2,8,Month-to-month,Bank transfer,Northeast,Yes,Yes
STABLE-00164,58,73.07,1,0,20.9,9,Two year,Electronic check,West,Yes,No
STABLE-00165,64,48.34,0,0,7.9,8,Two year,Mailed check,West,Yes,No
STABLE-00166,69,50.73,1,1,18.7,6,Two year,Credit card,West,Yes,No
STABLE-00167,71,57.39,0,1,21.1,8,Month-to-month,Credit card,West,No,Yes
STABLE-00168,42,31.94,0,2,5.8,9,Two year,Electronic check,Midwest,Yes,No
STABLE-00169,65,73.81,0,1,21.6,9,Two year,Electronic check,South,Yes,No
STABLE-00170,68,30.18,2,2,27.0,9,Month-to-month,Mailed check,Midwest,No,No
STABLE-00171,33,25.67,0,0,28.8,7,One year,Bank transfer,Northeast,Yes,No
STABLE-00172,52,65.39,0,0,41.3,8,Two year,Credit card,South,Yes,No
STABLE-00173,60,36.51,0,0,21.0,7,One year,Mailed check,Midwest,Yes,No
STABLE-00174,28,35.96,0,2,18.0,8,Month-to-month,Mailed check,West,No,No
STABLE-00175,47,68.64,0,0,26.4,9,One year,Electronic check,South,Yes,No
STABLE-00176,38,30.64,0,1,41.8,8,One year,Mailed check,West,Yes,No
STABLE-00177,18,41.0,1,0,15.4,9,One year,Electronic check,West,Yes,No
STABLE-00178,52,92.85,3,0,42.0,9,Two year,Electronic check,South,No,Yes
STABLE-00179,45,37.28,2,0,34.2,9,One year,Bank transfer,South,Yes,No
STABLE-00180,70,37.2,2,0,5.4,7,Month-to-month,Electronic check,Northeast,Yes,Yes
STABLE-00181,27,77.75,1,0,10.2,7,Two year,Bank transfer,West,No,No
STABLE-00182,60,103.94,1,2,28.2,6,One year,Bank transfer,Northeast,Yes,No
STABLE-00183,46,51.54,0,0,28.2,6,Two year,Credit card,West,Yes,No
STABLE-00184,29,95.51,0,0,23.8,8,One year,Electronic check,Northeast,No,No
STABLE-00185,55,54.97,1,1,27.0,9,Two year,Electronic check,Northeast,Yes,No
STABLE-00186,26,78.32,2,0,35.7,8,Month-to-month,Mailed check,Midwest,Yes,No
STABLE-00187,25,39.37,1,0,29.8,9,Two year,Electronic check,Northeast,Yes,No
STABLE-00188,32,71.87,1,0,26.8,8,Two year,Mailed check,Northeast,Yes,No
STABLE-00189,44,29.17,0,3,20.6,8,Month-to-month,Mailed check,South,Yes,Yes
STABLE-00190,50,32.16,1,2,23.7,9,One year,Electronic check,South,Yes,Yes
STABLE-00191,50,100.0,0,2,31.7,8,Two year,Credit card,Midwest,Yes,No
STABLE-00192,38,88.59,0,2,18.8,7,Month-to-month,Credit card,Northeast,Yes,No
STABLE-00193,40,102.21,0,0,38.1,9,Month-to-month,Electronic check,West,Yes,No
STABLE-00194,33,31.27,2,2,32.8,8,One year,Bank transfer,West,Yes,No
STABLE-00195,40,65.42,1,2,16.7,9,One year,Credit card,Northeast,Yes,Yes
STABLE-00196,43,38.34,0,0,17.4,9,Two year,Electronic check,Northeast,Yes,No
STABLE-00197,69,43.01,1,1,7.2,8,Two year,Credit card,Northeast,Yes,No
STABLE-00198,63,31.74,0,4,40.5,7,Two year,Electronic check,Northeast,Yes,No
STABLE-00199,59,85.94,2,0,19.4,7,One year,Electronic check,Northeast,Yes,No
STABLE-00200,55,89.59,0,0,14.2,8,Two year,Credit card,South,Yes,No
STABLE-00201,52,56.76,0,2,19.3,8,Two year,Credit card,Northeast,No,No
STABLE-00202,65,98.72,1,0,17.8,8,Two year,Electronic check,Midwest,Yes,No
STABLE-00203,22,88.94,2,0,22.2,8,Two year,Credit card,South,Yes,No
STABLE-00204,45,50.78,2,0,23.0,9,Two year,Bank transfer,West,Yes,No
STABLE-00205,71,95.36,0,0,21.2,9,Month-to-month,Electronic check,South,No,Yes
STABLE-00206,46,91.06,0,2,30.8,8,Two year,Credit card,Northeast,Yes,No
STABLE-00207,42,70.74,0,4,34.3,9,Two year,Bank transfer,South,Yes,No
STABLE-00208,59,48.41,0,2,25.1,9,Two year,Credit card,South,Yes,No
STABLE-00209,51,42.95,1,0,32.0,9,Two year,Credit card,South,Yes,No
STABLE-00210,60,80.33,1,0,27.6,7,One year,Credit card,South,Yes,No
STABLE-00211,65,98.53,0,0,28.6,8,Two year,Electronic check,West,Yes,No
STABLE-00212,26,27.29,0,2,22.1,6,Two year,Bank transfer,South,Yes,No
STABLE-00213,45,48.16,0,2,20.8,8,One year,Bank transfer,West,Yes,No
STABLE-00214,62,92.74,0,0,9.0,9,One year,Electronic check,Midwest,Yes,No
STABLE-00215,44,54.3,0,0,17.1,9,Two year,Bank transfer,South,Yes,No
STABLE-00216,36,26.06,3,0,15.2,8,Two year,Bank transfer,Midwest,Yes,No
STABLE-00217,42,35.59,3,2,22.6,9,Two year,Electronic check,Northeast,Yes,No
STABLE-00218,47,44.12,1,1,12.6,8,Two year,Mailed check,Northeast,Yes,No
STABLE-00219,71,83.41,0,0,28.9,9,Two year,Credit card,West,Yes,No
STABLE-00220,71,51.19,0,0,13.2,9,Two year,Electronic check,Midwest,Yes,No
STABLE-00221,50,90.1,0,2,31.1,9,Month-to-month,Electronic check,Midwest,Yes,No
STABLE-00222,26,88.2,1,1,34.4,7,Month-to-month,Bank transfer,Northeast,Yes,Yes
STABLE-00223,45,100.83,0,0,21.1,6,Two year,Bank transfer,Northeast,No,No
STABLE-00224,60,65.32,0,2,33.2,8,One year,Electronic check,Northeast,Yes,No
STABLE-00225,62,43.28,4,2,35.0,9,Two year,Credit card,West,Yes,No
STABLE-00226,54,48.41,3,0,14.9,9,One year,Credit card,South,Yes,Yes
STABLE-00227,23,93.38,0,2,28.2,6,Two year,Electronic check,Northeast,No,No
STABLE-00228,64,96.22,1,0,29.1,7,Two year,Mailed check,South,Yes,No
STABLE-00229,42,51.95,1,4,9.5,9,Two year,Bank transfer,West,Yes,No
STABLE-00230,41,98.17,0,0,23.7,7,Two year,Bank transfer,Midwest,No,No
STABLE-00231,26,41.09,0,0,15.9,8,Two year,Credit card,South,Yes,No
STABLE-00232,71,91.24,1,0,27.5,8,One year,Bank transfer,South,Yes,No
STABLE-00233,64,71.42,0,3,30.7,10,Two year,Credit card,Northeast,Yes,No
STABLE-00234,55,74.81,1,0,30.7,10,One year,Credit card,Northeast,No,No
STABLE-00235,54,55.76,0,3,25.3,8,Two year,Bank transfer,Midwest,Yes,No
STABLE-00236,26,42.72,0,3,28.6,6,One year,Electronic check,West,No,No
STABLE-00237,67,31.67,2,0,6.8,7,Two year,Mailed check,South,No,No
STABLE-00238,34,47.63,0,0,7.8,8,One year,Mailed check,South,Yes,No
STABLE-00239,37,90.19,2,0,32.4,9,One year,Mailed check,Northeast,Yes,No
STABLE-00240,28,89.84,2,0,31.7,8,One year,Credit card,West,Yes,No
STABLE-00241,52,63.26,2,0,21.1,10,One year,Credit card,Northeast,Yes,No
STABLE-00242,49,55.42,1,0,3.6,9,One year,Credit card,Northeast,Yes,No
STABLE-00243,37,92.38,0,1,35.6,9,Two year,Mailed check,Northeast,Yes,No
STABLE-00244,69,103.81,1,2,20.4,9,Two year,Bank transfer,South,Yes,No
STABLE-00245,45,70.83,4,0,36.4,7,Two year,Mailed check,Northeast,Yes,No
STABLE-00246,58,85.82,0,1,37.4,8,One year,Mailed check,West,Yes,No
STABLE-00247,28,58.63,0,1,32.2,9,Month-to-month,Mailed check,Midwest,Yes,No
STABLE-00248,24,45.41,0,1,28.8,9,Two year,Mailed check,South,No,No
STABLE-00249,36,80.91,4,1,26.5,9,Two year,Bank transfer,South,Yes,No
STABLE-00250,62,66.19,0,1,26.8,9,Month-to-month,Credit card,South,No,Yes
STABLE-00251,66,61.93,0,0,29.6,8,Two year,Credit card,South,Yes,No
STABLE-00252,57,74.37,1,0,20.4,8,Two year,Bank transfer,Midwest,Yes,No
STABLE-00253,70,82.05,0,0,30.3,9,One year,Electronic check,Northeast,Yes,Yes
STABLE-00254,33,43.63,1,0,11.0,8,Two year,Electronic check,South,Yes,No
STABLE-00255,27,42.16,1,0,9.7,7,Two year,Credit card,Midwest,Yes,No
STABLE-00256,18,57.64,1,1,29.9,10,Two year,Mailed check,Midwest,Yes,Yes
STABLE-00257,43,98.15,0,3,31.6,8,Two year,Credit card,West,Yes,No
STABLE-00258,24,40.09,0,2,29.3,9,One year,Bank transfer,South,No,No
STABLE-00259,42,48.75,1,1,29.8,8,Two year,Credit card,West,Yes,No
STABLE-00260,37,53.15,2,0,10.5,10,Two year,Credit card,Midwest,No,No
STABLE-00261,41,25.52,2,0,24.0,9,Two year,Electronic check,Midwest,Yes,No
STABLE-00262,20,94.23,0,0,28.7,8,Two year,Mailed check,Northeast,Yes,No
STABLE-00263,63,74.01,0,0,7.9,8,Month-to-month,Credit card,Northeast,Yes,No
STABLE-00264,63,64.98,2,0,25.0,6,One year,Mailed check,Midwest,No,Yes
STABLE-00265,19,70.96,2,2,33.3,7,Two year,Mailed check,Midwest,No,Yes
STABLE-00266,66,64.57,2,0,24.7,8,One year,Credit card,South,Yes,No
STABLE-00267,68,98.04,1,0,33.4,9,Two year,Electronic check,West,Yes,No
STABLE-00268,67,83.04,1,2,25.2,6,Two year,Bank transfer,Northeast,No,No
STABLE-00269,23,67.28,1,1,21.0,8,Two year,Credit card,South,Yes,No
STABLE-00270,26,45.67,2,0,30.5,8,One year,Credit card,South,No,Yes
STABLE-00271,26,30.01,1,1,28.3,9,Two year,Credit card,South,Yes,No
STABLE-00272,45,69.29,1,0,24.1,8,Two year,Electronic check,Northeast,Yes,No
STABLE-00273,19,83.27,0,0,12.9,8,Two year,Credit card,West,Yes,Yes
STABLE-00274,29,73.51,2,1,14.9,6,One year,Electronic check,South,Yes,No
STABLE-00275,33,56.51,2,2,40.3,10,Two year,Electronic check,Northeast,Yes,No
STABLE-00276,56,45.32,3,3,27.0,7,Two year,Bank transfer,Northeast,Yes,Yes
STABLE-00277,60,50.92,2,2,32.6,8,One year,Electronic check,West,Yes,No
STABLE-00278,35,44.89,0,1,14.7,7,One year,Mailed check,Northeast,No,No
STABLE-00279,64,39.65,1,2,20.7,7,Two year,Mailed check,Midwest,Yes,No
STABLE-00280,28,33.93,1,0,28.8,9,One year,Bank transfer,West,Yes,No
STABLE-00281,35,100.9,0,0,40.7,8,One year,Electronic check,Northeast,Yes,Yes
STABLE-00282,59,102.05,1,0,18.1,8,One year,Bank transfer,Midwest,Yes,No
STABLE-00283,56,102.73,2,0,9.4,9,One year,Credit card,Midwest,Yes,No
STABLE-00284,28,44.01,0,0,37.0,7,Two year,Electronic check,West,Yes,No
STABLE-00285,58,81.12,0,0,46.3,7,Two year,Mailed check,Northeast,Yes,No
STABLE-00286,68,34.16,2,0,18.6,9,Month-to-month,Credit card,West,Yes,No
STABLE-00287,44,64.48,2,1,7.3,7,One year,Credit card,Midwest,Yes,No
STABLE-00288,43,28.7,0,1,37.2,7,Two year,Mailed check,South,Yes,No
STABLE-00289,66,43.33,1,0,20.1,10,Month-to-month,Bank transfer,Northeast,Yes,No
STABLE-00290,41,52.64,2,0,35.6,8,One year,Bank transfer,Midwest,Yes,No
STABLE-00291,43,104.34,1,0,27.0,8,Two year,Credit card,West,Yes,No
STABLE-00292,42,66.07,0,0,34.7,7,One year,Electronic check,Midwest,Yes,No
STABLE-00293,63,62.16,1,0,20.0,8,One year,Electronic check,Midwest,Yes,No
STABLE-00294,52,35.02,1,0,33.9,10,Two year,Mailed check,Northeast,No,No
STABLE-00295,46,66.26,1,2,29.3,8,One year,Mailed check,West,Yes,No
STABLE-00296,31,74.51,1,0,30.5,7,Two year,Bank transfer,Northeast,Yes,No
STABLE-00297,60,51.87,1,0,10.5,8,Two year,Bank transfer,Northeast,Yes,No
STABLE-00298,68,69.09,0,2,30.7,7,Two year,Mailed check,Northeast,No,No
STABLE-00299,20,42.55,1,0,35.3,9,Two year,Electronic check,Midwest,Yes,No
STABLE-00300,72,32.04,1,1,24.0,9,One year,Credit card,Midwest,Yes,No
STABLE-00301,66,57.59,0,0,27.3,8,One year,Bank transfer,Northeast,Yes,No
STABLE-00302,54,73.21,1,3,35.0,9,Two year,Bank transfer,Midwest,Yes,No
STABLE-00303,67,64.79,2,0,21.0,8,One year,Bank transfer,West,Yes,No
STABLE-00304,19,85.92,0,2,20.2,7,Two year,Credit card,West,Yes,No
STABLE-00305,28,71.14,2,1,26.3,8,Two year,Electronic check,West,Yes,No
STABLE-00306,33,66.47,0,1,24.0,8,Two year,Mailed check,Northeast,Yes,No
STABLE-00307,38,101.26,0,0,21.8,7,One year,Credit card,Northeast,Yes,No
STABLE-00308,20,48.92,2,0,35.6,9,Two year,Bank transfer,Northeast,Yes,No
STABLE-00309,23,39.28,0,0,30.4,8,Month-to-month,Mailed check,Northeast,Yes,No
STABLE-00310,58,34.17,2,1,39.0,8,Two year,Bank transfer,Northeast,No,No
STABLE-00311,57,54.27,0,1,26.8,9,Two year,Credit card,Northeast,No,No
STABLE-00312,37,25.21,1,2,8.9,7,Two year,Electronic check,South,Yes,No
STABLE-00313,63,53.13,1,0,14.2,8,One year,Credit card,West,Yes,No
STABLE-00314,21,29.92,1,0,25.3,7,One year,Credit card,South,Yes,No
STABLE-00315,30,28.33,2,0,16.2,7,Month-to-month,Mailed check,Northeast,Yes,No
STABLE-00316,40,53.3,0,0,36.2,8,Two year,Credit card,Midwest,Yes,No
STABLE-00317,71,75.25,3,3,29.5,8,Month-to-month,Bank transfer,Northeast,Yes,No
STABLE-00318,67,59.53,1,0,23.0,8,Two year,Electronic check,Midwest,Yes,No
STABLE-00319,43,84.58,0,1,12.3,9,Two year,Mailed check,South,Yes,No
STABLE-00320,34,75.75,1,0,22.2,8,Two year,Credit card,Midwest,Yes,No
STABLE-00321,55,44.82,2,2,16.6,7,Month-to-month,Mailed check,West,Yes,No
STABLE-00322,20,77.61,2,2,27.2,8,Two year,Bank transfer,Midwest,Yes,No
STABLE-00323,69,39.12,0,1,41.6,9,Two year,Electronic check,West,Yes,No
STABLE-00324,42,85.66,0,1,35.9,8,One year,Bank transfer,Midwest,Yes,No
STABLE-00325,43,104.4,3,1,23.2,9,Two year,Credit card,Northeast,No,No
STABLE-00326,35,102.27,1,0,14.2,7,Month-to-month,Mailed check,West,Yes,Yes
STABLE-00327,59,37.61,0,0,15.7,9,Two year,Credit card,Northeast,Yes,No
STABLE-00328,20,44.66,4,0,14.4,7,Two year,Electronic check,Northeast,Yes,No
STABLE-00329,57,84.69,2,2,26.7,8,Two year,Credit card,West,Yes,No
STABLE-00330,27,55.75,0,0,25.2,8,Month-to-month,Credit card,Northeast,Yes,Yes
STABLE-00331,59,33.3,3,1,29.8,8,Two year,Bank transfer,Midwest,Yes,No
STABLE-00332,33,62.31,0,0,22.4,10,One year,Mailed check,Midwest,Yes,No
STABLE-00333,57,74.34,2,1,29.9,6,Two year,Mailed check,South,Yes,No
STABLE-00334,43,68.03,0,0,31.9,7,Two year,Mailed check,West,Yes,No
STABLE-00335,50,91.3,0,2,26.4,9,Two year,Electronic check,West,Yes,Yes
STABLE-00336,31,91.38,0,0,20.3,10,Two year,Bank transfer,South,Yes,No
STABLE-00337,28,50.01,0,1,18.0,9,Two year,Mailed check,West,Yes,No
STABLE-00338,43,95.77,0,0,35.2,9,Two year,Electronic check,South,Yes,No
STABLE-00339,36,57.03,0,0,30.6,10,Two year,Bank transfer,West,Yes,No
STABLE-00340,48,91.31,3,1,22.3,8,Two year,Bank transfer,South,Yes,No
STABLE-00341,39,58.45,0,3,38.1,9,Two year,Credit card,Northeast,Yes,No
STABLE-00342,68,91.61,1,1,24.1,9,Month-to-month,Credit card,Midwest,Yes,Yes
STABLE-00343,57,102.12,1,0,19.2,7,Two year,Credit card,Northeast,Yes,No
STABLE-00344,31,99.84,1,1,24.8,9,Two year,Mailed check,Midwest,No,No
STABLE-00345,50,101.13,0,1,1,7,One year,Electronic check,South,No,No
STABLE-00346,28,41.93,2,2,36.3,8,Two year,Credit card,Midwest,Yes,No
STABLE-00347,25,31.01,0,0,31.9,9,Month-to-month,Credit card,West,No,No
STABLE-00348,61,84.13,1,0,21.2,9,One year,Credit card,West,Yes,No
STABLE-00349,18,55.71,0,2,9.1,8,Two year,Electronic check,West,Yes,Yes
STABLE-00350,33,101.5,2,0,31.3,8,Two year,Electronic check,Midwest,Yes,No
STABLE-00351,27,45.74,0,0,33.3,9,Two year,Mailed check,Northeast,Yes,Yes
STABLE-00352,46,79.59,2,0,11.8,7,One year,Bank transfer,West,No,No
STABLE-00353,70,100.8,4,0,11.3,8,Two year,Credit card,Northeast,Yes,No
STABLE-00354,25,91.39,0,0,26.1,8,Two year,Credit card,Midwest,Yes,No
STABLE-00355,44,47.56,2,1,29.3,7,Two year,Bank transfer,West,Yes,No
STABLE-00356,20,96.83,0,3,32.4,8,One year,Credit card,South,Yes,Yes
STABLE-00357,72,72.73,3,2,40.1,8,One year,Electronic check,West,Yes,No
STABLE-00358,34,52.47,1,3,23.2,8,Month-to-month,Electronic check,Northeast,Yes,Yes
STABLE-00359,40,86.28,1,2,22.1,8,One year,Bank transfer,West,Yes,No
STABLE-00360,56,38.73,1,0,34.0,9,Two year,Credit card,Midwest,Yes,No
STABLE-00361,30,66.56,1,1,9.4,9,Two year,Mailed check,West,Yes,No
STABLE-00362,29,61.47,0,3,27.3,9,Two year,Mailed check,West,Yes,No
STABLE-00363,20,31.99,0,1,33.1,9,Month-to-month,Mailed check,West,Yes,No
STABLE-00364,71,63.89,1,1,24.7,8,Two year,Mailed check,Midwest,No,No
STABLE-00365,28,81.2,2,1,22.3,9,Two year,Bank transfer,West,Yes,No
STABLE-00366,70,97.15,2,0,22.3,8,Two year,Electronic check,South,Yes,No
STABLE-00367,22,29.69,0,0,14.7,8,One year,Credit card,Northeast,Yes,No
STABLE-00368,28,34.13,0,0,38.1,9,Month-to-month,Electronic check,Northeast,Yes,Yes
STABLE-00369,35,54.66,0,0,15.6,6,One year,Bank transfer,Midwest,Yes,No
STABLE-00370,51,61.24,0,1,32.2,8,Two year,Bank transfer,South,Yes,No
STABLE-00371,19,81.64,1,3,19.2,9,One year,Bank transfer,Northeast,No,No
STABLE-00372,39,47.25,2,2,23.2,9,Two year,Mailed check,Midwest,Yes,No
STABLE-00373,64,51.04,2,0,16.5,9,One year,Mailed check,Midwest,Yes,No
STABLE-00374,62,87.13,0,0,38.5,7,One year,Electronic check,Northeast,Yes,No
STABLE-00375,21,87.61,2,1,33.1,8,Month-to-month,Credit card,West,Yes,Yes
STABLE-00376,69,83.17,0,0,24.5,9,Two year,Credit card,South,No,No
STABLE-00377,20,33.55,0,0,34.8,9,One year,Electronic check,South,Yes,No
STABLE-00378,47,85.81,1,0,16.2,9,Two year,Credit card,Northeast,Yes,No
STABLE-00379,48,90.5,3,3,26.7,8,Two year,Electronic check,West,Yes,No
STABLE-00380,45,103.8,0,0,21.7,8,Month-to-month,Mailed check,West,Yes,No
STABLE-00381,35,34.94,0,0,27.5,9,Month-to-month,Bank transfer,South,Yes,No
STABLE-00382,66,30.51,0,0,30.8,7,Two year,Credit card,Midwest,Yes,No
STABLE-00383,71,76.73,0,1,14.2,8,Two year,Mailed check,West,No,No
STABLE-00384,58,62.36,0,0,12.7,8,One year,Bank transfer,Northeast,Yes,No
STABLE-00385,62,71.22,0,1,9.1,6,One year,Electronic check,Northeast,Yes,No
STABLE-00386,58,34.31,0,0,10.1,9,Two year,Mailed check,Northeast,Yes,No
STABLE-00387,51,81.91,1,1,29.5,6,Two year,Electronic check,Northeast,Yes,Yes
STABLE-00388,42,29.43,0,0,21.2,6,Two year,Electronic check,Northeast,Yes,No
STABLE-00389,29,60.04,0,0,17.8,8,One year,Bank transfer,Northeast,Yes,No
STABLE-00390,68,38.52,1,0,14.9,7,Month-to-month,Electronic check,South,No,No
STABLE-00391,66,44.72,0,0,29.3,10,One year,Electronic check,Northeast,Yes,No
STABLE-00392,33,45.92,0,1,1.6,9,Month-to-month,Mailed check,Northeast,Yes,No
STABLE-00393,40,82.95,0,0,16.7,6,Two year,Electronic check,South,Yes,No
STABLE-00394,57,69.65,1,2,30.3,9,Month-to-month,Mailed check,South,Yes,No
STABLE-00395,36,91.26,2,0,20.4,8,Two year,Credit card,Northeast,Yes,No
STABLE-00396,60,27.7,5,3,16.1,8,Month-to-month,Credit card,South,Yes,Yes
STABLE-00397,71,35.27,0,2,22.6,10,One year,Bank transfer,West,No,No
STABLE-00398,57,92.91,2,2,17.6,7,Two year,Credit card,Northeast,No,No
STABLE-00399,59,28.81,2,2,31.6,10,Two year,Mailed check,Northeast,No,No
STABLE-00400,44,72.82,2,1,20.0,9,Two year,Electronic check,West,Yes,No
STABLE-00401,28,101.91,0,1,24.1,9,Month-to-month,Mailed check,Northeast,Yes,Yes
STABLE-00402,24,99.04,1,0,26.1,7,Two year,Electronic check,Midwest,Yes,No
STABLE-00403,47,33.95,2,2,27.3,8,Two year,Credit card,West,Yes,No
STABLE-00404,61,103.57,1,0,20.5,9,Month-to-month,Electronic check,South,Yes,No
STABLE-00405,35,72.75,0,0,26.8,9,Two year,Mailed check,South,Yes,No
STABLE-00406,67,29.0,0,0,35.5,8,Two year,Bank transfer,Northeast,Yes,No
STABLE-00407,64,70.93,1,0,29.3,8,Two year,Mailed check,West,Yes,No
STABLE-00408,27,96.5,2,2,7.2,7,One year,Electronic check,South,Yes,Yes
STABLE-00409,65,60.58,0,0,19.4,8,Two year,Mailed check,Midwest,Yes,No
STABLE-00410,65,66.09,3,2,47.5,7,Month-to-month,Bank transfer,West,Yes,No
STABLE-00411,56,61.5,0,0,14.6,9,Two year,Credit card,South,Yes,No
STABLE-00412,21,81.27,2,0,37.5,8,Month-to-month,Electronic check,West,Yes,No
STABLE-00413,31,63.51,1,0,27.5,10,Month-to-month,Bank transfer,South,Yes,No
STABLE-00414,41,102.92,1,1,31.1,8,Two year,Bank transfer,West,No,No
STABLE-00415,18,63.33,0,2,23.3,8,Month-to-month,Credit card,South,Yes,No
STABLE-00416,22,91.33,3,0,21.1,9,Two year,Credit card,Midwest,Yes,Yes
STABLE-00417,48,38.73,2,3,29.8,8,Month-to-month,Credit card,Northeast,Yes,No
STABLE-00418,26,96.46,0,0,18.4,8,Two year,Mailed check,Midwest,No,No
STABLE-00419,49,94.25,0,1,32.7,7,Month-to-month,Electronic check,West,Yes,Yes
STABLE-00420,28,54.13,0,1,36.7,7,Two year,Electronic check,West,Yes,No
STABLE-00421,67,47.84,0,3,22.2,9,One year,Mailed check,West,Yes,No
STABLE-00422,59,28.36,3,0,21.5,8,Two year,Bank transfer,South,Yes,No
STABLE-00423,51,103.91,1,0,32.7,8,Two year,Bank transfer,West,Yes,No
STABLE-00424,61,87.1,0,2,13.9,7,Month-to-month,Bank transfer,West,Yes,No
STABLE-00425,58,73.79,1,1,31.2,9,Two year,Electronic check,Northeast,Yes,No
STABLE-00426,29,25.66,1,1,18.9,8,Month-to-month,Mailed check,West,Yes,Yes
STABLE-00427,67,49.94,0,0,14.3,5,One year,Bank transfer,Midwest,Yes,No
STABLE-00428,59,100.74,1,2,27.4,9,Two year,Credit card,South,No,No
STABLE-00429,67,73.47,0,1,19.5,9,One year,Credit card,Northeast,Yes,No
STABLE-00430,39,87.54,0,0,23.0,8,Two year,Mailed check,South,Yes,No
STABLE-00431,19,87.86,0,0,20.4,8,Month-to-month,Bank transfer,Midwest,Yes,Yes
STABLE-00432,31,83.54,0,1,21.5,7,Two year,Mailed check,West,Yes,No
STABLE-00433,56,36.31,0,2,39.4,9,Two year,Mailed check,Midwest,No,No
STABLE-00434,57,60.55,3,1,19.9,8,Two year,Bank transfer,Northeast,Yes,No
STABLE-00435,47,85.46,2,1,30.1,9,Two year,Bank transfer,Northeast,No,No
STABLE-00436,26,83.72,2,2,42.2,8,Two year,Bank transfer,West,Yes,No
STABLE-00437,50,97.96,0,2,34.4,9,Two year,Mailed check,South,Yes,No
STABLE-00438,70,73.54,1,3,27.3,8,Two year,Electronic check,Northeast,Yes,Yes
STABLE-00439,49,67.46,1,1,22.6,10,One year,Bank transfer,Northeast,Yes,Yes
STABLE-00440,50,56.23,0,0,21.2,10,Two year,Electronic check,Midwest,Yes,No
STABLE-00441,34,27.75,0,0,26.9,10,One year,Electronic check,South,Yes,No
STABLE-00442,64,36.42,0,1,42.0,7,One year,Mailed check,West,No,Yes
STABLE-00443,31,41.43,0,0,37.1,9,One year,Bank transfer,South,No,No
STABLE-00444,18,74.79,1,1,22.0,7,Two year,Electronic check,Midwest,Yes,No
STABLE-00445,41,65.13,0,0,6.0,9,Two year,Bank transfer,Midwest,Yes,No
STABLE-00446,45,59.06,3,3,21.6,8,One year,Credit card,Midwest,Yes,No
STABLE-00447,36,36.36,1,0,20.7,10,One year,Credit card,Northeast,Yes,No
STABLE-00448,22,38.47,1,0,18.1,8,One year,Electronic check,Northeast,Yes,No
STABLE-00449,40,63.65,0,3,26.7,9,One year,Mailed check,South,Yes,No
STABLE-00450,26,36.8,4,1,27.5,9,Two year,Mailed check,Midwest,Yes,No
STABLE-00451,64,89.52,0,1,40.2,8,Two year,Electronic check,Midwest,Yes,No
STABLE-00452,35,91.5,0,1,35.5,6,One year,Bank transfer,West,Yes,No
STABLE-00453,38,59.3,1,0,29.1,9,Two year,Electronic check,South,Yes,No
STABLE-00454,59,30.94,0,1,31.0,7,Two year,Mailed check,South,Yes,No
STABLE-00455,18,99.02,0,0,18.2,8,Two year,Mailed check,Midwest,Yes,Yes
STABLE-00456,56,69.86,1,0,20.6,9,Two year,Electronic check,Midwest,Yes,No
STABLE-00457,58,96.71,0,1,13.4,7,Two year,Credit card,South,Yes,No
STABLE-00458,51,65.88,0,0,35.9,6,Two year,Electronic check,South,No,No
STABLE-00459,24,57.04,1,2,17.2,8,One year,Bank transfer,West,Yes,Yes
STABLE-00460,66,64.15,1,0,23.7,7,Two year,Credit card,Northeast,Yes,No
STABLE-00461,34,33.98,0,1,32.1,9,One year,Electronic check,West,Yes,No
STABLE-00462,22,92.25,1,2,8.8,9,One year,Mailed check,Midwest,Yes,No
STABLE-00463,48,103.26,0,0,21.3,7,Month-to-month,Electronic check,Northeast,Yes,Yes
STABLE-00464,48,75.76,4,0,25.6,9,Two year,Electronic check,Midwest,Yes,No
STABLE-00465,71,30.45,1,4,34.8,10,Month-to-month,Mailed check,Midwest,Yes,Yes
STABLE-00466,21,47.13,0,3,31.3,8,One year,Credit card,Midwest,Yes,Yes
STABLE-00467,55,53.52,1,4,20.6,7,Month-to-month,Electronic check,Northeast,Yes,No
STABLE-00468,36,37.51,1,0,27.6,7,Two year,Electronic check,Northeast,No,No
STABLE-00469,38,26.0,0,0,13.5,8,Two year,Mailed check,West,Yes,No
STABLE-00470,67,81.37,3,1,12.7,9,Two year,Electronic check,Midwest,Yes,No
STABLE-00471,35,30.99,1,0,33.4,8,Month-to-month,Bank transfer,West,Yes,No
STABLE-00472,56,25.79,1,0,23.3,8,One year,Bank transfer,West,Yes,Yes
STABLE-00473,30,48.69,0,1,37.9,8,One year,Bank transfer,Midwest,Yes,No
STABLE-00474,53,65.48,0,2,22.6,10,Two year,Mailed check,South,Yes,No
STABLE-00475,34,53.06,1,0,18.5,8,Two year,Credit card,Northeast,Yes,No
STABLE-00476,36,65.45,1,0,30.7,7,Two year,Bank transfer,Midwest,Yes,No
STABLE-00477,27,93.61,0,0,18.3,10,One year,Credit card,Northeast,Yes,Yes
STABLE-00478,69,78.16,3,2,5.9,9,Two year,Bank transfer,West,Yes,No
STABLE-00479,55,87.54,0,0,15.3,8,One year,Bank transfer,Northeast,Yes,No
STABLE-00480,22,90.09,0,1,14.8,9,Two year,Mailed check,Northeast,Yes,No
STABLE-00481,43,64.17,1,0,27.2,10,Two year,Credit card,Northeast,Yes,No
STABLE-00482,18,71.19,1,0,27.4,9,Two year,Electronic check,West,No,No
STABLE-00483,24,97.24,0,0,33.9,9,Two year,Credit card,West,Yes,Yes
STABLE-00484,44,83.47,2,0,27.2,9,Two year,Bank transfer,Midwest,No,No
STABLE-00485,55,51.94,1,3,34.6,7,Two year,Bank transfer,Midwest,No,No
STABLE-00486,59,30.76,0,1,15.3,9,One year,Bank transfer,South,Yes,No
STABLE-00487,32,38.0,0,1,31.1,9,One year,Mailed check,Midwest,Yes,No
STABLE-00488,63,88.85,2,2,14.4,9,Two year,Credit card,South,Yes,No
STABLE-00489,23,58.41,0,3,16.5,8,Two year,Electronic check,South,Yes,Yes
STABLE-00490,33,76.12,1,6,25.2,8,Two year,Credit card,Northeast,No,No
STABLE-00491,22,58.71,1,0,27.8,8,Two year,Bank transfer,South,Yes,No
STABLE-00492,61,66.08,0,0,17.8,8,One year,Bank transfer,South,Yes,No
STABLE-00493,55,101.55,1,0,7.4,9,Two year,Credit card,West,Yes,No
STABLE-00494,55,48.03,0,2,27.5,10,Month-to-month,Mailed check,Midwest,Yes,No
STABLE-00495,37,28.11,0,2,22.4,8,Two year,Credit card,West,Yes,No
STABLE-00496,43,99.07,2,0,21.2,8,One year,Mailed check,Midwest,No,Yes
STABLE-00497,35,63.13,2,2,13.8,8,Two year,Electronic check,Midwest,Yes,No
STABLE-00498,21,50.17,0,1,21.2,7,Two year,Credit card,Midwest,Yes,No
STABLE-00499,26,101.74,1,2,30.1,8,One year,Mailed check,South,Yes,No
STABLE-00500,39,53.79,0,1,25.6,9,Two year,Electronic check,Northeast,Yes,No
STABLE-00501,63,102.56,0,0,28.4,8,Two year,Bank transfer,South,Yes,No
STABLE-00502,27,68.74,0,0,23.9,9,Two year,Mailed check,Midwest,Yes,Yes
STABLE-00503,21,83.2,0,3,19.9,8,Month-to-month,Bank transfer,Midwest,No,Yes
STABLE-00504,72,92.77,2,0,22.4,8,Two year,Bank transfer,South,Yes,No
STABLE-00505,58,26.29,0,1,15.1,7,Two year,Bank transfer,Midwest,Yes,Yes
STABLE-00506,18,52.12,1,0,22.0,6,One year,Bank transfer,West,Yes,No
STABLE-00507,21,40.65,0,0,14.5,8,One year,Credit card,West,Yes,No
STABLE-00508,60,42.63,0,2,19.3,7,One year,Mailed check,Midwest,Yes,No
STABLE-00509,33,51.59,0,1,17.6,8,Two year,Credit card,Northeast,Yes,No
STABLE-00510,33,65.44,1,1,20.9,9,One year,Electronic check,West,Yes,No
STABLE-00511,35,82.44,1,0,20.5,10,Two year,Bank transfer,Midwest,No,No
STABLE-00512,39,101.76,0,1,28.1,9,One year,Bank transfer,West,Yes,Yes
STABLE-00513,29,40.54,2,0,37.5,8,Two year,Credit card,Midwest,Yes,No
STABLE-00514,28,103.2,2,0,37.1,8,One year,Credit card,Midwest,Yes,No
STABLE-00515,25,49.37,2,3,45.3,9,Two year,Mailed check,Northeast,Yes,No
STABLE-00516,43,26.11,1,1,5.2,7,One year,Bank transfer,South,No,No
STABLE-00517,38,38.52,0,0,26.1,8,One year,Electronic check,Northeast,Yes,No
STABLE-00518,57,72.69,1,0,25.0,9,Two year,Mailed check,South,Yes,No
STABLE-00519,66,83.27,2,0,29.7,8,Two year,Bank transfer,West,Yes,No
STABLE-00520,72,45.14,1,0,27.6,10,Two year,Bank transfer,South,Yes,No
STABLE-00521,72,92.25,3,1,14.4,8,One year,Mailed check,Midwest,No,No
STABLE-00522,44,81.92,0,0,9.3,8,Two year,Electronic check,Midwest,Yes,No
STABLE-00523,63,40.07,0,0,24.0,9,One year,Mailed check,Northeast,Yes,No
STABLE-00524,55,91.37,0,1,27.1,9,Two year,Credit card,Northeast,Yes,No
STABLE-00525,18,36.25,0,1,41.1,10,Two year,Mailed check,Northeast,Yes,No
STABLE-00526,28,90.19,1,0,22.6,8,Two year,Mailed check,Northeast,Yes,No
STABLE-00527,19,93.03,1,0,13.0,8,Two year,Credit card,South,No,No
STABLE-00528,44,64.06,0,2,18.1,7,One year,Credit card,Northeast,Yes,No
STABLE-00529,18,39.93,0,4,8.2,10,Two year,Electronic check,West,Yes,No
STABLE-00530,63,64.07,0,0,25.8,8,Two year,Credit card,Northeast,Yes,No
STABLE-00531,41,36.41,0,1,20.3,8,One year,Bank transfer,West,No,No
STABLE-00532,20,85.43,3,1,22.1,8,Two year,Electronic check,West,Yes,No
STABLE-00533,55,86.05,0,1,23.4,7,One year,Bank transfer,Midwest,Yes,No
STABLE-00534,66,100.28,0,1,38.0,8,Two year,Electronic check,Northeast,Yes,No
STABLE-00535,54,31.69,0,0,19.5,8,One year,Electronic check,Northeast,Yes,No
STABLE-00536,46,70.63,0,2,48.7,7,Two year,Electronic check,South,Yes,No
STABLE-00537,31,32.56,4,1,35.4,7,Two year,Credit card,Northeast,Yes,No
STABLE-00538,64,52.0,1,3,21.0,8,Two year,Bank transfer,Midwest,Yes,No
STABLE-00539,31,98.48,0,2,28.0,8,Month-to-month,Mailed check,South,No,No
STABLE-00540,64,89.21,1,4,24.1,9,Month-to-month,Bank transfer,West,Yes,No
STABLE-00541,24,96.85,2,0,34.2,8,Month-to-month,Bank transfer,Northeast,Yes,No
STABLE-00542,51,85.24,0,1,31.0,8,Two year,Credit card,Northeast,No,No
STABLE-00543,40,66.73,1,0,24.7,8,One year,Credit card,Midwest,Yes,No
STABLE-00544,38,26.93,0,4,31.5,6,Two year,Bank transfer,West,No,No
STABLE-00545,55,53.97,1,0,12.0,8,Two year,Mailed check,Midwest,Yes,No
STABLE-00546,41,44.44,0,0,20.6,7,One year,Electronic check,West,Yes,No
STABLE-00547,50,92.41,1,0,12.8,8,Two year,Credit card,West,No,No
STABLE-00548,24,57.65,1,0,20.6,8,One year,Credit card,South,Yes,No
STABLE-00549,35,26.1,2,0,37.7,8,Two year,Electronic check,Northeast,Yes,No
STABLE-00550,36,81.87,0,4,29.1,7,Two year,Bank transfer,Northeast,Yes,No
STABLE-00551,45,33.05,1,0,25.3,9,Two year,Credit card,West,Yes,No
STABLE-00552,30,78.04,0,2,18.3,8,Two year,Bank transfer,South,Yes,No
STABLE-00553,62,68.85,0,4,29.6,7,Two year,Mailed check,South,Yes,No
STABLE-00554,57,62.56,1,0,11.7,9,Two year,Credit card,Midwest,No,No
STABLE-00555,50,89.97,1,0,22.7,7,Month-to-month,Mailed check,West,Yes,No
STABLE-00556,49,77.31,2,2,26.5,6,Two year,Electronic check,West,Yes,Yes
STABLE-00557,25,75.49,1,0,26.5,9,Two year,Bank transfer,South,Yes,No
STABLE-00558,47,91.68,0,0,16.7,8,One year,Bank transfer,Northeast,Yes,No
STABLE-00559,65,68.0,0,2,23.0,7,Two year,Electronic check,South,No,No
STABLE-00560,44,71.59,2,1,23.7,8,One year,Mailed check,Midwest,Yes,No
STABLE-00561,23,68.0,0,2,19.4,6,One year,Mailed check,South,Yes,No
STABLE-00562,48,31.11,0,1,23.0,8,Two year,Mailed check,South,No,No
STABLE-00563,49,49.27,0,1,37.5,10,Two year,Bank transfer,Midwest,Yes,No
STABLE-00564,59,60.13,0,0,21.4,8,Two year,Credit card,Midwest,Yes,No
STABLE-00565,24,101.7,0,0,22.6,10,Month-to-month,Electronic check,South,Yes,No
STABLE-00566,40,101.09,2,0,1.5,8,Two year,Electronic check,West,Yes,No
STABLE-00567,49,55.75,0,3,22.5,9,Two year,Electronic check,West,Yes,No
STABLE-00568,32,82.79,1,0,40.0,10,Month-to-month,Mailed check,West,Yes,No
STABLE-00569,24,75.81,1,2,24.3,9,Two year,Bank transfer,South,Yes,No
STABLE-00570,23,33.69,1,4,20.5,8,Two year,Credit card,South,Yes,No
STABLE-00571,67,82.9,2,2,23.9,9,Two year,Electronic check,South,Yes,No
STABLE-00572,22,91.23,0,1,38.0,9,One year,Mailed check,Midwest,Yes,No
STABLE-00573,20,38.41,0,0,20.5,8,Two year,Bank transfer,Midwest,Yes,No
STABLE-00574,65,75.07,0,1,21.1,8,One year,Bank transfer,Midwest,Yes,No
STABLE-00575,53,75.21,0,1,38.9,8,One year,Electronic check,Northeast,No,No
STABLE-00576,71,95.7,1,0,20.0,7,Two year,Credit card,West,Yes,No
STABLE-00577,58,53.93,1,0,33.9,6,One year,Bank transfer,West,No,No
STABLE-00578,33,27.06,2,1,25.8,9,Two year,Bank transfer,South,Yes,No
STABLE-00579,46,28.72,0,0,33.3,9,Two year,Credit card,Northeast,Yes,No
STABLE-00580,56,87.44,1,1,27.4,8,Two year,Credit card,West,Yes,Yes
STABLE-00581,46,60.88,0,0,25.2,8,One year,Mailed check,Midwest,Yes,No
STABLE-00582,49,61.09,2,1,16.8,8,One year,Mailed check,South,No,No
STABLE-00583,39,65.3,1,4,34.4,9,One year,Credit card,South,Yes,No
STABLE-00584,70,102.13,1,0,24.9,9,One year,Bank transfer,Midwest,Yes,No
STABLE-00585,21,51.17,0,0,21.2,10,One year,Electronic check,Northeast,Yes,No
STABLE-00586,43,25.73,0,0,42.9,10,Month-to-month,Mailed check,West,Yes,No
STABLE-00587,72,85.11,1,0,19.1,7,Two year,Electronic check,South,Yes,No
STABLE-00588,66,74.08,3,3,27.5,8,Two year,Mailed check,West,Yes,No
STABLE-00589,71,79.73,0,3,17.1,9,Two year,Credit card,Northeast,Yes,No
STABLE-00590,35,47.61,0,0,19.7,6,Two year,Credit card,Northeast,Yes,No
STABLE-00591,44,54.66,1,0,36.1,9,Two year,Electronic check,Northeast,Yes,No
STABLE-00592,48,35.9,0,3,26.5,8,One year,Mailed check,Midwest,Yes,No
STABLE-00593,32,41.93,2,0,13.0,9,One year,Bank transfer,Midwest,Yes,Yes
STABLE-00594,55,77.95,1,1,14.0,9,One year,Mailed check,Midwest,Yes,No
STABLE-00595,69,86.69,3,0,14.5,10,Two year,Bank transfer,South,Yes,No
STABLE-00596,60,88.17,1,3,31.3,8,One year,Electronic check,Midwest,Yes,No
STABLE-00597,43,31.94,2,1,11.1,8,One year,Mailed check,South,Yes,No
STABLE-00598,23,26.96,0,2,21.5,10,Two year,Mailed check,South,Yes,No
STABLE-00599,37,66.19,1,2,20.9,8,One year,Electronic check,South,Yes,No
STABLE-00600,44,25.32,2,3,33.0,8,Two year,Electronic check,West,Yes,No
STABLE-00601,23,50.49,2,0,15.4,8,Two year,Bank transfer,Midwest,Yes,No
STABLE-00602,40,76.35,1,1,27.9,7,One year,Credit card,West,Yes,No
STABLE-00603,52,35.06,0,0,7.0,8,Two year,Electronic check,Northeast,No,No
STABLE-00604,26,44.11,1,0,19.9,8,One year,Credit card,South,Yes,No
STABLE-00605,56,67.85,2,0,38.7,10,One year,Electronic check,South,No,Yes
STABLE-00606,71,93.46,0,1,23.2,9,Two year,Electronic check,Midwest,Yes,Yes
STABLE-00607,70,70.17,0,0,26.1,7,Two year,Bank transfer,West,No,No
STABLE-00608,35,92.44,0,0,17.6,8,Month-to-month,Credit card,West,No,No
STABLE-00609,31,52.75,3,0,11.3,10,Two year,Mailed check,Midwest,Yes,No
STABLE-00610,47,26.81,0,0,37.1,10,Two year,Mailed check,West,Yes,No
STABLE-00611,39,30.55,2,0,14.6,7,Two year,Electronic check,South,Yes,Yes
STABLE-00612,65,74.44,0,0,21.6,9,Two year,Mailed check,West,Yes,No
STABLE-00613,45,100.36,1,2,35.1,7,Two year,Electronic check,West,Yes,No
STABLE-00614,20,44.41,1,0,18.4,10,One year,Credit card,West,Yes,No
STABLE-00615,23,36.94,1,3,26.1,8,Two year,Mailed check,Midwest,Yes,No
STABLE-00616,57,55.46,2,0,21.8,10,One year,Bank transfer,Midwest,Yes,No
STABLE-00617,59,68.84,0,3,29.9,8,One year,Credit card,South,No,Yes
STABLE-00618,47,64.31,1,0,22.1,8,Two year,Electronic check,West,Yes,No
STABLE-00619,23,102.02,0,2,17.9,8,Two year,Mailed check,Northeast,Yes,No
STABLE-00620,59,51.48,0,3,34.4,10,Two year,Mailed check,West,Yes,No
STABLE-00621,35,82.91,0,0,35.9,8,One year,Mailed check,Northeast,Yes,No
STABLE-00622,42,40.02,2,1,17.3,9,Two year,Electronic check,Midwest,Yes,No
STABLE-00623,58,100.44,1,0,25.7,8,Two year,Mailed check,South,Yes,No
STABLE-00624,69,36.16,0,0,22.7,9,Two year,Bank transfer,South,Yes,No
STABLE-00625,20,78.26,3,0,24.0,8,Month-to-month,Mailed check,Midwest,No,No
STABLE-00626,22,63.81,1,0,25.3,9,Two year,Bank transfer,West,Yes,Yes
STABLE-00627,22,71.01,3,0,36.3,8,Two year,Mailed check,South,Yes,No
STABLE-00628,55,69.35,0,3,22.6,8,Two year,Electronic check,Midwest,Yes,No
STABLE-00629,20,88.55,4,0,25.2,6,Two year,Bank transfer,South,No,No
STABLE-00630,39,68.61,1,3,33.2,9,One year,Bank transfer,South,Yes,No
STABLE-00631,69,57.65,0,2,29.5,10,Two year,Mailed check,South,Yes,No
STABLE-00632,25,88.73,0,0,32.2,7,Month-to-month,Credit card,Northeast,Yes,No
STABLE-00633,45,63.0,1,2,38.3,8,Two year,Bank transfer,South,Yes,No
STABLE-00634,58,88.6,0,4,29.4,9,One year,Bank transfer,West,Yes,Yes
STABLE-00635,30,33.89,1,2,25.9,8,One year,Mailed check,Northeast,Yes,Yes
STABLE-00636,66,77.17,0,0,17.8,8,Two year,Credit card,Northeast,Yes,No
STABLE-00637,34,76.77,1,2,43.0,8,Two year,Mailed check,Northeast,Yes,No
STABLE-00638,58,58.84,1,0,22.6,8,Month-to-month,Bank transfer,Northeast,Yes,No
STABLE-00639,45,71.21,1,3,22.7,7,Two year,Mailed check,Midwest,No,Yes
STABLE-00640,34,74.76,3,2,18.8,9,One year,Bank transfer,Northeast,Yes,No
STABLE-00641,71,53.6,0,1,29.3,9,Two year,Credit card,Midwest,Yes,No
STABLE-00642,56,68.3,2,1,23.3,9,Two year,Credit card,West,Yes,No
STABLE-00643,34,64.73,0,0,4.0,9,One year,Mailed check,South,Yes,No
STABLE-00644,20,43.01,2,4,17.4,8,Two year,Electronic check,Midwest,Yes,Yes
STABLE-00645,56,100.95,2,0,41.8,9,One year,Mailed check,Northeast,Yes,No
STABLE-00646,21,49.8,0,1,36.1,8,Two year,Electronic check,Midwest,Yes,Yes
STABLE-00647,29,70.36,1,0,22.6,7,Month-to-month,Mailed check,Midwest,Yes,No
STABLE-00648,65,78.51,0,0,23.2,9,Two year,Credit card,Northeast,Yes,No
STABLE-00649,49,96.24,1,2,7.9,8,Two year,Credit card,Midwest,Yes,No
STABLE-00650,39,104.47,0,2,29.3,7,One year,Mailed check,Midwest,No,Yes
STABLE-00651,48,57.02,1,0,39.6,8,Two year,Credit card,Northeast,No,No
STABLE-00652,68,87.12,1,0,26.6,7,Two year,Bank transfer,Northeast,Yes,No
STABLE-00653,69,72.2,1,0,13.2,7,Month-to-month,Bank transfer,Midwest,Yes,No
STABLE-00654,61,69.02,1,1,15.8,8,Two year,Credit card,South,Yes,No
STABLE-00655,58,36.68,1,2,18.2,10,One year,Electronic check,Northeast,Yes,No
STABLE-00656,36,40.15,2,1,19.8,10,One year,Electronic check,Northeast,Yes,Yes
STABLE-00657,72,102.2,1,0,11.6,8,One year,Electronic check,Northeast,No,No
STABLE-00658,55,76.86,0,0,13.0,7,Two year,Mailed check,Northeast,Yes,No
STABLE-00659,60,57.4,0,3,20.2,10,Two year,Bank transfer,South,No,No
STABLE-00660,42,60.74,2,1,17.1,8,One year,Bank transfer,South,Yes,No
STABLE-00661,61,32.24,0,1,32.6,10,One year,Mailed check,Northeast,Yes,No
STABLE-00662,62,25.98,0,0,33.2,8,One year,Mailed check,Midwest,Yes,No
STABLE-00663,26,36.39,1,1,17.3,8,Month-to-month,Credit card,South,Yes,No
STABLE-00664,35,87.48,2,1,15.9,9,Month-to-month,Mailed check,Northeast,No,No
STABLE-00665,32,74.9,4,0,34.8,6,Two year,Mailed check,West,No,Yes
STABLE-00666,20,41.7,1,2,32.1,6,One year,Electronic check,West,No,No
STABLE-00667,19,44.63,0,0,19.7,7,Two year,Credit card,Midwest,Yes,Yes
STABLE-00668,47,61.12,2,1,19.9,8,Two year,Credit card,Northeast,Yes,Yes
STABLE-00669,18,77.88,1,0,11.8,7,Two year,Electronic check,Midwest,No,No
STABLE-00670,63,37.16,1,1,19.5,8,Two year,Electronic check,Northeast,Yes,No
STABLE-00671,44,43.45,0,0,33.4,7,Two year,Credit card,Northeast,Yes,No
STABLE-00672,37,55.93,0,1,22.4,9,One year,Credit card,South,No,No
STABLE-00673,21,99.74,0,0,54.2,9,Two year,Bank transfer,West,Yes,No
STABLE-00674,49,100.37,0,0,26.7,8,Two year,Credit card,Northeast,Yes,No
STABLE-00675,56,52.25,0,2,25.8,8,Two year,Credit card,Midwest,Yes,No
STABLE-00676,44,47.46,0,0,24.5,8,Two year,Bank transfer,Northeast,Yes,No
STABLE-00677,21,88.89,0,2,20.8,7,One year,Bank transfer,West,Yes,No
STABLE-00678,60,39.23,2,0,29.4,6,Two year,Electronic check,South,Yes,No
STABLE-00679,44,97.23,1,2,15.1,9,Two year,Bank transfer,Northeast,No,No
STABLE-00680,50,55.61,2,0,33.4,6,Two year,Electronic check,South,Yes,No
STABLE-00681,58,100.09,0,0,24.6,9,Two year,Bank transfer,Northeast,No,No
STABLE-00682,25,95.43,1,3,24.9,9,Two year,Mailed check,Midwest,Yes,Yes
STABLE-00683,47,78.62,0,1,26.9,8,Two year,Credit card,South,Yes,No
STABLE-00684,25,79.93,1,0,4.4,7,One year,Credit card,South,No,Yes
STABLE-00685,29,37.75,2,0,35.0,8,Two year,Bank transfer,Northeast,Yes,Yes
STABLE-00686,45,43.83,2,0,23.8,9,One year,Bank transfer,South,Yes,Yes
STABLE-00687,31,35.99,2,1,37.8,8,Two year,Electronic check,South,Yes,No
STABLE-00688,71,97.27,1,2,21.3,7,Two year,Credit card,Midwest,Yes,No
STABLE-00689,29,97.35,1,2,21.0,10,Two year,Electronic check,South,Yes,No
STABLE-00690,20,46.1,1,2,34.8,7,One year,Electronic check,West,No,No
STABLE-00691,26,51.08,0,1,34.6,8,Month-to-month,Electronic check,Northeast,Yes,No
STABLE-00692,57,78.89,2,2,19.7,9,Two year,Credit card,South,Yes,No
STABLE-00693,65,30.7,1,0,28.0,7,Month-to-month,Mailed check,Northeast,Yes,No
STABLE-00694,29,44.45,4,2,29.1,9,Month-to-month,Credit card,South,Yes,No
STABLE-00695,19,99.3,0,3,30.0,9,Two year,Electronic check,Northeast,Yes,Yes
STABLE-00696,55,68.31,0,2,21.9,9,Two year,Mailed check,Midwest,Yes,No
STABLE-00697,41,63.48,1,1,22.5,9,Two year,Credit card,Northeast,Yes,No
STABLE-00698,59,102.44,0,1,28.8,8,One year,Mailed check,Northeast,Yes,Yes
STABLE-00699,38,35.88,0,1,37.5,9,One year,Electronic check,South,Yes,No
STABLE-00700,61,59.82,2,0,17.0,6,Two year,Mailed check,Northeast,Yes,No
STABLE-00701,45,28.56,1,0,35.0,8,One year,Electronic check,West,Yes,No
STABLE-00702,53,96.79,0,0,16.8,8,Month-to-month,Bank transfer,West,Yes,Yes
STABLE-00703,60,77.31,0,3,32.7,8,Two year,Bank transfer,South,Yes,No
STABLE-00704,49,81.86,0,1,37.1,8,Two year,Mailed check,Midwest,Yes,No
STABLE-00705,60,54.69,1,0,30.8,9,One year,Mailed check,South,Yes,No
STABLE-00706,35,80.79,1,0,28.3,7,Two year,Credit card,Northeast,Yes,No
STABLE-00707,48,28.73,2,2,9.0,9,Two year,Bank transfer,Midwest,Yes,No
STABLE-00708,63,44.21,0,2,22.2,6,Two year,Electronic check,Northeast,Yes,No
STABLE-00709,56,60.41,2,0,15.4,6,One year,Mailed check,West,Yes,No
STABLE-00710,29,58.87,0,1,16.8,10,Month-to-month,Credit card,South,Yes,Yes
STABLE-00711,43,35.59,2,0,15.0,6,Month-to-month,Bank transfer,Northeast,Yes,Yes
STABLE-00712,33,51.0,0,1,12.6,8,One year,Credit card,South,No,No
STABLE-00713,52,98.87,3,0,31.4,9,Two year,Electronic check,Northeast,No,No
STABLE-00714,47,94.34,2,0,30.8,8,One year,Credit card,South,Yes,Yes
STABLE-00715,38,33.35,0,1,17.7,8,Two year,Credit card,West,Yes,Yes
STABLE-00716,43,93.66,1,0,18.3,7,Two year,Bank transfer,West,Yes,No
STABLE-00717,64,28.99,0,0,14.8,8,One year,Credit card,South,Yes,No
STABLE-00718,24,39.11,0,0,23.9,10,Two year,Credit card,South,No,No
STABLE-00719,59,96.95,0,1,15.1,9,Two year,Mailed check,Midwest,Yes,No
STABLE-00720,27,68.03,1,0,14.3,7,One year,Electronic check,Midwest,Yes,No
STABLE-00721,63,65.04,0,1,19.7,7,One year,Electronic check,Midwest,Yes,No
STABLE-00722,51,74.65,0,1,15.9,9,Two year,Credit card,Midwest,Yes,Yes
STABLE-00723,71,54.2,2,0,5.5,6,One year,Credit card,Northeast,Yes,No
STABLE-00724,63,28.1,1,0,13.8,8,Month-to-month,Mailed check,Midwest,Yes,No
STABLE-00725,46,60.01,0,1,29.3,8,Two year,Bank transfer,South,No,No
STABLE-00726,60,103.89,0,0,8.4,8,One year,Bank transfer,Northeast,Yes,No
STABLE-00727,44,83.59,1,0,27.6,9,Two year,Credit card,Midwest,Yes,No
STABLE-00728,71,79.55,0,2,15.8,8,Two year,Credit card,Northeast,Yes,No
STABLE-00729,37,100.47,0,1,24.3,9,One year,Electronic check,Northeast,Yes,No
STABLE-00730,40,87.59,0,2,20.5,7,One year,Mailed check,Midwest,No,Yes
STABLE-00731,64,86.03,0,0,26.6,9,One year,Electronic check,Northeast,Yes,No
STABLE-00732,48,27.63,0,3,15.2,8,One year,Credit card,West,Yes,No
STABLE-00733,57,81.42,1,1,16.0,9,Two year,Mailed check,West,No,No
STABLE-00734,40,47.31,0,1,22.4,8,Two year,Credit card,Midwest,Yes,No
STABLE-00735,58,91.0,2,2,29.7,8,One year,Bank transfer,Northeast,Yes,No
STABLE-00736,64,26.32,2,0,8.8,7,Two year,Mailed check,West,Yes,No
STABLE-00737,59,64.14,1,0,38.9,7,Two year,Credit card,Midwest,Yes,No
STABLE-00738,60,89.88,2,0,20.8,9,One year,Mailed check,Midwest,No,No
STABLE-00739,49,33.87,0,0,36.9,9,Two year,Bank transfer,Midwest,Yes,No
STABLE-00740,34,33.22,0,1,33.8,9,Two year,Mailed check,West,Yes,No
STABLE-00741,45,37.13,1,2,20.3,9,One year,Bank transfer,Northeast,Yes,No
STABLE-00742,42,56.86,0,0,19.0,7,Two year,Credit card,West,Yes,No
STABLE-00743,64,81.19,0,2,23.6,7,Two year,Bank transfer,South,Yes,No
STABLE-00744,36,63.0,0,1,29.0,8,Two year,Credit card,Midwest,Yes,No
STABLE-00745,22,100.07,1,0,26.5,8,Two year,Credit card,West,Yes,No
STABLE-00746,23,47.44,0,2,26.0,10,Two year,Credit card,South,No,No
STABLE-00747,32,92.74,0,0,22.1,9,Two year,Electronic check,Northeast,No,No
STABLE-00748,49,43.41,0,0,19.2,9,Two year,Bank transfer,Midwest,Yes,No
STABLE-00749,33,89.48,0,1,22.3,6,One year,Credit card,Northeast,No,Yes
STABLE-00750,58,81.47,0,0,26.7,8,Two year,Credit card,South,Yes,No
STABLE-00751,38,103.65,0,0,19.3,7,One year,Credit card,Midwest,Yes,No
STABLE-00752,53,73.47,2,2,20.0,9,Two year,Electronic check,Midwest,Yes,Yes
STABLE-00753,22,74.19,1,2,17.6,8,Two year,Mailed check,Northeast,Yes,No
STABLE-00754,29,44.37,0,0,18.5,7,Two year,Bank transfer,Northeast,Yes,No
STABLE-00755,45,85.83,1,0,23.9,8,One year,Credit card,West,Yes,No
STABLE-00756,26,52.45,0,0,22.6,8,Two year,Electronic check,West,Yes,No
STABLE-00757,61,62.34,0,2,10.6,8,Two year,Credit card,Midwest,No,No
STABLE-00758,58,65.1,0,0,16.9,9,One year,Electronic check,Midwest,Yes,No
STABLE-00759,18,33.39,2,0,21.2,8,Two year,Bank transfer,Northeast,Yes,No
STABLE-00760,30,49.09,1,0,9.2,9,One year,Mailed check,South,No,No
STABLE-00761,43,38.28,1,0,29.4,7,One year,Electronic check,South,Yes,No
STABLE-00762,45,91.87,2,3,28.2,8,Two year,Credit card,West,Yes,Yes
STABLE-00763,44,40.29,1,0,30.6,8,Two year,Credit card,West,No,No
STABLE-00764,27,81.38,1,2,32.2,7,Two year,Credit card,Northeast,No,No
STABLE-00765,59,68.69,2,1,43.0,9,Two year,Mailed check,Midwest,Yes,Yes
STABLE-00766,38,60.79,0,0,29.0,9,Two year,Bank transfer,Northeast,Yes,No
STABLE-00767,34,63.49,1,1,13.6,8,One year,Mailed check,Northeast,Yes,No
STABLE-00768,47,64.78,0,1,21.6,8,Two year,Electronic check,South,No,No
STABLE-00769,69,26.05,0,1,22.6,8,One year,Bank transfer,Northeast,Yes,No
STABLE-00770,21,42.0,1,2,12.3,9,One year,Credit card,South,No,No
STABLE-00771,40,76.57,1,1,19.9,9,One year,Bank transfer,Midwest,No,No
STABLE-00772,37,65.28,0,0,28.3,9,Two year,Electronic check,South,Yes,No
STABLE-00773,56,74.4,0,0,24.0,9,Two year,Credit card,South,Yes,Yes
STABLE-00774,20,74.41,1,0,30.0,7,One year,Mailed check,South,Yes,No
STABLE-00775,51,69.28,0,0,27.9,9,Two year,Credit card,Northeast,No,No
STABLE-00776,38,51.22,0,1,25.9,7,One year,Credit card,Northeast,Yes,Yes
STABLE-00777,22,95.38,0,0,30.8,7,Two year,Bank transfer,Northeast,Yes,No
STABLE-00778,58,104.95,1,3,39.6,9,Two year,Bank transfer,Northeast,Yes,Yes
STABLE-00779,66,63.95,0,0,25.2,7,Month-to-month,Bank transfer,South,Yes,Yes
STABLE-00780,32,61.69,1,0,29.4,10,Two year,Credit card,Northeast,Yes,No
STABLE-00781,38,82.58,1,2,23.7,8,Two year,Bank transfer,Northeast,Yes,No
STABLE-00782,71,61.12,1,0,35.4,10,One year,Electronic check,Midwest,Yes,No
STABLE-00783,69,49.0,0,1,16.4,7,One year,Electronic check,South,No,No
STABLE-00784,19,67.88,0,1,13.7,7,One year,Bank transfer,Midwest,Yes,No
STABLE-00785,51,45.09,2,0,23.4,8,Two year,Mailed check,South,Yes,No
STABLE-00786,71,90.67,1,4,30.6,8,Two year,Electronic check,Northeast,Yes,No
STABLE-00787,30,99.17,0,1,16.3,8,One year,Credit card,Midwest,Yes,No
STABLE-00788,71,48.59,0,0,31.0,8,Month-to-month,Bank transfer,Northeast,Yes,No
STABLE-00789,71,71.52,0,3,18.6,8,One year,Credit card,Northeast,Yes,No
STABLE-00790,64,42.4,0,2,19.5,9,Two year,Credit card,West,Yes,No
STABLE-00791,51,82.54,0,1,25.7,9,Two year,Mailed check,Midwest,Yes,No
STABLE-00792,69,72.94,1,0,18.7,8,One year,Mailed check,Northeast,Yes,No
STABLE-00793,30,70.24,1,0,7.9,7,Month-to-month,Electronic check,Northeast,Yes,No
STABLE-00794,38,80.74,0,2,39.2,9,One year,Electronic check,Midwest,Yes,No
STABLE-00795,28,79.39,0,0,16.9,10,Two year,Bank transfer,Northeast,Yes,Yes
STABLE-00796,56,93.77,0,2,20.8,8,One year,Electronic check,Midwest,Yes,Yes
STABLE-00797,62,89.91,1,0,25.5,8,One year,Mailed check,West,Yes,No
STABLE-00798,38,63.3,0,0,21.0,9,Two year,Electronic check,West,Yes,No
STABLE-00799,42,83.87,0,1,27.4,8,Two year,Bank transfer,Northeast,Yes,No
STABLE-00800,20,71.63,2,1,22.5,8,Month-to-month,Mailed check,West,No,Yes
STABLE-00801,50,37.92,2,0,16.8,7,One year,Mailed check,Midwest,No,Yes
STABLE-00802,56,99.05,3,0,19.1,7,Two year,Mailed check,Midwest,No,Yes
STABLE-00803,22,31.0,0,2,34.7,8,Two year,Electronic check,West,Yes,No
STABLE-00804,61,34.92,1,0,22.0,8,One year,Credit card,Midwest,No,No
STABLE-00805,65,58.5,0,1,5.1,8,Two year,Mailed check,Midwest,Yes,No
STABLE-00806,65,26.23,2,1,11.9,8,Two year,Electronic check,Northeast,No,No
STABLE-00807,68,87.48,0,0,17.1,9,Two year,Bank transfer,West,Yes,No
STABLE-00808,26,101.33,1,1,15.3,10,Month-to-month,Credit card,South,Yes,No
STABLE-00809,21,97.17,0,2,30.2,9,Two year,Mailed check,Midwest,No,No
STABLE-00810,63,75.68,2,4,25.0,7,Two year,Electronic check,South,Yes,No
STABLE-00811,44,33.18,0,1,19.2,9,Two year,Bank transfer,West,Yes,No
STABLE-00812,36,57.1,1,1,14.4,7,Two year,Credit card,Midwest,Yes,No
STABLE-00813,25,51.5,3,2,21.4,10,One year,Credit card,Northeast,Yes,No
STABLE-00814,64,63.42,1,0,16.9,7,One year,Mailed check,West,Yes,No
STABLE-00815,44,36.3,1,0,31.0,8,Two year,Credit card,West,No,No
STABLE-00816,41,67.2,0,4,24.3,8,Two year,Mailed check,Midwest,Yes,No
STABLE-00817,57,65.61,0,1,33.4,7,Two year,Electronic check,Midwest,Yes,Yes
STABLE-00818,31,91.48,1,0,40.5,8,Month-to-month,Mailed check,Northeast,Yes,No
STABLE-00819,57,70.43,2,2,11.6,9,Two year,Mailed check,South,Yes,No
STABLE-00820,43,65.56,2,0,18.9,8,Two year,Bank transfer,West,Yes,No
STABLE-00821,51,78.21,0,0,19.9,10,Two year,Credit card,South,Yes,No
STABLE-00822,53,34.41,1,2,20.3,8,Two year,Mailed check,West,Yes,No
STABLE-00823,41,94.89,2,0,31.8,9,One year,Credit card,West,Yes,No
STABLE-00824,47,61.45,1,1,31.9,8,Two year,Credit card,West,Yes,No
STABLE-00825,34,36.58,3,0,23.7,10,Two year,Bank transfer,West,No,No
STABLE-00826,59,55.28,1,1,40.8,9,Two year,Bank transfer,Northeast,No,No
STABLE-00827,62,69.39,0,0,17.9,8,One year,Electronic check,Northeast,Yes,No
STABLE-00828,35,38.99,2,1,26.2,9,Two year,Electronic check,South,No,Yes
STABLE-00829,45,77.61,2,0,21.2,10,Month-to-month,Mailed check,Midwest,No,No
STABLE-00830,33,85.49,0,0,25.2,9,Two year,Electronic check,Midwest,Yes,No
STABLE-00831,27,71.78,0,0,29.0,8,Two year,Credit card,South,Yes,No
STABLE-00832,69,58.51,0,0,38.9,8,Two year,Bank transfer,Northeast,No,No
STABLE-00833,23,86.06,1,0,11.4,7,Two year,Mailed check,South,Yes,No
STABLE-00834,19,87.69,0,1,32.0,8,One year,Credit card,Midwest,Yes,Yes
STABLE-00835,28,70.36,1,0,21.1,9,Two year,Credit card,South,Yes,No
STABLE-00836,61,36.78,0,0,15.4,6,Two year,Credit card,Northeast,Yes,No
STABLE-00837,18,43.53,2,3,18.9,9,Two year,Mailed check,West,Yes,No
STABLE-00838,67,26.87,0,0,16.1,9,Two year,Bank transfer,South,No,No
STABLE-00839,44,54.61,0,0,13.6,9,Two year,Credit card,Northeast,Yes,No
STABLE-00840,66,30.54,3,0,18.2,7,One year,Mailed check,Midwest,Yes,No
STABLE-00841,70,103.34,0,0,32.8,7,One year,Credit card,South,Yes,No
STABLE-00842,46,38.43,1,0,12.5,8,Two year,Electronic check,West,Yes,No
STABLE-00843,68,55.25,2,0,16.0,8,One year,Bank transfer,West,Yes,No
STABLE-00844,55,31.46,0,2,11.2,8,Month-to-month,Mailed check,South,No,No
STABLE-00845,33,44.69,0,2,13.5,10,One year,Electronic check,Midwest,No,No
STABLE-00846,29,67.43,0,2,24.2,7,Two year,Bank transfer,Northeast,Yes,No
STABLE-00847,44,69.6,0,3,22.5,9,Month-to-month,Bank transfer,Northeast,Yes,No
STABLE-00848,30,27.55,0,0,16.8,7,Two year,Credit card,West,Yes,No
STABLE-00849,63,102.18,2,0,19.8,8,One year,Electronic check,South,Yes,No
STABLE-00850,42,81.58,1,1,29.9,7,Two year,Bank transfer,West,Yes,Yes
STABLE-00851,66,77.56,3,1,28.5,10,One year,Mailed check,Midwest,Yes,Yes
STABLE-00852,20,30.31,0,2,6.2,7,Month-to-month,Credit card,South,Yes,Yes
STABLE-00853,38,30.13,0,0,8.2,8,Month-to-month,Bank transfer,Northeast,Yes,No
STABLE-00854,69,60.08,0,1,25.5,7,One year,Credit card,Northeast,Yes,Yes
STABLE-00855,45,79.96,1,1,10.7,9,Two year,Bank transfer,Midwest,Yes,No
STABLE-00856,60,75.85,3,1,28.1,9,Two year,Mailed check,Midwest,No,No
STABLE-00857,20,27.23,0,2,32.3,7,Two year,Credit card,Northeast,Yes,No
STABLE-00858,36,92.07,2,0,21.6,10,One year,Electronic check,Northeast,Yes,No
STABLE-00859,64,80.65,0,1,20.6,10,Two year,Bank transfer,Northeast,Yes,No
STABLE-00860,60,31.34,0,0,16.7,8,Two year,Bank transfer,West,Yes,No
STABLE-00861,21,71.0,2,0,40.4,8,Two year,Bank transfer,South,Yes,Yes
STABLE-00862,43,25.28,2,1,11.1,9,One year,Credit card,Northeast,Yes,No
STABLE-00863,65,59.36,0,2,25.1,7,One year,Electronic check,Northeast,Yes,No
STABLE-00864,71,77.94,1,1,24.9,8,One year,Mailed check,South,Yes,Yes
STABLE-00865,66,75.55,1,0,27.4,8,Month-to-month,Electronic check,Midwest,No,Yes
STABLE-00866,44,83.75,0,2,46.6,6,One year,Mailed check,Midwest,Yes,No
STABLE-00867,53,32.84,2,2,27.6,8,Two year,Credit card,Midwest,No,No
STABLE-00868,50,51.46,0,0,6.2,10,One year,Bank transfer,South,Yes,No
STABLE-00869,72,50.26,0,0,38.7,8,One year,Bank transfer,West,Yes,No
STABLE-00870,37,75.88,2,2,20.4,9,Two year,Bank transfer,Northeast,Yes,No
STABLE-00871,38,27.28,0,1,23.9,7,Month-to-month,Credit card,Northeast,No,Yes
STABLE-00872,40,93.84,0,0,25.2,9,Two year,Electronic check,Midwest,Yes,No
STABLE-00873,65,99.55,1,1,38.4,7,Two year,Credit card,Northeast,Yes,No
STABLE-00874,31,30.83,1,1,26.5,9,Two year,Credit card,South,No,No
STABLE-00875,62,32.54,2,0,19.9,8,Two year,Credit card,Northeast,Yes,No
STABLE-00876,32,92.62,2,3,20.7,9,One year,Bank transfer,South,No,Yes
STABLE-00877,28,30.87,0,1,16.3,8,One year,Credit card,South,Yes,No
STABLE-00878,68,82.01,0,0,12.1,10,Two year,Mailed check,West,No,No
STABLE-00879,47,45.14,0,2,23.9,7,One year,Electronic check,Northeast,Yes,No
STABLE-00880,56,73.8,2,1,23.8,9,One year,Bank transfer,West,No,Yes
STABLE-00881,72,61.13,2,0,39.2,8,Two year,Credit card,West,Yes,No
STABLE-00882,55,37.84,1,0,18.7,8,Two year,Credit card,Midwest,Yes,No
STABLE-00883,34,26.38,2,0,31.5,7,Two year,Electronic check,Midwest,Yes,No
STABLE-00884,23,26.54,0,0,17.3,8,Two year,Credit card,South,No,No
STABLE-00885,52,33.01,2,3,28.3,10,Month-to-month,Mailed check,Midwest,No,Yes
STABLE-00886,40,32.36,3,1,24.4,10,Two year,Mailed check,Northeast,Yes,No
STABLE-00887,34,40.07,0,0,24.4,9,Two year,Credit card,Midwest,No,No
STABLE-00888,30,97.94,2,3,15.2,7,Two year,Credit card,West,No,No
STABLE-00889,57,35.99,0,0,22.0,6,One year,Electronic check,West,Yes,No
STABLE-00890,70,98.53,2,0,14.9,10,Two year,Electronic check,South,Yes,No
STABLE-00891,45,33.54,0,0,26.3,9,One year,Bank transfer,Midwest,Yes,No
STABLE-00892,55,29.04,2,0,22.4,8,One year,Bank transfer,South,Yes,No
STABLE-00893,18,73.71,1,0,18.7,8,Two year,Bank transfer,South,Yes,No
STABLE-00894,54,99.61,4,2,16.3,8,One year,Electronic check,Midwest,No,Yes
STABLE-00895,45,52.5,1,2,26.6,7,Two year,Bank transfer,West,Yes,No
STABLE-00896,67,69.0,2,0,16.6,9,One year,Electronic check,Northeast,Yes,Yes
STABLE-00897,59,30.58,0,0,1.7,8,One year,Electronic check,West,Yes,No
STABLE-00898,50,30.86,1,2,32.8,5,Two year,Credit card,Midwest,Yes,No
STABLE-00899,27,61.29,1,0,20.3,9,Two year,Credit card,West,Yes,No
STABLE-00900,67,27.78,0,1,29.9,9,Month-to-month,Mailed check,West,No,No
STABLE-00901,41,92.39,0,2,22.1,9,One year,Electronic check,West,Yes,No
STABLE-00902,68,89.48,1,0,38.0,8,Two year,Credit card,Northeast,Yes,No
STABLE-00903,21,35.61,0,0,23.2,8,Two year,Bank transfer,Northeast,Yes,No
STABLE-00904,27,99.53,0,2,22.1,7,Two year,Mailed check,Midwest,Yes,No
STABLE-00905,71,99.93,3,0,10.4,9,Two year,Mailed check,Northeast,Yes,No
STABLE-00906,47,103.92,2,0,13.2,8,Two year,Bank transfer,Midwest,Yes,No
STABLE-00907,57,32.91,2,0,25.9,9,One year,Electronic check,Northeast,Yes,No
STABLE-00908,20,54.63,1,0,38.4,6,Two year,Bank transfer,Midwest,Yes,No
STABLE-00909,65,95.28,2,2,18.8,10,Month-to-month,Bank transfer,South,Yes,No
STABLE-00910,37,54.26,1,1,21.8,7,Two year,Mailed check,Northeast,Yes,No
STABLE-00911,50,78.66,0,1,30.2,8,Two year,Bank transfer,Northeast,Yes,No
STABLE-00912,42,67.04,0,0,26.6,9,Two year,Electronic check,Northeast,Yes,No
STABLE-00913,29,36.47,0,0,38.5,7,One year,Electronic check,West,Yes,No
STABLE-00914,29,96.15,0,2,26.9,10,Two year,Bank transfer,Midwest,Yes,No
STABLE-00915,63,73.96,0,0,37.4,7,Two year,Mailed check,Northeast,No,No
STABLE-00916,25,84.56,0,0,27.0,10,Two year,Electronic check,Midwest,Yes,No
STABLE-00917,31,35.69,1,2,12.6,9,Two year,Bank transfer,Northeast,Yes,No
STABLE-00918,28,33.66,2,1,16.5,7,One year,Mailed check,Northeast,Yes,No
STABLE-00919,19,42.73,2,1,27.8,7,Two year,Mailed check,South,Yes,No
STABLE-00920,20,56.36,0,2,31.0,6,One year,Credit card,South,No,No
STABLE-00921,70,87.99,2,0,25.7,8,Two year,Electronic check,Midwest,No,No
STABLE-00922,49,102.37,4,0,13.0,8,One year,Bank transfer,South,Yes,Yes
STABLE-00923,18,29.32,2,1,23.3,9,One year,Credit card,South,Yes,No
STABLE-00924,25,71.61,1,4,15.2,8,Two year,Credit card,South,No,No
STABLE-00925,41,75.88,2,0,33.0,7,Two year,Electronic check,South,Yes,No
STABLE-00926,33,69.81,1,1,13.8,8,Two year,Mailed check,Northeast,Yes,No
STABLE-00927,24,26.26,0,0,36.6,9,One year,Bank transfer,Northeast,Yes,No
STABLE-00928,44,80.53,0,0,26.9,8,One year,Credit card,West,Yes,No
STABLE-00929,55,45.86,1,1,23.6,7,One year,Credit card,South,Yes,No
STABLE-00930,61,67.65,0,3,37.5,10,Two year,Electronic check,South,No,No
STABLE-00931,28,96.31,0,0,26.4,8,Two year,Mailed check,South,Yes,No
STABLE-00932,22,42.86,5,2,17.5,8,Two year,Bank transfer,South,No,Yes
STABLE-00933,64,74.64,0,0,15.9,10,One year,Credit card,Midwest,Yes,No
STABLE-00934,70,76.97,1,0,33.4,7,One year,Mailed check,West,No,No
STABLE-00935,48,82.82,0,1,13.6,9,One year,Bank transfer,Midwest,Yes,No
STABLE-00936,26,36.26,3,2,21.3,9,Two year,Electronic check,South,Yes,No
STABLE-00937,46,99.64,2,0,14.1,10,One year,Electronic check,South,Yes,No
STABLE-00938,58,93.46,2,2,24.1,8,Month-to-month,Credit card,West,Yes,No
STABLE-00939,27,84.65,0,0,26.6,8,Two year,Electronic check,West,Yes,No
STABLE-00940,65,31.56,2,0,20.6,8,Two year,Credit card,West,Yes,No
STABLE-00941,21,80.21,0,3,45.8,9,Two year,Electronic check,Midwest,No,No
STABLE-00942,71,47.09,1,0,38.6,8,Two year,Credit card,Northeast,Yes,No
STABLE-00943,38,85.43,1,0,35.6,9,Two year,Credit card,West,Yes,No
STABLE-00944,44,25.83,0,0,33.3,9,Two year,Bank transfer,South,Yes,No
STABLE-00945,48,54.56,0,0,22.3,9,One year,Bank transfer,West,Yes,No
STABLE-00946,19,37.01,1,0,14.4,9,Two year,Mailed check,West,No,No
STABLE-00947,64,25.85,0,0,29.0,7,Two year,Credit card,Northeast,No,No
STABLE-00948,44,46.66,0,0,23.4,9,One year,Bank transfer,Midwest,Yes,No
STABLE-00949,60,58.2,2,2,39.4,7,One year,Credit card,Northeast,Yes,No
STABLE-00950,46,44.83,1,0,14.6,8,Two year,Credit card,West,Yes,No
STABLE-00951,22,99.76,1,1,33.2,7,Month-to-month,Electronic check,Northeast,Yes,Yes
STABLE-00952,25,38.96,1,0,31.9,7,Two year,Credit card,Midwest,Yes,Yes
STABLE-00953,58,28.73,0,4,32.8,7,Two year,Bank transfer,South,Yes,No
STABLE-00954,36,44.27,0,2,17.5,9,Month-to-month,Mailed check,Midwest,Yes,No
STABLE-00955,54,76.2,1,4,31.7,8,Two year,Mailed check,Midwest,Yes,No
STABLE-00956,61,77.81,0,0,17.0,8,Month-to-month,Bank transfer,Northeast,No,No
STABLE-00957,54,94.54,1,0,25.3,8,Two year,Credit card,Midwest,Yes,No
STABLE-00958,61,53.96,0,2,23.4,8,Two year,Bank transfer,Northeast,Yes,No
STABLE-00959,39,85.96,0,1,26.1,8,One year,Electronic check,Midwest,Yes,No
STABLE-00960,58,53.9,0,1,12.7,7,Two year,Electronic check,South,Yes,No
STABLE-00961,31,95.12,2,1,34.1,7,Two year,Electronic check,Northeast,Yes,No
STABLE-00962,38,42.6,0,0,19.5,8,Two year,Mailed check,Midwest,Yes,No
STABLE-00963,62,77.09,2,0,29.1,8,Two year,Electronic check,Midwest,Yes,No
STABLE-00964,64,88.71,3,3,20.0,9,One year,Mailed check,West,Yes,No
STABLE-00965,28,98.24,2,1,18.8,7,One year,Bank transfer,Northeast,Yes,Yes
STABLE-00966,55,82.71,1,1,32.9,9,Two year,Mailed check,Midwest,Yes,No
STABLE-00967,33,84.88,0,0,20.4,7,Two year,Mailed check,Midwest,Yes,No
STABLE-00968,39,64.29,0,1,23.5,8,One year,Credit card,Midwest,Yes,Yes
STABLE-00969,51,62.56,1,0,21.0,8,Two year,Credit card,Northeast,Yes,Yes
STABLE-00970,54,53.75,3,2,33.4,6,Two year,Mailed check,Midwest,Yes,Yes
STABLE-00971,36,60.4,0,1,34.4,7,Month-to-month,Credit card,Midwest,Yes,Yes
STABLE-00972,39,100.03,0,1,14.9,7,One year,Credit card,Midwest,No,No
STABLE-00973,39,53.3,1,2,30.2,8,One year,Bank transfer,Northeast,Yes,No
STABLE-00974,64,102.11,2,1,7.4,8,Two year,Electronic check,Midwest,Yes,No
STABLE-00975,45,65.46,2,1,24.9,9,Two year,Credit card,Northeast,No,No
STABLE-00976,67,46.62,0,2,12.8,8,One year,Credit card,Midwest,Yes,No
STABLE-00977,24,95.22,1,2,20.4,8,Two year,Electronic check,Northeast,Yes,No
STABLE-00978,52,81.8,1,0,30.5,8,Two year,Credit card,Midwest,Yes,No
STABLE-00979,46,80.45,1,2,36.3,8,Two year,Mailed check,Northeast,Yes,No
STABLE-00980,54,59.51,0,0,20.3,8,One year,Bank transfer,Northeast,Yes,No
STABLE-00981,47,95.04,2,0,30.5,7,Two year,Credit card,West,No,No
STABLE-00982,63,62.12,3,2,24.4,10,Two year,Credit card,Midwest,Yes,No
STABLE-00983,20,48.42,0,1,39.7,8,One year,Bank transfer,Northeast,Yes,No
STABLE-00984,68,82.1,2,0,28.8,8,One year,Bank transfer,West,Yes,No
STABLE-00985,19,64.55,2,1,30.4,8,Two year,Credit card,Northeast,Yes,Yes
STABLE-00986,26,25.25,0,0,28.8,8,Two year,Mailed check,Northeast,Yes,No
STABLE-00987,64,100.26,0,3,26.0,7,Month-to-month,Electronic check,South,Yes,No
STABLE-00988,23,78.68,2,0,3.4,9,Two year,Electronic check,Northeast,Yes,Yes
STABLE-00989,36,64.99,1,1,26.5,7,Two year,Credit card,South,Yes,No
STABLE-00990,69,28.72,1,2,21.2,7,Two year,Mailed check,West,No,No
STABLE-00991,65,43.05,0,0,28.8,9,One year,Credit card,Northeast,Yes,No
STABLE-00992,57,53.63,2,0,27.7,9,Two year,Mailed check,Northeast,Yes,No
STABLE-00993,51,42.05,0,0,17.2,7,Two year,Bank transfer,Northeast,No,No
STABLE-00994,25,67.04,1,2,16.9,10,Two year,Mailed check,Midwest,Yes,No
STABLE-00995,25,67.58,1,0,23.1,9,Two year,Mailed check,Midwest,Yes,No
STABLE-00996,44,74.48,1,0,20.7,7,Two year,Electronic check,West,Yes,No
STABLE-00997,36,51.64,1,2,20.3,9,Two year,Electronic check,West,Yes,No
STABLE-00998,68,94.89,0,1,10.7,8,Two year,Mailed check,Midwest,Yes,No
STABLE-00999,22,86.59,2,0,29.8,8,Two year,Electronic check,Midwest,No,No
STABLE-01000,24,71.67,0,0,15.0,8,One year,Credit card,Northeast,Yes,No
STABLE-01001,37,104.94,1,0,23.3,7,One year,Bank transfer,West,Yes,No
STABLE-01002,72,41.3,2,1,35.1,9,Month-to-month,Bank transfer,Midwest,Yes,No
STABLE-01003,71,103.88,0,0,24.3,8,Two year,Mailed check,South,Yes,No
STABLE-01004,37,39.61,1,0,23.2,8,One year,Mailed check,West,No,No
STABLE-01005,52,62.67,2,0,37.9,8,One year,Electronic check,Midwest,Yes,No
STABLE-01006,18,57.62,1,0,28.7,8,One year,Credit card,Northeast,Yes,No
STABLE-01007,48,50.02,0,0,17.8,8,Month-to-month,Credit card,Northeast,Yes,No
STABLE-01008,34,69.61,1,1,26.7,8,Two year,Bank transfer,West,Yes,No
STABLE-01009,53,54.55,1,0,13.3,8,Two year,Mailed check,Northeast,Yes,No
STABLE-01010,39,42.12,0,0,16.3,7,Two year,Electronic check,South,No,No
STABLE-01011,63,55.93,0,0,21.0,8,Month-to-month,Credit card,South,Yes,No
STABLE-01012,56,78.46,0,0,18.4,8,One year,Credit card,Northeast,No,No
STABLE-01013,38,89.18,1,0,23.9,8,One year,Electronic check,Midwest,Yes,No
STABLE-01014,18,74.2,2,0,20.7,10,One year,Credit card,Midwest,Yes,No
STABLE-01015,39,92.37,2,0,29.3,7,One year,Mailed check,South,No,No
STABLE-01016,19,99.47,2,2,24.5,8,Two year,Electronic check,West,Yes,Yes
STABLE-01017,28,63.82,0,0,4.5,10,Two year,Electronic check,Midwest,Yes,No
STABLE-01018,64,30.27,1,0,15.4,7,Two year,Credit card,Northeast,Yes,No
STABLE-01019,21,55.95,1,0,18.8,10,Two year,Electronic check,South,Yes,No
STABLE-01020,25,82.57,0,0,47.5,7,Month-to-month,Credit card,South,Yes,No
STABLE-01021,26,62.8,2,0,29.0,9,Two year,Credit card,Midwest,Yes,No
STABLE-01022,43,66.44,2,1,27.9,8,Two year,Mailed check,West,Yes,Yes
STABLE-01023,42,60.7,0,0,18.9,8,Two year,Bank transfer,Midwest,Yes,No
STABLE-01024,63,54.19,1,2,27.2,8,Two year,Credit card,South,Yes,No
STABLE-01025,56,72.23,2,0,27.7,8,Month-to-month,Mailed check,West,Yes,Yes
STABLE-01026,35,58.99,1,0,24.5,8,Two year,Mailed check,South,Yes,No
STABLE-01027,45,101.02,1,4,26.9,8,Two year,Bank transfer,South,Yes,No
STABLE-01028,55,40.32,0,2,45.2,7,Two year,Electronic check,West,Yes,No
STABLE-01029,40,66.11,4,0,12.2,8,One year,Electronic check,South,Yes,No
STABLE-01030,18,43.74,1,0,44.1,9,One year,Credit card,Midwest,No,No
STABLE-01031,31,28.98,0,0,7.2,10,One year,Mailed check,West,Yes,No
STABLE-01032,69,69.42,1,0,11.2,10,Two year,Mailed check,West,Yes,No
STABLE-01033,24,47.11,3,0,28.6,8,One year,Bank transfer,Northeast,No,Yes
STABLE-01034,42,74.45,0,0,22.6,5,One year,Electronic check,Northeast,Yes,No
STABLE-01035,44,39.7,1,1,37.4,8,One year,Credit card,Northeast,Yes,Yes
STABLE-01036,46,78.52,0,0,17.9,7,Two year,Mailed check,Midwest,Yes,No
STABLE-01037,54,76.02,0,0,7.3,9,Two year,Credit card,West,No,No
STABLE-01038,59,104.88,0,2,8.6,7,Two year,Credit card,Midwest,Yes,No
STABLE-01039,21,26.5,2,1,17.0,10,Two year,Mailed check,West,Yes,No
STABLE-01040,20,51.35,1,0,17.1,9,Two year,Mailed check,Midwest,Yes,Yes
STABLE-01041,40,70.82,0,0,16.7,9,Two year,Mailed check,Northeast,Yes,No
STABLE-01042,22,64.31,0,3,14.1,8,One year,Mailed check,West,Yes,Yes
STABLE-01043,43,72.55,1,3,36.3,8,One year,Electronic check,South,Yes,No
STABLE-01044,40,63.26,0,1,28.7,8,One year,Mailed check,Midwest,Yes,No
STABLE-01045,21,37.79,0,0,25.3,9,One year,Bank transfer,South,Yes,No
STABLE-01046,51,48.31,1,3,22.7,8,Two year,Bank transfer,South,Yes,No
STABLE-01047,59,60.13,0,0,37.0,7,Two year,Credit card,South,Yes,No
STABLE-01048,36,28.82,0,3,33.4,8,One year,Bank transfer,South,Yes,No
STABLE-01049,62,85.68,0,0,38.3,8,Month-to-month,Credit card,Northeast,Yes,No
STABLE-01050,46,85.84,0,1,11.2,9,Month-to-month,Bank transfer,South,Yes,No
STABLE-01051,28,57.09,1,2,30.5,8,One year,Electronic check,West,Yes,Yes
STABLE-01052,68,74.88,2,0,7.5,6,Two year,Bank transfer,Midwest,Yes,No
STABLE-01053,44,49.18,0,0,21.2,8,One year,Bank transfer,West,Yes,No
STABLE-01054,68,93.78,1,0,14.9,8,One year,Bank transfer,Northeast,Yes,No
STABLE-01055,20,58.14,0,1,22.7,8,Two year,Bank transfer,Midwest,Yes,No
STABLE-01056,21,87.76,2,1,35.6,8,One year,Bank transfer,Midwest,Yes,No
STABLE-01057,28,68.0,1,1,19.8,7,Two year,Electronic check,Midwest,Yes,No
STABLE-01058,25,43.75,0,3,37.9,7,Two year,Mailed check,Northeast,Yes,No
STABLE-01059,60,102.17,0,1,16.6,8,Two year,Credit card,South,No,Yes
STABLE-01060,35,82.49,0,0,25.1,10,Two year,Bank transfer,Midwest,Yes,No
STABLE-01061,42,50.51,3,0,33.1,8,Two year,Bank transfer,West,Yes,No
STABLE-01062,59,44.12,1,2,25.3,9,One year,Mailed check,West,No,No
STABLE-01063,51,86.52,0,2,22.2,8,Two year,Bank transfer,Midwest,Yes,No
STABLE-01064,53,79.09,2,0,15.1,8,One year,Credit card,Midwest,Yes,No
STABLE-01065,24,71.42,1,0,30.2,8,One year,Electronic check,Northeast,No,Yes
STABLE-01066,39,38.36,3,1,14.1,7,Two year,Mailed check,South,Yes,No
STABLE-01067,19,49.43,1,0,38.5,8,Two year,Credit card,Midwest,Yes,No
STABLE-01068,27,52.32,0,3,9.7,9,Month-to-month,Mailed check,Northeast,Yes,No
STABLE-01069,67,42.48,0,1,28.2,9,Two year,Mailed check,South,Yes,No
STABLE-01070,40,27.94,0,2,20.6,8,One year,Electronic check,Northeast,Yes,No
STABLE-01071,38,94.66,1,0,34.4,9,Two year,Mailed check,Midwest,No,No
STABLE-01072,19,41.13,3,0,16.6,8,Two year,Bank transfer,South,No,No
STABLE-01073,45,27.15,1,0,35.9,9,One year,Bank transfer,Northeast,Yes,No
STABLE-01074,60,92.54,0,0,12.8,10,One year,Credit card,Northeast,No,Yes
STABLE-01075,23,97.16,0,0,22.0,9,One year,Bank transfer,West,Yes,No
STABLE-01076,63,45.96,2,3,30.9,9,Two year,Credit card,Midwest,Yes,No
STABLE-01077,59,63.01,1,1,21.7,9,One year,Electronic check,Midwest,Yes,Yes
STABLE-01078,65,101.51,1,1,47.0,9,Two year,Electronic check,Midwest,Yes,No
STABLE-01079,63,28.84,2,0,17.1,7,One year,Credit card,Midwest,Yes,No
STABLE-01080,71,103.67,0,0,41.4,9,Two year,Mailed check,Northeast,Yes,No
STABLE-01081,57,25.03,0,2,24.1,8,Two year,Bank transfer,West,Yes,Yes
STABLE-01082,68,29.12,0,0,22.4,8,One year,Credit card,South,No,No
STABLE-01083,40,52.44,1,0,13.0,7,One year,Bank transfer,Midwest,No,No
STABLE-01084,52,79.79,2,0,39.6,9,Two year,Bank transfer,West,Yes,No
STABLE-01085,46,100.48,0,1,25.9,7,One year,Mailed check,Northeast,Yes,No
STABLE-01086,59,41.95,0,2,12.3,8,One year,Bank transfer,West,Yes,No
STABLE-01087,18,96.57,0,0,38.2,9,Two year,Bank transfer,West,Yes,No
STABLE-01088,59,73.8,1,0,24.4,8,One year,Mailed check,Northeast,Yes,No
STABLE-01089,33,74.93,1,0,33.0,7,Month-to-month,Mailed check,South,No,Yes
STABLE-01090,35,49.98,0,2,19.5,9,Two year,Mailed check,Midwest,Yes,No
STABLE-01091,38,82.01,0,3,27.6,9,Month-to-month,Bank transfer,West,Yes,No
STABLE-01092,30,75.25,0,1,35.7,8,One year,Credit card,West,Yes,No
STABLE-01093,47,72.31,1,1,12.7,9,Two year,Bank transfer,Midwest,Yes,No
STABLE-01094,37,94.26,1,0,17.3,8,Two year,Electronic check,West,Yes,No
STABLE-01095,66,97.87,0,1,28.0,8,Month-to-month,Bank transfer,Midwest,Yes,No
STABLE-01096,61,72.22,1,0,4.5,8,Two year,Credit card,South,No,No
STABLE-01097,53,93.92,3,0,14.2,7,One year,Credit card,West,Yes,Yes
STABLE-01098,21,40.92,0,0,36.4,7,Month-to-month,Electronic check,Midwest,Yes,No
STABLE-01099,56,71.82,0,0,12.6,10,One year,Electronic check,South,Yes,No
STABLE-01100,43,59.14,1,1,40.6,7,Two year,Bank transfer,Northeast,Yes,No
STABLE-01101,57,75.29,1,2,17.3,9,Two year,Credit card,West,Yes,No
STABLE-01102,36,101.19,2,0,23.2,8,Two year,Electronic check,West,Yes,No
STABLE-01103,40,61.6,1,0,22.8,7,Month-to-month,Electronic check,Midwest,Yes,Yes
STABLE-01104,53,84.03,1,0,12.5,8,One year,Mailed check,Northeast,Yes,No
STABLE-01105,72,78.74,1,0,28.7,10,Month-to-month,Mailed check,Northeast,No,No
STABLE-01106,50,43.18,0,0,32.2,8,Two year,Credit card,West,Yes,No
STABLE-01107,67,69.03,0,0,14.8,8,Two year,Electronic check,Northeast,Yes,No
STABLE-01108,28,71.42,0,0,29.9,8,One year,Credit card,Northeast,Yes,No
STABLE-01109,41,77.39,0,0,24.8,9,Two year,Mailed check,West,No,No
STABLE-01110,32,89.27,2,2,28.0,7,Two year,Bank transfer,South,Yes,No
STABLE-01111,62,72.12,0,1,33.9,8,Two year,Mailed check,Northeast,No,No
STABLE-01112,21,53.48,1,0,40.0,8,Two year,Bank transfer,West,Yes,No
STABLE-01113,58,37.36,2,2,37.4,10,One year,Electronic check,South,Yes,No
STABLE-01114,70,52.7,1,1,34.7,7,Two year,Electronic check,Midwest,No,Yes
STABLE-01115,40,74.85,1,0,18.5,7,Two year,Credit card,South,Yes,No
STABLE-01116,39,78.47,0,3,1,10,Two year,Mailed check,South,Yes,No
STABLE-01117,62,41.8,0,0,13.3,8,Two year,Bank transfer,West,Yes,No
STABLE-01118,41,77.11,0,2,16.7,9,Two year,Credit card,West,Yes,No
STABLE-01119,50,30.82,0,0,43.5,9,One year,Credit card,South,Yes,No
STABLE-01120,24,52.98,0,3,15.3,9,Two year,Bank transfer,Midwest,Yes,No
STABLE-01121,68,35.81,0,0,21.3,8,One year,Credit card,West,Yes,No
STABLE-01122,28,48.01,1,2,32.1,9,Month-to-month,Electronic check,West,Yes,Yes
STABLE-01123,39,72.97,2,5,28.1,9,Two year,Mailed check,West,No,No
STABLE-01124,64,87.55,0,2,20.5,9,Two year,Credit card,West,No,Yes
STABLE-01125,38,42.62,0,3,41.2,7,One year,Mailed check,South,Yes,No
STABLE-01126,59,54.39,1,0,17.4,7,One year,Electronic check,Midwest,Yes,No
STABLE-01127,69,69.09,3,2,15.4,9,One year,Bank transfer,West,Yes,No
STABLE-01128,66,28.03,3,2,7.9,9,Two year,Electronic check,Midwest,Yes,No
STABLE-01129,19,40.64,1,1,25.0,8,One year,Credit card,West,Yes,No
STABLE-01130,37,84.38,0,0,15.9,7,Two year,Credit card,Northeast,Yes,No
STABLE-01131,23,49.39,0,0,17.4,10,Two year,Credit card,Northeast,No,No
STABLE-01132,24,39.93,0,2,30.3,8,Two year,Electronic check,Midwest,Yes,No
STABLE-01133,49,85.61,3,0,21.2,8,Two year,Electronic check,South,Yes,No
STABLE-01134,25,46.58,0,1,24.9,10,Two year,Credit card,West,Yes,No
STABLE-01135,67,104.61,0,1,17.4,8,Month-to-month,Mailed check,West,Yes,Yes
STABLE-01136,36,69.88,1,1,26.2,9,Two year,Electronic check,Midwest,No,No
STABLE-01137,30,52.6,2,0,20.7,8,One year,Mailed check,Northeast,Yes,No
STABLE-01138,67,62.77,0,0,22.5,8,One year,Electronic check,Northeast,No,No
STABLE-01139,61,74.74,2,0,19.3,10,Two year,Credit card,South,Yes,No
STABLE-01140,49,29.47,0,0,25.3,8,One year,Credit card,Midwest,Yes,No
STABLE-01141,38,70.65,0,0,31.2,9,Two year,Electronic check,Midwest,Yes,No
STABLE-01142,41,30.48,1,0,33.2,8,One year,Electronic check,Midwest,Yes,No
STABLE-01143,27,43.46,0,0,8.0,8,One year,Credit card,South,Yes,No
STABLE-01144,27,36.79,0,1,19.9,10,One year,Mailed check,South,Yes,No
STABLE-01145,45,40.87,1,0,27.4,9,One year,Credit card,Midwest,Yes,No
STABLE-01146,53,50.49,0,1,27.0,8,Two year,Bank transfer,South,Yes,No
STABLE-01147,28,99.07,2,2,20.4,10,Two year,Credit card,South,Yes,No
STABLE-01148,56,65.37,2,1,17.2,7,Two year,Electronic check,South,No,No
STABLE-01149,40,78.67,1,2,18.2,10,Two year,Electronic check,West,Yes,No
STABLE-01150,27,35.01,0,2,31.0,9,Two year,Electronic check,Northeast,Yes,No
STABLE-01151,24,93.21,0,4,37.6,8,Two year,Electronic check,Midwest,No,Yes
STABLE-01152,36,52.85,0,1,23.9,9,Two year,Mailed check,Midwest,No,No
STABLE-01153,42,93.79,0,2,23.1,8,Two year,Bank transfer,Northeast,Yes,Yes
STABLE-01154,52,30.92,2,0,25.3,8,Two year,Mailed check,West,Yes,No
STABLE-01155,62,95.95,2,1,37.9,7,One year,Mailed check,Midwest,Yes,No
STABLE-01156,43,85.41,2,1,22.8,8,Two year,Bank transfer,Northeast,Yes,No
STABLE-01157,22,26.44,4,0,24.5,8,One year,Bank transfer,South,Yes,No
STABLE-01158,48,70.47,2,2,17.2,7,Two year,Bank transfer,Northeast,Yes,No
STABLE-01159,51,58.75,2,1,29.9,9,Two year,Mailed check,Midwest,Yes,No
STABLE-01160,25,98.44,0,0,36.6,9,Month-to-month,Mailed check,Northeast,Yes,No
STABLE-01161,44,87.68,2,2,32.6,10,Two year,Electronic check,South,Yes,No
STABLE-01162,30,38.19,3,0,26.5,8,Two year,Mailed check,Northeast,Yes,No
STABLE-01163,42,96.09,1,1,24.4,8,Two year,Electronic check,West,No,No
STABLE-01164,55,89.11,1,0,17.1,9,Two year,Credit card,South,Yes,No
STABLE-01165,27,68.89,0,1,20.1,9,Two year,Electronic check,Midwest,Yes,No
STABLE-01166,72,62.43,0,0,21.5,8,Two year,Credit card,Northeast,No,No
STABLE-01167,20,40.71,2,3,21.9,9,Two year,Electronic check,Midwest,Yes,No
STABLE-01168,53,81.12,1,0,19.5,8,Two year,Mailed check,West,Yes,No
STABLE-01169,61,45.44,0,3,19.5,8,One year,Mailed check,Midwest,Yes,Yes
STABLE-01170,53,61.67,3,2,26.3,8,Two year,Credit card,Northeast,Yes,No
STABLE-01171,30,77.47,1,0,28.6,7,One year,Bank transfer,West,No,No
STABLE-01172,38,90.19,1,0,11.2,7,Two year,Bank transfer,Northeast,Yes,No
STABLE-01173,19,39.63,1,0,9.7,8,Month-to-month,Credit card,South,Yes,No
STABLE-01174,42,99.04,2,0,18.4,10,One year,Electronic check,South,Yes,No
STABLE-01175,69,39.99,1,2,19.3,8,Two year,Bank transfer,West,Yes,No
STABLE-01176,38,67.97,0,1,25.3,8,Two year,Mailed check,West,Yes,No
STABLE-01177,32,58.51,1,4,21.7,8,Two year,Bank transfer,West,No,Yes
STABLE-01178,63,71.61,0,4,4.1,8,One year,Electronic check,Midwest,No,No
STABLE-01179,51,69.77,0,1,22.8,9,Two year,Bank transfer,South,Yes,No
STABLE-01180,26,87.5,1,1,27.3,8,Two year,Bank transfer,Midwest,Yes,No
STABLE-01181,66,71.16,0,1,33.4,10,One year,Credit card,Midwest,Yes,No
STABLE-01182,21,73.1,1,2,17.5,8,Month-to-month,Mailed check,South,Yes,Yes
STABLE-01183,62,61.88,3,0,20.8,8,Two year,Bank transfer,West,Yes,No
STABLE-01184,66,32.67,0,0,21.9,8,One year,Electronic check,Northeast,Yes,Yes
STABLE-01185,59,51.36,0,2,33.6,7,Two year,Bank transfer,South,Yes,Yes
STABLE-01186,48,46.77,1,0,19.0,10,Two year,Credit card,South,No,No
STABLE-01187,67,100.73,0,4,20.1,7,Two year,Electronic check,South,Yes,No
STABLE-01188,46,63.49,1,2,26.9,9,Two year,Mailed check,South,No,No
STABLE-01189,66,52.19,0,0,19.8,6,Month-to-month,Electronic check,South,Yes,No
STABLE-01190,53,59.39,1,0,15.7,7,One year,Electronic check,Midwest,No,Yes
STABLE-01191,22,104.72,0,2,11.3,8,Two year,Mailed check,South,Yes,No
STABLE-01192,40,58.35,1,0,10.6,8,Two year,Credit card,Midwest,Yes,No
STABLE-01193,36,59.88,1,2,41.8,7,One year,Mailed check,South,Yes,No
STABLE-01194,64,56.78,0,4,34.5,9,Two year,Mailed check,Midwest,No,Yes
STABLE-01195,50,94.38,1,1,24.5,8,One year,Mailed check,Midwest,Yes,No
STABLE-01196,46,70.33,2,0,22.2,5,One year,Electronic check,West,No,No
STABLE-01197,50,43.67,1,0,14.9,9,One year,Bank transfer,South,No,Yes
STABLE-01198,58,34.3,1,1,14.7,10,One year,Mailed check,South,Yes,No
STABLE-01199,38,29.2,0,0,16.5,9,One year,Mailed check,Northeast,No,No
STABLE-01200,25,97.11,0,0,24.1,9,Two year,Bank transfer,South,No,No
STABLE-01201,24,81.54,0,3,29.6,9,One year,Bank transfer,South,Yes,Yes
STABLE-01202,26,53.68,3,1,6.3,10,Two year,Electronic check,South,Yes,No
STABLE-01203,30,71.58,2,0,32.7,9,Two year,Bank transfer,Midwest,Yes,No
STABLE-01204,68,27.72,0,0,30.3,8,Two year,Credit card,Northeast,Yes,No
STABLE-01205,40,95.33,2,1,29.4,8,Two year,Credit card,Northeast,Yes,No
STABLE-01206,68,56.69,1,0,14.3,8,Two year,Bank transfer,West,Yes,No
STABLE-01207,70,65.9,0,0,39.1,7,Two year,Electronic check,South,Yes,No
STABLE-01208,68,26.79,0,0,21.2,7,Month-to-month,Bank transfer,Northeast,No,No
STABLE-01209,38,33.02,2,1,25.8,10,Two year,Bank transfer,Northeast,Yes,No
STABLE-01210,29,88.61,1,2,22.8,10,One year,Mailed check,South,Yes,No
STABLE-01211,22,49.43,3,1,10.8,9,Two year,Bank transfer,Northeast,Yes,No
STABLE-01212,67,43.0,1,0,6.0,7,Two year,Electronic check,Midwest,Yes,No
STABLE-01213,36,98.5,1,1,31.5,10,Month-to-month,Electronic check,West,Yes,Yes
STABLE-01214,35,44.9,1,0,24.5,8,Two year,Electronic check,Midwest,Yes,No
STABLE-01215,37,85.1,2,0,1.9,8,Two year,Bank transfer,Midwest,Yes,Yes
STABLE-01216,58,50.31,0,0,36.1,9,Two year,Credit card,Northeast,Yes,No
STABLE-01217,63,100.93,3,0,22.8,8,One year,Credit card,West,Yes,No
STABLE-01218,36,93.66,4,1,22.6,9,One year,Electronic check,Midwest,Yes,No
STABLE-01219,47,54.04,0,3,23.6,9,Two year,Electronic check,South,No,No
STABLE-01220,40,54.38,0,0,21.1,10,One year,Bank transfer,Northeast,Yes,No
STABLE-01221,28,98.4,0,0,17.9,9,Two year,Mailed check,Northeast,Yes,No
STABLE-01222,36,46.01,0,0,35.1,8,Two year,Mailed check,Northeast,No,Yes
STABLE-01223,72,66.26,1,0,38.6,7,Two year,Credit card,West,No,No
STABLE-01224,60,102.48,4,0,4.8,8,Two year,Bank transfer,Northeast,Yes,No
STABLE-01225,54,70.0,1,0,31.0,9,Two year,Electronic check,West,Yes,No
STABLE-01226,65,38.83,2,0,30.7,10,Month-to-month,Mailed check,South,Yes,No
STABLE-01227,69,35.92,0,1,37.9,8,Month-to-month,Credit card,Midwest,Yes,No
STABLE-01228,67,86.11,2,1,19.1,9,One year,Bank transfer,West,Yes,No
STABLE-01229,42,99.22,0,0,4.3,8,Two year,Credit card,Midwest,Yes,No
STABLE-01230,42,58.71,0,2,24.8,8,Two year,Mailed check,Midwest,Yes,No
STABLE-01231,49,57.74,0,3,30.2,9,Two year,Credit card,West,Yes,Yes
STABLE-01232,59,57.28,1,0,19.3,8,Two year,Credit card,South,Yes,No
STABLE-01233,26,81.88,1,2,30.8,8,Month-to-month,Electronic check,West,Yes,No
STABLE-01234,39,56.58,0,3,27.0,8,Month-to-month,Bank transfer,Northeast,Yes,No
STABLE-01235,32,52.04,1,0,31.0,8,Two year,Credit card,South,Yes,No
STABLE-01236,23,101.5,0,1,31.4,8,Two year,Mailed check,Midwest,Yes,No
STABLE-01237,21,52.93,2,0,29.0,6,Two year,Mailed check,South,Yes,No
STABLE-01238,25,79.12,1,0,41.6,9,Two year,Mailed check,South,No,No
STABLE-01239,38,83.18,0,3,28.6,7,Two year,Mailed check,Northeast,Yes,No
STABLE-01240,64,47.16,1,0,35.4,9,One year,Mailed check,South,Yes,No
STABLE-01241,50,52.41,1,1,16.3,6,Two year,Electronic check,South,Yes,Yes
STABLE-01242,26,92.85,2,1,28.3,9,Month-to-month,Bank transfer,West,Yes,Yes
STABLE-01243,44,87.61,0,0,18.8,8,Two year,Bank transfer,Northeast,Yes,Yes
STABLE-01244,24,67.48,1,0,42.6,8,Month-to-month,Bank transfer,Northeast,Yes,Yes
STABLE-01245,57,72.83,2,4,29.2,8,Two year,Bank transfer,West,Yes,Yes
STABLE-01246,43,81.03,2,3,28.0,9,Two year,Credit card,Midwest,Yes,No
STABLE-01247,23,43.21,0,0,24.2,8,One year,Credit card,West,Yes,No
STABLE-01248,50,48.51,1,2,24.0,9,Two year,Credit card,South,Yes,No
STABLE-01249,68,62.69,0,1,34.3,7,Two year,Electronic check,West,Yes,No
STABLE-01250,22,59.56,0,4,25.2,7,Two year,Bank transfer,South,Yes,No
STABLE-01251,67,49.48,0,1,23.0,9,Two year,Credit card,Northeast,No,No
STABLE-01252,28,28.27,0,1,29.6,8,Two year,Mailed check,Midwest,Yes,No
STABLE-01253,49,61.94,0,0,19.9,9,Two year,Bank transfer,West,Yes,No
STABLE-01254,35,47.63,2,0,12.9,8,One year,Electronic check,West,Yes,No
STABLE-01255,41,76.95,0,0,15.1,7,Two year,Electronic check,South,Yes,No
STABLE-01256,44,55.42,0,0,34.7,9,Two year,Mailed check,Northeast,Yes,No
STABLE-01257,54,74.41,1,1,12.9,8,One year,Mailed check,South,Yes,No
STABLE-01258,54,96.68,0,1,33.9,8,Two year,Bank transfer,South,Yes,No
STABLE-01259,46,95.31,0,0,4.6,8,One year,Credit card,West,Yes,No
STABLE-01260,51,64.94,1,1,9.6,10,One year,Mailed check,West,Yes,No
STABLE-01261,18,89.31,2,0,17.8,8,One year,Credit card,Midwest,Yes,No
STABLE-01262,49,37.88,0,0,24.1,9,Two year,Mailed check,Northeast,Yes,No
STABLE-01263,40,42.23,0,0,25.0,10,Two year,Credit card,South,Yes,No
STABLE-01264,59,101.64,1,0,36.2,9,Two year,Mailed check,Midwest,Yes,Yes
STABLE-01265,18,44.53,1,1,12.9,10,One year,Mailed check,South,No,No
STABLE-01266,63,84.92,1,1,25.5,10,One year,Mailed check,West,Yes,No
STABLE-01267,26,76.86,1,0,35.0,8,One year,Bank transfer,Northeast,Yes,No
STABLE-01268,19,74.48,0,1,35.0,7,Two year,Electronic check,West,Yes,No
STABLE-01269,66,91.37,2,3,51.5,7,Two year,Credit card,Midwest,Yes,Yes
STABLE-01270,24,75.71,0,0,22.3,9,Month-to-month,Bank transfer,South,No,No
STABLE-01271,34,25.16,0,0,32.6,10,One year,Bank transfer,Midwest,Yes,No
STABLE-01272,29,94.81,0,0,42.6,9,Two year,Credit card,Midwest,Yes,No
STABLE-01273,41,72.28,1,0,15.0,9,One year,Electronic check,South,Yes,No
STABLE-01274,66,81.78,1,1,17.4,6,Two year,Mailed check,Northeast,Yes,No
STABLE-01275,36,86.69,1,2,14.8,7,Month-to-month,Credit card,Northeast,Yes,No
STABLE-01276,22,86.37,0,0,16.3,10,Two year,Mailed check,South,Yes,No
STABLE-01277,36,47.02,1,0,14.7,9,One year,Bank transfer,Midwest,Yes,No
STABLE-01278,25,104.21,0,0,24.5,7,One year,Credit card,West,Yes,No
STABLE-01279,71,60.61,2,3,29.4,9,Month-to-month,Credit card,Midwest,Yes,No
STABLE-01280,71,62.54,0,3,11.7,9,Two year,Electronic check,Midwest,Yes,Yes
STABLE-01281,38,87.74,2,0,31.9,7,One year,Electronic check,South,Yes,Yes
STABLE-01282,60,72.06,0,0,7.6,8,Two year,Electronic check,Midwest,Yes,No
STABLE-01283,61,87.51,1,1,28.8,8,Two year,Mailed check,West,Yes,No
STABLE-01284,56,31.56,2,0,19.5,8,Two year,Credit card,Northeast,Yes,No
STABLE-01285,69,53.56,2,2,22.5,8,Two year,Mailed check,West,No,No
STABLE-01286,43,70.68,0,0,30.8,9,Month-to-month,Electronic check,West,No,No
STABLE-01287,32,75.72,2,1,23.7,8,Two year,Credit card,South,Yes,No
STABLE-01288,45,98.43,0,0,29.4,8,Month-to-month,Bank transfer,Midwest,Yes,Yes
STABLE-01289,72,35.38,0,0,45.0,7,One year,Credit card,Northeast,No,No
STABLE-01290,62,30.84,2,2,30.5,9,One year,Electronic check,Midwest,Yes,No
STABLE-01291,37,29.02,3,0,2.5,6,Two year,Credit card,South,Yes,No
STABLE-01292,49,27.85,2,1,30.2,8,One year,Electronic check,Midwest,No,Yes
STABLE-01293,25,46.29,1,0,17.9,8,Two year,Bank transfer,Northeast,Yes,No
STABLE-01294,72,98.34,0,1,24.7,7,Month-to-month,Mailed check,South,Yes,Yes
STABLE-01295,28,74.44,0,0,18.2,7,One year,Credit card,South,Yes,No
STABLE-01296,58,74.3,2,0,20.2,8,Two year,Mailed check,Northeast,Yes,No
STABLE-01297,55,100.11,1,1,5.8,7,One year,Credit card,West,Yes,No
STABLE-01298,72,81.87,0,0,22.5,9,Month-to-month,Mailed check,West,Yes,No
STABLE-01299,41,27.97,1,2,21.8,8,One year,Credit card,Northeast,Yes,Yes
STABLE-01300,66,98.99,2,0,27.5,9,One year,Electronic check,South,Yes,No
STABLE-01301,47,87.26,1,0,23.0,7,One year,Credit card,South,Yes,Yes
STABLE-01302,67,36.33,2,0,18.9,7,Two year,Bank transfer,Northeast,No,Yes
STABLE-01303,61,65.06,2,0,10.0,7,One year,Bank transfer,West,Yes,No
STABLE-01304,71,38.91,1,4,29.9,8,One year,Bank transfer,Northeast,Yes,No
STABLE-01305,59,87.03,2,1,31.4,8,Two year,Credit card,South,No,No
STABLE-01306,70,77.07,2,2,25.8,7,Two year,Electronic check,Midwest,Yes,No
STABLE-01307,54,42.0,4,2,21.5,9,Two year,Mailed check,Midwest,No,No
STABLE-01308,26,61.96,0,2,18.3,9,One year,Bank transfer,Northeast,Yes,No
STABLE-01309,34,76.71,1,1,11.9,8,Two year,Electronic check,South,Yes,No
STABLE-01310,34,66.61,0,0,16.8,9,Month-to-month,Electronic check,South,Yes,Yes
STABLE-01311,54,51.57,0,0,38.2,6,One year,Mailed check,West,No,Yes
STABLE-01312,57,53.48,1,1,27.8,7,Two year,Credit card,Midwest,Yes,No
STABLE-01313,67,100.17,1,0,26.3,9,Two year,Bank transfer,West,No,No
STABLE-01314,20,85.54,1,3,18.5,7,Two year,Credit card,West,Yes,No
STABLE-01315,47,55.09,1,1,42.7,7,One year,Mailed check,Northeast,Yes,No
STABLE-01316,39,26.03,2,3,32.4,8,Two year,Mailed check,West,Yes,No
STABLE-01317,54,90.74,2,2,26.7,7,Two year,Bank transfer,West,Yes,No
STABLE-01318,54,80.47,4,0,15.1,10,Month-to-month,Electronic check,Northeast,Yes,No
STABLE-01319,59,90.81,1,2,16.9,8,One year,Mailed check,Midwest,No,No
STABLE-01320,66,95.95,0,2,19.8,9,Two year,Credit card,Midwest,Yes,No
STABLE-01321,64,54.92,1,1,24.1,8,Two year,Mailed check,West,Yes,No
STABLE-01322,51,58.27,0,2,46.1,9,Two year,Bank transfer,South,Yes,No
STABLE-01323,23,84.11,2,1,37.8,10,Two year,Credit card,Midwest,Yes,No
STABLE-01324,18,66.23,1,1,33.4,8,Two year,Bank transfer,West,Yes,No
STABLE-01325,37,85.6,0,1,34.6,9,One year,Mailed check,West,Yes,No
STABLE-01326,41,92.5,2,0,27.5,8,Two year,Electronic check,Northeast,Yes,Yes
STABLE-01327,41,77.43,1,0,12.1,8,One year,Electronic check,Midwest,Yes,No
STABLE-01328,24,34.47,0,1,37.2,9,Month-to-month,Credit card,Midwest,Yes,Yes
STABLE-01329,18,89.88,0,0,31.6,7,One year,Credit card,West,Yes,No
STABLE-01330,38,90.18,0,1,26.8,8,Two year,Credit card,Northeast,Yes,No
STABLE-01331,39,54.91,0,1,4.9,7,Two year,Electronic check,West,Yes,No
STABLE-01332,47,94.94,2,0,19.4,8,Two year,Mailed check,West,Yes,No
STABLE-01333,27,103.14,0,1,16.7,7,Two year,Credit card,West,Yes,No
STABLE-01334,46,29.31,1,1,18.7,10,One year,Credit card,Northeast,Yes,No
STABLE-01335,50,87.0,2,1,21.2,8,Two year,Credit card,Northeast,Yes,No
STABLE-01336,61,73.16,1,0,23.8,8,Two year,Credit card,West,Yes,No
STABLE-01337,53,104.27,1,3,41.6,9,One year,Bank transfer,Northeast,No,No
STABLE-01338,22,96.03,0,0,19.2,7,Two year,Credit card,South,Yes,Yes
STABLE-01339,25,88.38,0,0,24.9,9,Two year,Electronic check,West,Yes,No
STABLE-01340,22,51.28,0,0,12.5,8,One year,Bank transfer,West,No,Yes
STABLE-01341,67,35.64,4,0,28.7,7,Two year,Credit card,Midwest,Yes,No
STABLE-01342,56,48.55,1,2,16.1,7,One year,Credit card,West,Yes,Yes
STABLE-01343,64,54.98,1,2,16.7,9,One year,Electronic check,South,Yes,No
STABLE-01344,43,69.23,0,0,28.7,7,Month-to-month,Mailed check,Midwest,Yes,No
STABLE-01345,62,29.17,0,0,18.7,9,Two year,Mailed check,South,Yes,No
STABLE-01346,70,57.11,0,1,21.2,9,One year,Electronic check,West,Yes,No
STABLE-01347,34,50.78,0,0,17.8,8,Two year,Bank transfer,Midwest,Yes,No
STABLE-01348,24,33.61,1,2,22.0,8,Two year,Bank transfer,Northeast,Yes,No
STABLE-01349,55,95.67,2,0,22.5,8,One year,Mailed check,Midwest,Yes,No
STABLE-01350,60,34.46,1,2,8.6,8,Two year,Electronic check,Northeast,Yes,No
STABLE-01351,46,93.79,1,0,22.9,9,One year,Credit card,Midwest,Yes,No
STABLE-01352,23,101.18,1,3,29.1,8,Two year,Electronic check,Northeast,Yes,No
STABLE-01353,21,31.78,2,2,10.1,8,One year,Electronic check,West,Yes,Yes
STABLE-01354,22,80.84,1,3,16.5,9,One year,Bank transfer,South,Yes,Yes
STABLE-01355,35,95.41,0,0,21.6,8,Two year,Electronic check,Midwest,Yes,No
STABLE-01356,47,57.52,0,0,9.8,7,One year,Mailed check,Midwest,Yes,No
STABLE-01357,45,75.34,0,0,27.2,6,Month-to-month,Bank transfer,Midwest,Yes,Yes
STABLE-01358,27,43.66,0,2,4.0,7,Two year,Credit card,Northeast,Yes,No
STABLE-01359,48,53.55,0,0,16.7,9,Month-to-month,Mailed check,Northeast,Yes,No
STABLE-01360,33,70.86,3,0,16.1,9,Two year,Mailed check,South,Yes,No
STABLE-01361,48,69.43,0,0,8.0,7,Two year,Bank transfer,Northeast,Yes,No
STABLE-01362,67,87.03,1,1,19.7,8,Two year,Mailed check,Northeast,No,No
STABLE-01363,51,60.77,1,0,16.9,7,One year,Electronic check,Midwest,Yes,No
STABLE-01364,46,83.38,2,2,16.8,9,Two year,Bank transfer,South,Yes,No
STABLE-01365,33,104.21,1,0,14.4,9,Two year,Electronic check,Midwest,Yes,No
STABLE-01366,42,77.52,2,2,19.2,7,One year,Mailed check,South,Yes,No
STABLE-01367,22,35.77,3,0,23.3,9,Two year,Mailed check,South,Yes,No
STABLE-01368,25,39.18,0,0,28.1,9,Two year,Electronic check,Northeast,Yes,No
STABLE-01369,26,43.0,1,2,34.6,8,Two year,Bank transfer,South,Yes,No
STABLE-01370,38,47.48,0,4,32.4,9,Two year,Mailed check,South,Yes,No
STABLE-01371,64,81.53,0,0,33.7,8,Month-to-month,Electronic check,West,Yes,No
STABLE-01372,38,99.9,1,1,20.2,7,Two year,Electronic check,South,No,No
STABLE-01373,67,79.22,0,0,29.1,8,Month-to-month,Credit card,South,No,No
STABLE-01374,18,27.1,3,1,16.2,10,Two year,Mailed check,West,Yes,No
STABLE-01375,69,71.23,0,0,21.9,8,Two year,Credit card,West,Yes,No
STABLE-01376,42,82.47,1,1,10.1,10,Two year,Credit card,Northeast,Yes,No
STABLE-01377,39,54.64,2,2,33.4,10,One year,Bank transfer,Midwest,Yes,No
STABLE-01378,22,91.9,1,0,20.3,9,One year,Bank transfer,South,Yes,No
STABLE-01379,44,61.76,0,0,31.8,9,Two year,Credit card,West,Yes,Yes
STABLE-01380,38,27.99,0,0,33.9,7,Two year,Credit card,West,Yes,No
STABLE-01381,29,37.1,1,0,13.1,10,Month-to-month,Mailed check,Northeast,Yes,No
STABLE-01382,45,43.85,0,1,29.4,8,Two year,Electronic check,Midwest,No,No
STABLE-01383,59,73.53,0,0,11.4,8,Two year,Mailed check,Northeast,Yes,No
STABLE-01384,46,61.88,1,1,21.7,8,Month-to-month,Mailed check,Northeast,Yes,No
STABLE-01385,48,43.69,0,1,10.6,7,Two year,Electronic check,Northeast,Yes,No
STABLE-01386,54,92.17,2,3,18.0,9,Two year,Bank transfer,Midwest,No,No
STABLE-01387,21,45.41,1,0,19.3,8,Two year,Mailed check,Midwest,Yes,No
STABLE-01388,65,29.25,0,0,20.3,10,Two year,Electronic check,Midwest,Yes,No
STABLE-01389,57,104.45,2,2,50.1,10,Two year,Bank transfer,Northeast,Yes,Yes
STABLE-01390,45,88.78,2,0,31.4,7,Two year,Credit card,Midwest,Yes,No
STABLE-01391,37,30.96,1,2,27.1,8,Two year,Electronic check,West,Yes,No
STABLE-01392,58,31.46,3,0,18.1,10,Two year,Credit card,West,Yes,No
STABLE-01393,21,81.72,0,0,5.3,9,Two year,Bank transfer,West,Yes,No
STABLE-01394,59,54.16,3,0,22.9,9,One year,Mailed check,West,Yes,No
STABLE-01395,60,40.6,1,1,20.3,7,Two year,Credit card,West,Yes,No
STABLE-01396,20,75.84,1,0,15.1,8,Two year,Credit card,South,Yes,No
STABLE-01397,66,82.76,0,3,22.8,8,Two year,Mailed check,Northeast,Yes,No
STABLE-01398,19,104.56,0,2,24.0,5,One year,Mailed check,West,Yes,Yes
STABLE-01399,35,38.64,1,0,21.3,10,One year,Credit card,South,Yes,No
STABLE-01400,71,99.88,1,0,26.0,8,One year,Electronic check,Midwest,Yes,No
STABLE-01401,64,91.64,1,0,22.0,6,Two year,Mailed check,Northeast,Yes,No
STABLE-01402,40,85.82,1,1,19.3,9,One year,Bank transfer,West,Yes,Yes
STABLE-01403,52,86.64,0,1,10.7,9,Month-to-month,Mailed check,South,Yes,No
STABLE-01404,39,88.43,2,4,15.1,10,Two year,Electronic check,West,Yes,No
STABLE-01405,67,76.65,0,2,26.1,8,Two year,Mailed check,West,Yes,No
STABLE-01406,19,50.51,0,0,24.0,7,Two year,Mailed check,Midwest,Yes,No
STABLE-01407,51,89.4,3,0,33.4,9,Two year,Credit card,Northeast,Yes,No
STABLE-01408,58,43.98,0,0,19.4,7,Month-to-month,Mailed check,Northeast,Yes,No
STABLE-01409,39,85.45,0,1,26.5,9,Two year,Credit card,South,No,Yes
STABLE-01410,63,35.05,0,1,14.9,8,Two year,Electronic check,South,Yes,Yes
STABLE-01411,49,98.48,0,1,26.1,5,Two year,Credit card,Northeast,No,No
STABLE-01412,33,72.33,2,0,41.0,8,One year,Electronic check,South,No,No
STABLE-01413,71,100.8,1,1,33.3,9,Month-to-month,Electronic check,West,No,No
STABLE-01414,57,40.81,1,2,29.4,8,One year,Mailed check,Northeast,Yes,No
STABLE-01415,71,41.22,0,0,27.9,8,One year,Credit card,West,No,No
STABLE-01416,56,72.56,1,1,29.4,8,Two year,Credit card,South,Yes,No
STABLE-01417,51,30.47,0,0,21.5,7,Two year,Credit card,Northeast,Yes,No
STABLE-01418,21,99.02,0,0,25.4,7,Two year,Credit card,South,Yes,No
STABLE-01419,60,78.5,1,0,19.4,7,One year,Credit card,West,Yes,No
STABLE-01420,44,39.67,0,1,36.4,7,Month-to-month,Credit card,West,Yes,No
STABLE-01421,40,53.72,1,2,18.7,8,One year,Credit card,South,Yes,No
STABLE-01422,65,74.16,1,0,32.5,8,One year,Electronic check,West,Yes,No
STABLE-01423,65,60.89,1,5,29.1,9,One year,Mailed check,Northeast,No,No
STABLE-01424,38,50.14,0,0,12.3,8,Two year,Mailed check,South,Yes,No
STABLE-01425,31,31.84,0,3,29.8,8,Two year,Credit card,Northeast,No,Yes
STABLE-01426,24,86.9,0,2,34.2,8,Month-to-month,Bank transfer,South,Yes,Yes
STABLE-01427,42,48.41,2,0,18.6,10,Two year,Mailed check,Northeast,Yes,No
STABLE-01428,60,86.37,1,0,27.1,8,Two year,Credit card,Midwest,Yes,No
STABLE-01429,44,32.5,0,3,36.4,7,Month-to-month,Bank transfer,Northeast,Yes,No
STABLE-01430,28,44.83,0,2,20.7,8,One year,Bank transfer,Northeast,Yes,Yes
STABLE-01431,27,53.93,0,0,31.4,8,Two year,Electronic check,Northeast,Yes,No
STABLE-01432,41,81.27,1,0,36.2,9,Two year,Electronic check,Midwest,No,No
STABLE-01433,55,56.42,3,0,17.6,8,Two year,Credit card,West,Yes,No
STABLE-01434,31,98.09,0,0,22.1,8,One year,Credit card,South,No,Yes
STABLE-01435,41,85.05,2,0,23.3,8,Month-to-month,Mailed check,West,Yes,No
STABLE-01436,62,32.32,0,0,18.0,8,Two year,Mailed check,Midwest,No,No
STABLE-01437,29,92.03,1,1,27.3,7,Month-to-month,Electronic check,Northeast,Yes,Yes
STABLE-01438,34,74.92,1,3,19.2,5,One year,Electronic check,South,Yes,Yes
STABLE-01439,55,46.44,0,1,37.1,6,Two year,Mailed check,South,No,No
STABLE-01440,46,96.59,1,0,16.6,8,Two year,Bank transfer,West,Yes,No
STABLE-01441,63,25.25,2,0,14.2,9,One year,Bank transfer,South,Yes,No
STABLE-01442,60,68.36,0,0,24.5,8,One year,Mailed check,South,Yes,No
STABLE-01443,65,65.23,2,0,15.3,10,Two year,Electronic check,West,No,No
STABLE-01444,53,56.07,0,0,33.4,10,Month-to-month,Credit card,Northeast,No,No
STABLE-01445,56,94.16,2,0,26.9,7,Two year,Bank transfer,West,No,No
STABLE-01446,59,65.51,0,0,27.7,8,Two year,Electronic check,Midwest,Yes,No
STABLE-01447,20,25.53,0,2,26.1,9,Two year,Bank transfer,Northeast,Yes,No
STABLE-01448,22,82.47,1,0,27.3,8,Two year,Electronic check,Northeast,Yes,Yes
STABLE-01449,54,82.86,1,0,38.8,9,Two year,Credit card,South,Yes,No
STABLE-01450,69,95.73,2,1,12.7,8,One year,Mailed check,Midwest,Yes,No
STABLE-01451,34,71.75,0,0,41.2,10,Two year,Bank transfer,Midwest,Yes,No
STABLE-01452,37,75.54,2,0,19.9,7,One year,Mailed check,West,Yes,No
STABLE-01453,47,80.74,2,0,21.0,9,Two year,Electronic check,West,No,No
STABLE-01454,41,34.74,0,1,18.5,8,Two year,Mailed check,West,No,Yes
STABLE-01455,66,50.25,0,0,23.8,6,One year,Mailed check,Northeast,No,No
STABLE-01456,63,41.51,2,1,18.4,7,Month-to-month,Mailed check,Midwest,No,Yes
STABLE-01457,39,102.61,0,2,37.7,7,Two year,Credit card,Midwest,No,Yes
STABLE-01458,57,84.63,1,2,9.7,8,Two year,Bank transfer,Northeast,Yes,No
STABLE-01459,22,25.14,0,0,35.4,9,Two year,Mailed check,Northeast,Yes,No
STABLE-01460,47,62.61,1,0,32.9,8,Two year,Electronic check,Northeast,No,No
STABLE-01461,51,81.83,0,2,20.8,7,One year,Mailed check,Midwest,Yes,No
STABLE-01462,54,29.81,2,2,50.2,9,Two year,Electronic check,Midwest,Yes,No
STABLE-01463,52,27.86,2,2,26.4,10,Month-to-month,Bank transfer,Northeast,Yes,No
STABLE-01464,39,68.72,1,2,43.5,9,Two year,Credit card,South,Yes,No
STABLE-01465,39,76.96,2,0,13.5,8,One year,Electronic check,Midwest,Yes,No
STABLE-01466,44,29.38,1,1,28.6,9,One year,Bank transfer,West,No,No
STABLE-01467,39,38.46,1,2,29.9,8,One year,Mailed check,Northeast,Yes,No
STABLE-01468,51,58.99,2,0,19.4,7,Two year,Mailed check,West,Yes,No
STABLE-01469,45,60.22,0,2,4.4,8,One year,Electronic check,West,Yes,No
STABLE-01470,24,43.83,0,0,19.2,10,Two year,Bank transfer,Northeast,Yes,No
STABLE-01471,58,38.63,2,3,39.4,7,Two year,Electronic check,Midwest,Yes,No
STABLE-01472,72,85.59,1,0,36.7,10,Two year,Electronic check,South,Yes,No
STABLE-01473,49,102.74,0,3,43.9,9,One year,Bank transfer,West,Yes,No
STABLE-01474,24,34.3,0,1,19.7,9,Two year,Bank transfer,South,Yes,No
STABLE-01475,61,33.19,1,0,18.8,8,Month-to-month,Electronic check,West,Yes,No
STABLE-01476,47,71.14,1,0,27.7,8,Two year,Credit card,West,Yes,No
STABLE-01477,42,40.51,0,0,17.8,7,Two year,Credit card,West,Yes,No
STABLE-01478,40,70.14,2,0,37.3,7,Month-to-month,Mailed check,Northeast,Yes,No
STABLE-01479,24,36.19,1,0,29.7,10,Two year,Bank transfer,West,Yes,No
STABLE-01480,44,36.59,0,0,33.1,8,Two year,Bank transfer,Northeast,Yes,No
STABLE-01481,70,99.42,1,0,27.7,8,One year,Credit card,West,Yes,Yes
STABLE-01482,51,96.06,1,0,11.9,8,One year,Mailed check,West,Yes,No
STABLE-01483,40,68.96,1,1,24.0,8,Two year,Bank transfer,Midwest,Yes,No
STABLE-01484,26,88.72,0,0,18.3,8,One year,Bank transfer,Midwest,Yes,No
STABLE-01485,27,46.81,0,1,38.4,9,Two year,Electronic check,Northeast,Yes,No
STABLE-01486,28,34.31,1,0,31.9,7,Two year,Bank transfer,West,Yes,No
STABLE-01487,24,83.14,1,2,10.3,7,Two year,Bank transfer,Northeast,Yes,No
STABLE-01488,31,70.9,1,1,6.1,8,Two year,Bank transfer,West,No,No
STABLE-01489,19,43.61,1,0,30.3,9,Two year,Electronic check,South,No,No
STABLE-01490,43,42.57,1,1,18.4,9,Two year,Electronic check,South,Yes,No
STABLE-01491,71,60.66,0,1,29.2,8,Two year,Mailed check,Northeast,Yes,No
STABLE-01492,61,58.77,2,0,14.7,6,Two year,Bank transfer,South,Yes,No
STABLE-01493,45,44.18,1,2,30.6,10,Two year,Mailed check,West,No,No
STABLE-01494,68,44.43,0,0,28.7,9,One year,Bank transfer,Northeast,No,No
STABLE-01495,58,42.49,3,2,26.8,8,Two year,Electronic check,Midwest,Yes,No
STABLE-01496,22,46.32,1,2,13.5,7,Two year,Mailed check,Midwest,Yes,No
STABLE-01497,71,62.13,1,0,11.6,7,Two year,Bank transfer,West,Yes,No
STABLE-01498,62,74.26,1,2,17.9,9,Two year,Mailed check,West,Yes,No
STABLE-01499,58,85.04,0,0,11.7,10,One year,Bank transfer,West,Yes,No
STABLE-01500,71,97.48,2,2,21.5,8,Two year,Electronic check,Northeast,Yes,No
STABLE-01501,72,32.45,2,2,23.4,10,Two year,Bank transfer,West,Yes,No
STABLE-01502,40,47.46,0,4,26.1,8,Two year,Credit card,Northeast,No,No
STABLE-01503,27,46.45,0,3,26.1,8,Two year,Credit card,West,Yes,No
STABLE-01504,50,49.45,2,0,33.6,7,One year,Mailed check,South,No,Yes
STABLE-01505,61,44.55,0,3,21.6,7,Two year,Bank transfer,South,Yes,No
STABLE-01506,25,92.42,1,1,15.1,10,Month-to-month,Credit card,West,Yes,No
STABLE-01507,65,99.4,1,0,23.2,8,Two year,Credit card,Northeast,Yes,No
STABLE-01508,31,101.7,0,0,20.0,8,One year,Bank transfer,Midwest,Yes,No
STABLE-01509,57,67.64,0,2,29.5,8,Two year,Bank transfer,Midwest,Yes,No
STABLE-01510,41,80.37,2,1,30.9,9,Two year,Electronic check,West,Yes,No
STABLE-01511,56,67.18,0,2,28.4,10,Two year,Mailed check,Northeast,Yes,No
STABLE-01512,41,86.46,1,1,17.6,10,Two year,Electronic check,South,No,No
STABLE-01513,20,83.13,2,2,27.6,10,Two year,Mailed check,Northeast,Yes,No
STABLE-01514,37,28.72,1,0,16.6,6,Two year,Electronic check,Northeast,Yes,No
STABLE-01515,58,97.17,0,3,25.1,8,Two year,Bank transfer,South,Yes,No
STABLE-01516,46,95.57,0,0,38.6,9,Month-to-month,Bank transfer,Midwest,Yes,No
STABLE-01517,68,71.2,0,2,29.4,8,Two year,Credit card,Northeast,Yes,No
STABLE-01518,28,89.61,0,1,16.2,7,One year,Mailed check,West,Yes,No
STABLE-01519,36,85.14,1,0,22.3,7,Two year,Mailed check,South,Yes,No
STABLE-01520,38,45.03,0,2,30.5,9,Two year,Credit card,South,Yes,No
STABLE-01521,57,39.72,1,2,12.6,6,Two year,Electronic check,West,Yes,No
STABLE-01522,62,41.96,2,0,23.6,9,One year,Credit card,South,Yes,No
STABLE-01523,31,42.56,0,1,14.8,9,Month-to-month,Electronic check,Midwest,Yes,No
STABLE-01524,35,76.16,1,0,29.2,9,One year,Bank transfer,Northeast,Yes,No
STABLE-01525,69,37.53,3,0,11.2,8,One year,Electronic check,West,Yes,No
STABLE-01526,43,27.43,2,0,47.6,9,Two year,Bank transfer,South,Yes,No
STABLE-01527,44,84.46,0,1,19.3,9,Two year,Bank transfer,Midwest,Yes,No
STABLE-01528,26,42.81,0,1,23.7,9,Two year,Electronic check,South,Yes,No
STABLE-01529,63,65.97,2,0,8.2,9,Two year,Credit card,South,Yes,No
STABLE-01530,33,58.72,2,1,13.7,8,Month-to-month,Mailed check,West,No,Yes
STABLE-01531,39,75.85,2,2,10.6,6,One year,Electronic check,West,Yes,No
STABLE-01532,52,26.14,0,1,20.5,7,One year,Mailed check,South,No,No
STABLE-01533,55,99.34,0,3,20.0,7,One year,Mailed check,Midwest,Yes,Yes
STABLE-01534,63,84.08,0,3,15.8,8,One year,Credit card,West,No,No
STABLE-01535,61,86.5,2,0,37.5,8,One year,Credit card,South,Yes,No
STABLE-01536,51,94.87,0,0,26.8,9,Two year,Bank transfer,Midwest,Yes,No
STABLE-01537,65,53.1,1,2,36.9,8,Two year,Mailed check,Northeast,No,No
STABLE-01538,20,40.24,4,3,25.9,7,Two year,Mailed check,South,Yes,No
STABLE-01539,30,49.67,3,0,17.7,9,Two year,Mailed check,South,Yes,No
STABLE-01540,47,39.52,0,0,20.9,9,Two year,Credit card,Northeast,Yes,No
STABLE-01541,27,31.86,0,0,21.6,9,One year,Credit card,South,Yes,No
STABLE-01542,27,102.93,1,1,25.3,8,Month-to-month,Bank transfer,Northeast,Yes,No
STABLE-01543,68,64.95,3,1,20.1,8,One year,Electronic check,West,No,No
STABLE-01544,53,54.65,0,0,33.8,6,Two year,Credit card,West,Yes,No
STABLE-01545,32,55.46,0,2,24.5,9,One year,Electronic check,Midwest,Yes,No
STABLE-01546,34,87.13,0,3,15.8,7,Two year,Electronic check,South,Yes,Yes
STABLE-01547,46,102.51,4,0,13.1,8,Two year,Mailed check,South,Yes,No
STABLE-01548,54,96.25,2,2,23.4,8,Two year,Bank transfer,South,Yes,No
STABLE-01549,18,55.64,1,1,28.1,6,Month-to-month,Electronic check,West,Yes,Yes
STABLE-01550,21,100.64,1,0,26.3,7,Month-to-month,Mailed check,West,Yes,Yes
STABLE-01551,37,32.82,0,1,24.6,10,Two year,Mailed check,Midwest,Yes,No
STABLE-01552,41,92.26,2,1,23.9,10,Two year,Mailed check,West,No,No
STABLE-01553,61,83.09,0,1,8.4,8,One year,Electronic check,Midwest,Yes,No
STABLE-01554,46,98.74,4,0,39.3,10,Two year,Credit card,West,Yes,No
STABLE-01555,48,94.4,1,0,27.8,8,Two year,Electronic check,Midwest,Yes,No
STABLE-01556,48,102.11,0,0,23.0,9,Two year,Credit card,Midwest,No,No
STABLE-01557,40,27.95,3,1,32.9,8,One year,Mailed check,South,Yes,No
STABLE-01558,19,88.66,3,1,25.4,7,Two year,Mailed check,West,Yes,No
STABLE-01559,71,25.34,2,0,19.0,8,Two year,Bank transfer,Midwest,No,No
STABLE-01560,70,26.0,0,0,25.2,7,Two year,Bank transfer,Midwest,Yes,No
STABLE-01561,29,60.8,0,1,26.2,9,One year,Mailed check,Northeast,Yes,No
STABLE-01562,63,45.36,0,3,23.4,7,One year,Bank transfer,West,Yes,No
STABLE-01563,18,31.92,2,2,32.6,6,One year,Mailed check,West,No,No
STABLE-01564,68,94.62,0,1,16.3,7,Two year,Bank transfer,Northeast,No,No
STABLE-01565,21,68.02,0,0,1.1,8,Two year,Mailed check,South,Yes,No
STABLE-01566,60,43.38,1,0,12.1,8,Two year,Credit card,Northeast,Yes,No
STABLE-01567,19,66.97,2,1,30.1,8,One year,Credit card,South,Yes,No
STABLE-01568,55,53.29,0,0,35.8,9,Two year,Electronic check,Northeast,Yes,No
STABLE-01569,71,91.82,2,0,27.8,7,Two year,Credit card,South,Yes,No
STABLE-01570,19,94.65,0,1,18.5,6,Two year,Credit card,Midwest,Yes,No
STABLE-01571,56,93.54,1,1,17.8,7,Two year,Mailed check,South,Yes,No
STABLE-01572,66,68.6,0,0,39.6,9,Two year,Mailed check,South,Yes,No
STABLE-01573,35,94.4,2,2,19.8,8,Two year,Bank transfer,West,Yes,No
STABLE-01574,56,71.71,0,0,12.5,8,One year,Mailed check,Northeast,No,No
STABLE-01575,63,31.71,3,2,24.7,9,Two year,Mailed check,Northeast,No,No
STABLE-01576,57,31.91,2,1,26.2,6,Two year,Mailed check,Northeast,Yes,No
STABLE-01577,39,55.89,0,0,38.8,9,Two year,Mailed check,Northeast,Yes,No
STABLE-01578,24,42.02,1,2,9.9,7,Two year,Electronic check,West,Yes,Yes
STABLE-01579,30,81.87,1,0,30.3,8,Two year,Credit card,Midwest,Yes,No
STABLE-01580,21,60.92,0,0,15.2,8,Two year,Credit card,South,Yes,No
STABLE-01581,70,36.48,2,0,23.4,9,Month-to-month,Bank transfer,South,Yes,Yes
STABLE-01582,59,92.21,1,3,37.2,10,Two year,Credit card,West,Yes,No
STABLE-01583,56,30.79,0,2,39.7,7,Two year,Bank transfer,South,Yes,No
STABLE-01584,19,60.87,1,0,33.3,7,Two year,Electronic check,South,Yes,No
STABLE-01585,69,48.87,0,0,11.4,9,Two year,Electronic check,Northeast,Yes,No
STABLE-01586,43,76.96,2,1,36.2,8,Two year,Credit card,South,Yes,No
STABLE-01587,41,98.1,1,1,20.1,7,Two year,Electronic check,Midwest,No,No
STABLE-01588,70,69.36,2,2,29.1,7,Two year,Mailed check,West,No,No
STABLE-01589,60,81.99,0,0,37.1,7,Two year,Credit card,West,Yes,No
STABLE-01590,20,82.58,2,1,19.6,7,Two year,Mailed check,South,Yes,Yes
STABLE-01591,18,28.66,0,1,40.4,8,Two year,Electronic check,Midwest,Yes,No
STABLE-01592,47,48.6,0,1,13.6,8,Two year,Mailed check,West,Yes,No
STABLE-01593,54,32.51,0,0,32.8,8,Month-to-month,Credit card,Northeast,Yes,Yes
STABLE-01594,21,73.08,0,0,31.0,9,Two year,Electronic check,South,Yes,No
STABLE-01595,18,31.49,2,0,15.7,7,Month-to-month,Credit card,Northeast,Yes,Yes
STABLE-01596,22,77.99,0,1,24.8,9,Two year,Bank transfer,Northeast,Yes,No
STABLE-01597,70,76.95,1,0,22.4,8,One year,Mailed check,West,Yes,No
STABLE-01598,43,59.66,3,1,4.1,8,Two year,Mailed check,West,Yes,No
STABLE-01599,65,26.27,1,3,45.2,8,One year,Mailed check,Midwest,Yes,No
STABLE-01600,63,86.24,2,2,35.3,8,Two year,Mailed check,Midwest,Yes,No
STABLE-01601,54,93.22,0,2,18.2,9,Two year,Credit card,South,Yes,No
STABLE-01602,27,44.28,3,1,16.9,8,One year,Bank transfer,Midwest,Yes,No
STABLE-01603,33,99.11,3,0,21.5,8,Two year,Electronic check,Northeast,Yes,No
STABLE-01604,26,28.76,1,0,22.6,7,Two year,Electronic check,Midwest,Yes,No
STABLE-01605,60,95.96,0,1,25.3,10,One year,Electronic check,South,Yes,No
STABLE-01606,57,37.35,1,0,25.7,6,One year,Mailed check,Midwest,Yes,Yes
STABLE-01607,41,29.85,2,0,30.9,7,Two year,Electronic check,South,Yes,No
STABLE-01608,44,72.37,0,0,23.3,9,One year,Electronic check,Midwest,No,No
STABLE-01609,53,37.83,1,0,12.8,8,Two year,Electronic check,West,Yes,No
STABLE-01610,24,31.49,2,0,29.7,7,Two year,Credit card,South,Yes,No
STABLE-01611,62,51.23,0,1,33.7,9,Two year,Electronic check,South,Yes,No
STABLE-01612,70,38.38,2,0,27.1,7,One year,Mailed check,Northeast,Yes,No
STABLE-01613,28,35.5,0,0,22.5,9,One year,Electronic check,West,No,No
STABLE-01614,64,86.09,3,1,20.4,9,Month-to-month,Credit card,Midwest,Yes,No
STABLE-01615,64,51.52,1,2,11.9,8,Two year,Credit card,Midwest,Yes,No
STABLE-01616,39,56.47,2,1,20.3,9,Two year,Electronic check,West,Yes,Yes
STABLE-01617,56,36.53,2,0,27.8,7,One year,Bank transfer,Midwest,Yes,No
STABLE-01618,70,89.81,0,0,40.2,10,Two year,Credit card,South,No,No
STABLE-01619,36,88.24,4,2,23.7,9,Two year,Mailed check,South,No,No
STABLE-01620,65,49.61,2,0,15.8,6,Two year,Bank transfer,Northeast,Yes,Yes
STABLE-01621,47,88.34,0,0,14.8,8,Month-to-month,Bank transfer,Northeast,Yes,No
STABLE-01622,23,25.55,0,0,20.3,7,Two year,Mailed check,Northeast,Yes,Yes
STABLE-01623,18,96.73,1,1,30.3,8,Two year,Credit card,Northeast,Yes,No
STABLE-01624,55,55.48,2,0,25.8,9,Two year,Mailed check,Midwest,Yes,No
STABLE-01625,36,49.3,0,1,14.0,7,One year,Credit card,Midwest,Yes,No
STABLE-01626,71,28.7,1,1,25.5,10,Two year,Electronic check,Northeast,Yes,No
STABLE-01627,69,95.63,1,0,30.6,7,Two year,Bank transfer,Midwest,Yes,No
STABLE-01628,51,41.63,1,0,12.5,9,Two year,Credit card,South,Yes,No
STABLE-01629,20,43.94,0,0,28.0,8,Two year,Credit card,South,Yes,No
STABLE-01630,36,82.53,0,2,24.8,7,Two year,Bank transfer,Northeast,Yes,No
STABLE-01631,71,47.23,1,0,35.7,8,Two year,Bank transfer,Northeast,Yes,No
STABLE-01632,36,30.51,3,1,20.3,8,Two year,Electronic check,Northeast,Yes,No
STABLE-01633,57,96.92,1,0,26.4,9,Two year,Mailed check,West,Yes,No
STABLE-01634,35,76.88,0,3,3.1,8,Two year,Credit card,Midwest,No,No
STABLE-01635,39,52.12,3,4,12.9,8,Two year,Electronic check,West,No,No
STABLE-01636,71,43.24,1,0,29.5,7,Two year,Mailed check,Midwest,Yes,No
STABLE-01637,24,86.41,0,0,20.1,7,Two year,Electronic check,West,Yes,No
STABLE-01638,60,99.18,0,5,22.8,8,Two year,Mailed check,South,Yes,No
STABLE-01639,30,59.66,1,0,24.4,6,One year,Mailed check,South,Yes,No
STABLE-01640,34,80.83,1,0,4.7,8,Two year,Mailed check,Midwest,Yes,Yes
STABLE-01641,55,74.05,0,2,20.4,9,One year,Mailed check,South,Yes,No
STABLE-01642,35,84.19,0,0,20.8,8,Two year,Electronic check,Northeast,Yes,No
STABLE-01643,35,90.18,1,4,8.9,8,Two year,Credit card,West,Yes,No
STABLE-01644,55,76.01,0,0,14.5,8,One year,Bank transfer,Northeast,Yes,No
STABLE-01645,19,77.58,1,4,23.2,9,Two year,Mailed check,Northeast,Yes,Yes
STABLE-01646,59,60.95,0,0,40.3,7,Two year,Electronic check,Midwest,Yes,No
STABLE-01647,58,68.59,2,0,27.1,8,Month-to-month,Mailed check,South,Yes,Yes
STABLE-01648,68,73.78,0,0,27.5,6,Two year,Bank transfer,South,Yes,No
STABLE-01649,33,31.3,1,0,13.1,10,One year,Electronic check,Northeast,Yes,No
STABLE-01650,57,31.68,0,0,14.2,9,Two year,Bank transfer,West,Yes,No
STABLE-01651,59,101.29,1,2,26.8,8,Two year,Mailed check,Northeast,No,No
STABLE-01652,53,34.83,0,0,22.6,8,One year,Mailed check,South,Yes,No
STABLE-01653,18,96.72,1,2,22.4,8,Two year,Mailed check,South,Yes,No
STABLE-01654,37,59.65,1,0,19.7,8,Two year,Credit card,West,Yes,No
STABLE-01655,32,95.13,1,0,5.4,8,Two year,Electronic check,Midwest,Yes,Yes
STABLE-01656,58,44.56,0,0,34.1,8,Two year,Bank transfer,South,Yes,No
STABLE-01657,21,34.48,2,5,19.9,9,Two year,Mailed check,West,Yes,No
STABLE-01658,29,28.68,1,0,25.0,8,One year,Bank transfer,West,No,No
STABLE-01659,50,34.46,1,2,13.5,8,Two year,Credit card,West,Yes,No
STABLE-01660,30,71.57,1,1,31.0,8,Two year,Credit card,Midwest,Yes,Yes
STABLE-01661,64,102.46,2,0,26.1,7,One year,Mailed check,West,Yes,No
STABLE-01662,71,41.44,2,0,35.5,10,Two year,Credit card,Midwest,No,No
STABLE-01663,25,73.67,2,0,15.8,10,One year,Bank transfer,Northeast,Yes,No
STABLE-01664,31,101.15,1,2,36.1,8,Two year,Mailed check,West,No,No
STABLE-01665,70,30.37,0,0,20.4,8,Two year,Mailed check,Northeast,Yes,No
STABLE-01666,55,55.99,2,0,41.8,8,Two year,Credit card,Northeast,Yes,No
STABLE-01667,55,82.31,4,1,36.3,10,One year,Credit card,West,No,No
STABLE-01668,67,67.11,3,0,15.2,9,Two year,Mailed check,South,Yes,No
STABLE-01669,37,84.1,2,0,14.3,7,Two year,Electronic check,Northeast,Yes,No
STABLE-01670,65,100.32,2,0,25.4,8,Two year,Mailed check,West,Yes,No
STABLE-01671,72,42.52,2,0,18.5,7,One year,Electronic check,Northeast,Yes,No
STABLE-01672,68,76.99,2,0,29.0,8,Two year,Bank transfer,South,Yes,No
STABLE-01673,52,53.0,1,2,12.3,9,One year,Mailed check,West,Yes,No
STABLE-01674,66,42.09,1,1,25.6,8,Two year,Mailed check,West,Yes,No
STABLE-01675,67,89.13,0,0,33.9,7,Two year,Electronic check,Northeast,No,No
STABLE-01676,47,37.54,0,2,30.8,9,Two year,Mailed check,Northeast,Yes,No
STABLE-01677,31,51.85,1,1,21.2,9,One year,Bank transfer,Northeast,Yes,No
STABLE-01678,64,51.78,0,0,16.7,8,Two year,Bank transfer,South,Yes,No
STABLE-01679,34,55.54,1,2,33.4,9,Two year,Bank transfer,West,Yes,No
STABLE-01680,25,31.8,1,0,14.0,10,Two year,Bank transfer,West,Yes,No
STABLE-01681,41,34.74,4,0,16.5,7,One year,Electronic check,West,No,No
STABLE-01682,36,26.82,1,1,21.0,7,Two year,Mailed check,Midwest,Yes,No
STABLE-01683,34,71.42,2,0,31.1,8,Two year,Credit card,South,Yes,No
STABLE-01684,21,56.19,1,1,20.3,7,One year,Credit card,South,Yes,No
STABLE-01685,41,73.66,0,1,33.3,9,One year,Credit card,Midwest,Yes,No
STABLE-01686,51,71.63,2,1,26.5,10,Two year,Mailed check,West,No,Yes
STABLE-01687,30,36.48,0,0,11.3,9,One year,Bank transfer,Midwest,Yes,Yes
STABLE-01688,52,52.52,1,0,46.1,8,Two year,Mailed check,Northeast,Yes,No
STABLE-01689,60,102.07,3,0,17.8,7,Two year,Bank transfer,South,Yes,No
STABLE-01690,41,80.47,0,1,39.8,7,Two year,Mailed check,West,Yes,No
STABLE-01691,45,33.06,1,1,11.7,8,One year,Electronic check,Northeast,Yes,No
STABLE-01692,25,44.41,1,0,27.5,7,Two year,Mailed check,Midwest,Yes,No
STABLE-01693,22,61.01,2,0,33.9,7,One year,Bank transfer,Northeast,No,Yes
STABLE-01694,33,74.09,0,0,23.3,7,Month-to-month,Mailed check,South,Yes,No
STABLE-01695,53,103.32,0,3,39.8,8,Month-to-month,Credit card,Northeast,Yes,Yes
STABLE-01696,34,68.28,0,2,16.1,9,One year,Credit card,South,Yes,No
STABLE-01697,24,68.14,1,1,17.3,7,Two year,Bank transfer,West,Yes,No
STABLE-01698,58,96.57,2,2,21.6,9,One year,Mailed check,South,No,No
STABLE-01699,22,32.44,2,0,36.4,7,Two year,Credit card,Northeast,Yes,No
STABLE-01700,47,72.22,1,0,23.3,9,One year,Bank transfer,Northeast,No,No
STABLE-01701,41,85.2,0,0,15.2,9,Two year,Credit card,Midwest,Yes,No
STABLE-01702,27,29.76,3,3,30.7,10,Two year,Bank transfer,Northeast,Yes,Yes
STABLE-01703,50,51.58,1,0,20.7,9,Two year,Credit card,Midwest,Yes,No
STABLE-01704,48,72.39,0,1,17.4,7,One year,Bank transfer,Northeast,Yes,No
STABLE-01705,31,70.81,2,2,20.3,8,Month-to-month,Mailed check,South,Yes,Yes
STABLE-01706,19,66.58,1,2,29.5,8,One year,Electronic check,Midwest,Yes,No
STABLE-01707,71,61.2,0,2,26.1,9,Two year,Electronic check,Midwest,Yes,No
STABLE-01708,24,32.28,2,0,15.6,7,Two year,Credit card,West,Yes,No
STABLE-01709,50,48.06,0,0,23.8,9,One year,Mailed check,West,Yes,No
STABLE-01710,59,45.58,0,0,37.0,7,One year,Credit card,Midwest,Yes,No
STABLE-01711,63,48.9,0,0,40.2,8,Two year,Credit card,West,Yes,Yes
STABLE-01712,59,46.7,1,1,20.8,10,Two year,Bank transfer,West,No,No
STABLE-01713,54,53.71,1,0,16.6,9,Two year,Bank transfer,Northeast,Yes,No
STABLE-01714,63,61.37,1,1,30.1,8,Two year,Mailed check,South,Yes,No
STABLE-01715,34,83.14,0,1,26.2,8,Month-to-month,Bank transfer,West,No,Yes
STABLE-01716,61,51.64,1,1,15.4,8,Month-to-month,Mailed check,Midwest,Yes,No
STABLE-01717,20,69.21,0,2,16.4,7,Two year,Credit card,West,Yes,No
STABLE-01718,72,46.98,0,0,19.9,9,Two year,Mailed check,Midwest,No,No
STABLE-01719,18,95.31,2,0,26.0,8,One year,Mailed check,Northeast,Yes,Yes
STABLE-01720,60,94.66,2,3,29.2,10,One year,Credit card,South,Yes,No
STABLE-01721,50,69.6,0,0,19.5,8,One year,Credit card,Midwest,Yes,No
STABLE-01722,72,81.09,0,1,28.8,9,One year,Electronic check,South,Yes,No
STABLE-01723,31,37.83,2,1,23.6,7,One year,Credit card,Midwest,Yes,No
STABLE-01724,55,40.54,0,0,34.4,9,Two year,Bank transfer,Northeast,Yes,No
STABLE-01725,69,44.09,0,0,25.6,9,Two year,Credit card,South,Yes,No
STABLE-01726,29,40.49,1,3,34.3,10,One year,Mailed check,South,No,No
STABLE-01727,28,61.26,2,0,24.2,10,Two year,Credit card,Northeast,Yes,No
STABLE-01728,30,45.07,3,0,4.6,8,One year,Electronic check,Midwest,Yes,No
STABLE-01729,31,28.53,0,0,21.3,9,Two year,Mailed check,West,Yes,No
STABLE-01730,72,74.7,0,2,24.7,8,Two year,Electronic check,South,Yes,Yes
STABLE-01731,56,69.11,1,0,24.5,9,One year,Bank transfer,Northeast,Yes,No
STABLE-01732,28,96.33,0,0,26.0,8,Two year,Mailed check,West,Yes,No
STABLE-01733,61,58.9,0,0,25.4,10,One year,Bank transfer,West,Yes,No
STABLE-01734,63,81.25,0,0,31.9,8,Two year,Credit card,Northeast,Yes,No
STABLE-01735,71,78.21,0,0,8.0,8,Two year,Bank transfer,Northeast,Yes,No
STABLE-01736,54,25.22,2,0,25.8,9,Two year,Bank transfer,West,Yes,No
STABLE-01737,34,69.16,2,3,31.7,9,One year,Mailed check,Midwest,Yes,No
STABLE-01738,24,60.82,1,1,24.2,8,One year,Mailed check,South,No,No
STABLE-01739,28,67.59,0,2,28.7,10,Month-to-month,Bank transfer,Midwest,Yes,No
STABLE-01740,43,90.72,0,0,22.7,7,Month-to-month,Bank transfer,West,Yes,No
STABLE-01741,34,46.35,3,0,20.6,8,Two year,Electronic check,Midwest,No,No
STABLE-01742,72,100.91,0,1,24.9,9,Two year,Bank transfer,South,Yes,No
STABLE-01743,69,33.65,2,0,14.8,8,Two year,Bank transfer,Northeast,Yes,No
STABLE-01744,40,44.11,2,1,23.9,10,Month-to-month,Credit card,West,Yes,No
STABLE-01745,20,98.52,1,0,31.3,8,One year,Electronic check,Northeast,Yes,Yes
STABLE-01746,72,31.76,0,1,15.7,8,One year,Mailed check,Northeast,Yes,No
STABLE-01747,41,67.69,0,0,29.2,7,One year,Credit card,Northeast,No,Yes
STABLE-01748,52,78.24,1,0,14.1,6,One year,Credit card,Northeast,Yes,No
STABLE-01749,42,34.99,3,2,31.4,9,Two year,Electronic check,Midwest,Yes,No
STABLE-01750,45,25.19,1,2,20.9,9,Two year,Credit card,Northeast,Yes,No
STABLE-01751,68,26.26,0,1,18.6,8,Month-to-month,Mailed check,South,Yes,No
STABLE-01752,24,34.85,0,0,11.8,7,Two year,Credit card,South,Yes,No
STABLE-01753,26,93.26,0,5,24.2,10,One year,Mailed check,West,Yes,Yes
STABLE-01754,70,91.04,0,2,29.2,6,Two year,Bank transfer,Midwest,No,No
STABLE-01755,59,42.65,2,0,21.3,9,One year,Bank transfer,South,Yes,No
STABLE-01756,36,32.68,2,2,18.4,9,One year,Bank transfer,South,Yes,Yes
STABLE-01757,23,55.85,3,2,9.4,9,One year,Electronic check,Northeast,Yes,Yes
STABLE-01758,54,65.51,3,2,20.7,8,Two year,Credit card,Northeast,Yes,No
STABLE-01759,30,75.06,0,1,15.9,6,One year,Electronic check,Midwest,Yes,No
STABLE-01760,61,30.75,1,0,20.9,9,Month-to-month,Credit card,West,Yes,No
STABLE-01761,47,95.07,0,2,19.7,8,One year,Bank transfer,South,Yes,Yes
STABLE-01762,25,101.97,1,0,27.4,7,Two year,Credit card,West,No,No
STABLE-01763,30,65.44,3,2,24.0,8,Two year,Electronic check,Midwest,Yes,Yes
STABLE-01764,40,81.66,0,4,19.0,10,One year,Credit card,Northeast,No,No
STABLE-01765,23,51.01,0,0,16.5,9,Two year,Mailed check,South,Yes,No
STABLE-01766,53,80.83,1,0,22.2,9,Two year,Credit card,South,Yes,No
STABLE-01767,43,30.24,2,0,25.5,8,Two year,Bank transfer,Northeast,Yes,No
STABLE-01768,42,93.96,1,3,15.2,9,Two year,Credit card,Midwest,No,No
STABLE-01769,49,102.08,0,0,37.8,7,Month-to-month,Credit card,Northeast,Yes,No
STABLE-01770,32,31.06,1,0,53.1,8,Two year,Mailed check,Northeast,Yes,No
STABLE-01771,28,74.17,0,0,31.0,9,One year,Mailed check,West,Yes,Yes
STABLE-01772,46,101.02,0,1,25.5,7,Two year,Mailed check,South,No,No
STABLE-01773,35,76.25,0,0,13.9,9,One year,Mailed check,Midwest,Yes,No
STABLE-01774,34,70.63,0,0,21.2,6,Two year,Credit card,Midwest,Yes,No
STABLE-01775,26,54.5,2,3,26.6,6,Two year,Bank transfer,South,Yes,Yes
STABLE-01776,54,37.06,0,0,16.3,6,Two year,Electronic check,West,Yes,No
STABLE-01777,49,67.18,1,3,22.7,9,Month-to-month,Credit card,South,No,Yes
STABLE-01778,25,94.23,0,0,22.0,8,Two year,Mailed check,Northeast,No,No
STABLE-01779,31,93.66,2,1,22.3,8,Two year,Credit card,Northeast,Yes,No
STABLE-01780,52,69.09,1,2,26.3,8,One year,Mailed check,South,Yes,No
STABLE-01781,28,54.12,0,1,26.8,8,One year,Credit card,West,Yes,No
STABLE-01782,24,52.2,2,1,19.3,9,One year,Credit card,Midwest,Yes,No
STABLE-01783,34,89.98,0,0,13.7,8,Two year,Bank transfer,South,Yes,Yes
STABLE-01784,49,53.73,0,0,17.9,8,Two year,Credit card,Northeast,Yes,No
STABLE-01785,32,83.66,2,1,25.2,9,One year,Bank transfer,South,Yes,No
STABLE-01786,64,63.52,0,0,27.6,8,Month-to-month,Credit card,South,Yes,No
STABLE-01787,34,82.78,1,2,28.8,9,Two year,Bank transfer,West,Yes,No
STABLE-01788,24,52.63,0,2,17.8,10,Two year,Bank transfer,West,Yes,No
STABLE-01789,49,101.22,1,1,32.6,7,One year,Electronic check,West,Yes,No
STABLE-01790,18,51.96,0,2,7.4,9,Two year,Mailed check,Northeast,No,Yes
STABLE-01791,23,78.45,0,4,24.9,9,Two year,Mailed check,Northeast,Yes,No
STABLE-01792,33,99.2,1,1,30.9,8,Two year,Bank transfer,Midwest,Yes,No
STABLE-01793,34,46.92,2,1,18.7,8,Two year,Credit card,Midwest,Yes,No
STABLE-01794,27,67.6,0,0,18.3,6,One year,Credit card,West,Yes,No
STABLE-01795,22,66.44,1,1,20.1,7,Two year,Mailed check,Northeast,Yes,No
STABLE-01796,49,75.74,2,0,20.0,9,Two year,Credit card,South,No,No
STABLE-01797,25,73.68,1,3,28.8,7,One year,Electronic check,Midwest,Yes,Yes
STABLE-01798,57,81.92,2,0,7.5,8,Two year,Bank transfer,Midwest,Yes,No
STABLE-01799,63,50.95,0,0,38.1,8,Two year,Electronic check,Northeast,No,No
STABLE-01800,27,80.99,0,0,16.9,10,Month-to-month,Electronic check,Northeast,Yes,No
