customer_id,tenure_months,monthly_charges,support_calls_last_90d,payment_delay_days,monthly_usage_gb,satisfaction_score,contract_type,payment_method,region,auto_pay,churn
NOISY-00001,45,114.38,8,6,29.1,6,Month-to-month,Bank transfer,Midwest,No,Yes
NOISY-00002,51,25.35,0,2,1,4,One year,Credit card,South,No,No
NOISY-00003,14,116.75,5,6,43.0,1,Month-to-month,Mailed check,Midwest,No,Yes
NOISY-00004,51,98.39,6,5,36.5,2,Two year,Credit card,Northeast,No,No
NOISY-00005,67,116.23,5,0,20.8,9,Month-to-month,Bank transfer,West,No,No
NOISY-00006,68,80.73,3,0,14.3,4,Month-to-month,Mailed check,South,Yes,No
NOISY-00007,45,35.41,1,11,34.7,3,Month-to-month,Credit card,West,Yes,No
NOISY-00008,1,44.61,1,0,8.0,9,Month-to-month,Bank transfer,Midwest,Yes,No
NOISY-00009,51,129.28,2,0,30.0,1,Month-to-month,Mailed check,West,No,Yes
NOISY-00010,2,43.85,8,4,36.1,7,Month-to-month,Mailed check,Midwest,Yes,No
NOISY-00011,59,85.52,0,14,45.8,8,One year,Bank transfer,West,No,No
NOISY-00012,39,79.06,0,8,33.9,7,One year,Mailed check,South,No,No
NOISY-00013,2,86.53,5,4,13.0,1,Month-to-month,Bank transfer,South,Yes,No
NOISY-00014,69,135.55,0,12,23.7,6,Two year,Mailed check,West,Yes,No
NOISY-00015,53,94.35,2,0,14.8,1,Month-to-month,Mailed check,West,Yes,Yes
NOISY-00016,65,106.6,7,2,25.5,10,One year,Electronic check,West,No,No
NOISY-00017,71,32.23,2,3,49.2,6,Month-to-month,Electronic check,West,No,No
NOISY-00018,57,156.68,1,0,28.2,10,Month-to-month,Bank transfer,South,Yes,No
NOISY-00019,69,39.76,7,0,1,9,Two year,Bank transfer,Northeast,Yes,No
NOISY-00020,50,130.28,3,10,29.1,4,Two year,Bank transfer,Midwest,No,Yes
NOISY-00021,31,122.37,6,0,51.7,9,One year,Bank transfer,South,No,No
NOISY-00022,54,26.15,5,16,32.9,5,One year,Mailed check,Midwest,Yes,Yes
NOISY-00023,10,86.89,0,0,55.4,8,One year,Bank transfer,South,Yes,No
NOISY-00024,41,56.98,0,4,40.8,8,One year,Credit card,West,No,No
NOISY-00025,17,84.55,4,0,23.1,4,Month-to-month,Credit card,West,Yes,Yes
NOISY-00026,42,102.04,11,7,44.3,1,One year,Electronic check,Midwest,No,Yes
NOISY-00027,41,91.0,6,5,9.7,9,Month-to-month,Bank transfer,West,Yes,No
NOISY-00028,24,62.41,1,0,46.5,1,Month-to-month,Mailed check,Midwest,Yes,No
NOISY-00029,17,93.13,1,7,35.6,1,Month-to-month,Mailed check,Northeast,No,Yes
NOISY-00030,4,135.71,0,0,10.6,3,One year,Electronic check,Northeast,Yes,Yes
NOISY-00031,44,53.3,3,0,44.5,2,One year,Electronic check,Midwest,No,No
NOISY-00032,67,95.65,0,7,46.6,6,Month-to-month,Credit card,South,Yes,No
NOISY-00033,44,156.79,4,6,22.6,5,Month-to-month,Mailed check,South,No,Yes
NOISY-00034,52,124.05,4,8,1.6,1,One year,Electronic check,Northeast,Yes,No
NOISY-00035,15,69.88,1,10,37.4,5,Two year,Electronic check,West,No,No
NOISY-00036,53,75.03,10,12,26.6,2,One year,Mailed check,Midwest,Yes,Yes
NOISY-00037,21,49.91,1,1,24.1,1,One year,Mailed check,South,No,Yes
NOISY-00038,13,151.05,8,3,22.1,5,Two year,Credit card,Northeast,Yes,Yes
NOISY-00039,59,30.81,2,0,31.1,9,One year,Bank transfer,Midwest,Yes,No
NOISY-00040,53,67.85,2,7,17.3,1,One year,Bank transfer,Northeast,No,Yes
NOISY-00041,22,158.78,4,9,47.6,2,Two year,Credit card,South,No,Yes
NOISY-00042,18,85.9,5,3,7.2,7,Month-to-month,Mailed check,Northeast,No,No
NOISY-00043,35,127.38,4,0,12.9,3,Two year,Mailed check,West,Yes,Yes
NOISY-00044,62,70.58,3,3,57.8,4,One year,Credit card,Midwest,No,No
NOISY-00045,46,153.64,7,5,30.6,9,Two year,Mailed check,Northeast,Yes,No
NOISY-00046,19,97.48,1,6,73.2,8,Two year,Mailed check,South,Yes,No
NOISY-00047,9,62.52,6,1,20.5,5,Month-to-month,Bank transfer,Midwest,Yes,No
NOISY-00048,48,56.33,6,6,11.4,7,Month-to-month,Bank transfer,West,Yes,No
NOISY-00049,57,99.4,1,0,37.8,2,One year,Mailed check,West,No,No
NOISY-00050,44,119.72,5,0,54.5,2,One year,Credit card,Midwest,No,No
NOISY-00051,59,38.45,4,1,22.4,8,One year,Credit card,West,Yes,No
NOISY-00052,37,37.24,2,2,27.5,6,Month-to-month,Mailed check,Northeast,No,No
NOISY-00053,19,122.88,9,6,48.5,4,One year,Bank transfer,South,No,Yes
NOISY-00054,64,79.44,3,4,46.4,5,One year,Electronic check,Midwest,Yes,No
NOISY-00055,42,123.53,5,7,30.7,6,Month-to-month,Bank transfer,West,Yes,Yes
NOISY-00056,17,121.34,7,0,19.4,3,Two year,Credit card,South,Yes,Yes
NOISY-00057,53,43.0,6,2,55.1,3,One year,Mailed check,South,Yes,No
NOISY-00058,67,52.49,2,1,19.7,8,Two year,Credit card,West,Yes,No
NOISY-00059,45,101.24,4,2,19.2,7,Month-to-month,Bank transfer,South,Yes,Yes
NOISY-00060,36,121.77,2,0,55.1,7,Two year,Electronic check,South,No,No
NOISY-00061,58,108.88,1,1,13.5,2,Two year,Bank transfer,Northeast,Yes,Yes
NOISY-00062,50,113.89,0,1,25.4,6,Month-to-month,Bank transfer,Northeast,Yes,No
NOISY-00063,62,38.73,4,4,56.1,5,Month-to-month,Mailed check,South,Yes,No
NOISY-00064,9,124.86,4,0,18.2,5,Two year,Electronic check,Northeast,Yes,Yes
NOISY-00065,35,99.66,4,2,24.4,9,Month-to-month,Credit card,South,Yes,No
NOISY-00066,21,105.71,4,2,42.7,9,Month-to-month,Bank transfer,South,Yes,No
NOISY-00067,39,120.8,2,1,21.0,9,One year,Bank transfer,West,No,No
NOISY-00068,50,111.98,5,6,18.2,1,One year,Bank transfer,South,Yes,No
NOISY-00069,10,64.79,6,8,35.8,1,One year,Credit card,West,No,Yes
NOISY-00070,13,81.85,5,0,48.4,4,Two year,Mailed check,Midwest,Yes,No
NOISY-00071,44,145.67,4,4,40.5,6,Month-to-month,Electronic check,West,Yes,No
NOISY-00072,72,141.26,6,0,25.7,5,Month-to-month,Mailed check,West,No,Yes
NOISY-00073,26,98.42,3,14,22.8,3,One year,Bank transfer,Midwest,No,Yes
NOISY-00074,6,62.52,2,2,45.0,10,One year,Bank transfer,Northeast,Yes,No
NOISY-00075,44,87.28,2,0,1.3,8,Month-to-month,Mailed check,Northeast,Yes,No
NOISY-00076,67,102.36,2,2,12.4,10,One year,Mailed check,West,No,No
NOISY-00077,52,55.88,4,4,32.3,10,One year,Electronic check,South,Yes,No
NOISY-00078,10,44.98,2,6,20.0,2,One year,Credit card,Northeast,No,Yes
NOISY-00079,58,62.59,2,7,15.4,2,One year,Electronic check,Northeast,Yes,No
NOISY-00080,34,43.64,7,13,6.6,8,Two year,Electronic check,Northeast,No,Yes
NOISY-00081,61,70.19,5,6,4.8,4,One year,Credit card,West,Yes,Yes
NOISY-00082,72,55.91,8,0,25.4,5,Two year,Bank transfer,South,Yes,No
NOISY-00083,58,85.48,4,7,22.7,1,Two year,Credit card,Midwest,Yes,No
NOISY-00084,46,38.85,3,8,11.5,5,Month-to-month,Credit card,Midwest,No,Yes
NOISY-00085,4,90.31,0,0,1,7,One year,Bank transfer,Northeast,No,No
NOISY-00086,33,139.26,0,2,36.4,2,Two year,Bank transfer,South,Yes,No
NOISY-00087,55,120.32,5,8,18.0,10,One year,Credit card,Northeast,No,No
NOISY-00088,24,70.07,4,3,24.6,4,Two year,Bank transfer,Midwest,Yes,Yes
NOISY-00089,6,68.66,6,0,1,6,Two year,Credit card,South,No,No
NOISY-00090,20,46.57,1,1,46.1,5,One year,Bank transfer,West,Yes,No
NOISY-00091,29,74.37,4,0,48.4,8,Month-to-month,Bank transfer,Midwest,No,No
NOISY-00092,8,119.81,4,13,20.7,3,Month-to-month,Bank transfer,Midwest,Yes,Yes
NOISY-00093,46,32.92,0,0,36.9,7,Month-to-month,Credit card,Midwest,Yes,No
NOISY-00094,11,113.92,6,2,1,2,Two year,Bank transfer,Northeast,No,No
NOISY-00095,52,27.01,5,4,35.6,1,One year,Credit card,Northeast,No,No
NOISY-00096,5,38.18,5,9,12.5,6,Two year,Electronic check,Northeast,No,No
NOISY-00097,21,108.34,5,0,16.3,9,Two year,Bank transfer,West,Yes,No
NOISY-00098,16,76.84,0,10,63.4,9,Two year,Bank transfer,West,No,No
NOISY-00099,64,60.85,3,6,29.3,2,One year,Bank transfer,Midwest,Yes,No
NOISY-00100,9,152.9,3,1,18.7,3,Two year,Electronic check,South,Yes,Yes
NOISY-00101,24,51.95,1,2,49.7,5,Two year,Mailed check,Midwest,No,No
NOISY-00102,32,26.55,1,5,40.9,3,Two year,Electronic check,West,Yes,No
NOISY-00103,59,42.02,4,7,15.8,7,Two year,Mailed check,South,Yes,No
NOISY-00104,48,86.95,3,5,69.1,8,One year,Mailed check,West,No,No
NOISY-00105,57,48.66,4,0,9.7,8,One year,Mailed check,West,No,No
NOISY-00106,70,150.02,0,8,43.9,3,Month-to-month,Mailed check,Northeast,Yes,No
NOISY-00107,20,159.97,0,0,30.0,10,Month-to-month,Electronic check,West,No,No
NOISY-00108,12,61.02,0,10,47.5,5,Month-to-month,Electronic check,West,No,Yes
NOISY-00109,25,40.97,2,2,59.4,8,One year,Electronic check,West,No,No
NOISY-00110,36,144.27,0,2,1,3,Month-to-month,Bank transfer,Midwest,Yes,Yes
NOISY-00111,67,158.25,1,3,41.4,8,One year,Mailed check,Midwest,No,No
NOISY-00112,54,30.51,4,6,17.9,5,Month-to-month,Mailed check,West,No,No
NOISY-00113,46,150.78,0,9,35.3,4,Month-to-month,Electronic check,South,No,Yes
NOISY-00114,12,34.11,4,9,19.2,8,One year,Bank transfer,West,Yes,No
NOISY-00115,46,63.73,3,4,21.4,8,One year,Bank transfer,South,No,No
NOISY-00116,34,70.12,0,0,15.6,3,One year,Credit card,Northeast,Yes,No
NOISY-00117,45,77.45,3,5,18.3,3,One year,Mailed check,West,Yes,No
NOISY-00118,9,85.96,0,0,34.8,3,Month-to-month,Electronic check,Northeast,Yes,Yes
NOISY-00119,12,49.16,2,0,77.2,9,Month-to-month,Mailed check,Midwest,No,No
NOISY-00120,41,69.52,7,2,60.5,4,One year,Mailed check,Northeast,No,No
NOISY-00121,57,105.39,0,0,31.0,7,Month-to-month,Mailed check,Midwest,Yes,No
NOISY-00122,19,76.49,5,12,34.5,9,Month-to-month,Credit card,Midwest,No,No
NOISY-00123,70,65.48,7,4,26.5,7,One year,Mailed check,Midwest,No,No
NOISY-00124,71,75.5,3,2,26.2,2,One year,Mailed check,South,No,No
NOISY-00125,42,89.29,10,8,1,5,Month-to-month,Bank transfer,South,Yes,No
NOISY-00126,2,70.86,1,8,18.1,9,Two year,Bank transfer,South,No,No
NOISY-00127,61,72.44,4,6,22.7,10,Two year,Electronic check,Northeast,Yes,No
NOISY-00128,58,128.16,3,6,32.9,4,One year,Credit card,Northeast,No,No
NOISY-00129,71,157.53,0,0,26.8,5,Two year,Mailed check,West,No,No
NOISY-00130,29,112.88,3,0,32.2,1,Month-to-month,Credit card,West,No,Yes
NOISY-00131,55,131.75,8,9,48.9,6,One year,Credit card,West,No,No
NOISY-00132,47,153.08,1,1,75.3,8,One year,Bank transfer,South,No,No
NOISY-00133,32,83.94,11,13,58.7,9,One year,Bank transfer,Midwest,No,No
NOISY-00134,5,159.48,4,6,17.0,1,Month-to-month,Mailed check,South,Yes,Yes
NOISY-00135,28,101.27,0,0,18.9,10,Month-to-month,Credit card,Northeast,No,No
NOISY-00136,14,70.23,5,6,59.3,2,One year,Electronic check,Midwest,No,No
NOISY-00137,36,144.7,3,9,18.8,9,Month-to-month,Bank transfer,Northeast,No,Yes
NOISY-00138,13,97.58,1,4,20.7,3,One year,Electronic check,South,Yes,No
NOISY-00139,42,119.41,5,3,61.7,1,One year,Bank transfer,South,No,No
NOISY-00140,52,129.3,0,0,39.2,8,Two year,Bank transfer,South,Yes,No
NOISY-00141,30,143.42,2,0,17.8,3,Month-to-month,Credit card,West,No,Yes
NOISY-00142,59,78.97,6,4,32.0,7,One year,Electronic check,South,Yes,No
NOISY-00143,63,127.2,0,1,27.4,1,Month-to-month,Bank transfer,Northeast,No,Yes
NOISY-00144,67,149.31,2,0,36.2,9,One year,Mailed check,Northeast,No,No
NOISY-00145,69,82.19,5,3,24.6,7,Two year,Mailed check,Northeast,Yes,No
NOISY-00146,31,53.02,0,0,74.9,6,Month-to-month,Bank transfer,South,Yes,No
NOISY-00147,41,87.12,6,0,15.2,5,One year,Mailed check,West,No,No
NOISY-00148,33,104.71,3,4,32.3,9,Two year,Bank transfer,South,No,No
NOISY-00149,13,78.33,0,3,44.5,1,One year,Credit card,Midwest,Yes,No
NOISY-00150,52,105.44,0,0,30.9,4,One year,Mailed check,Midwest,No,No
NOISY-00151,55,129.34,3,9,10.1,9,Month-to-month,Electronic check,West,Yes,No
NOISY-00152,62,78.65,3,2,24.9,7,Two year,Electronic check,West,Yes,No
NOISY-00153,13,121.6,3,4,32.4,10,One year,Mailed check,Northeast,Yes,No
NOISY-00154,23,29.19,2,3,59.2,1,Two year,Bank transfer,Northeast,Yes,No
NOISY-00155,7,36.91,0,7,22.3,6,Two year,Mailed check,West,No,No
NOISY-00156,16,84.74,2,8,51.4,5,One year,Credit card,Northeast,Yes,No
NOISY-00157,34,62.41,0,10,5.0,2,Month-to-month,Mailed check,West,No,Yes
NOISY-00158,44,89.93,4,16,23.0,5,Month-to-month,Credit card,South,Yes,Yes
NOISY-00159,21,122.31,2,0,29.6,3,Two year,Mailed check,South,No,No
NOISY-00160,50,122.85,6,9,38.7,10,Two year,Bank transfer,South,Yes,No
NOISY-00161,65,59.71,0,0,33.9,4,One year,Electronic check,West,Yes,No
NOISY-00162,67,105.97,6,12,47.6,9,Month-to-month,Bank transfer,Midwest,No,No
NOISY-00163,4,94.79,1,0,57.5,2,Month-to-month,Bank transfer,West,Yes,No
NOISY-00164,38,65.29,6,9,36.3,7,One year,Electronic check,Northeast,Yes,No
NOISY-00165,54,106.18,5,9,20.3,10,Two year,Mailed check,Northeast,Yes,No
NOISY-00166,30,56.9,1,1,33.9,2,Two year,Mailed check,Northeast,Yes,No
NOISY-00167,10,41.9,4,4,22.9,10,One year,Bank transfer,Northeast,No,No
NOISY-00168,70,157.92,2,8,23.3,4,Two year,Mailed check,Northeast,Yes,No
NOISY-00169,47,61.3,5,5,10.2,7,Two year,Bank transfer,South,Yes,No
NOISY-00170,33,76.77,1,4,56.2,6,One year,Credit card,Northeast,No,No
NOISY-00171,55,118.82,3,2,3.1,6,Month-to-month,Mailed check,South,Yes,Yes
NOISY-00172,46,40.0,4,1,16.7,7,Month-to-month,Credit card,West,Yes,No
NOISY-00173,39,127.55,2,4,4.9,5,Month-to-month,Credit card,Midwest,Yes,Yes
NOISY-00174,11,132.07,4,0,33.9,10,Month-to-month,Bank transfer,West,No,No
NOISY-00175,3,131.4,6,8,43.3,7,Two year,Mailed check,South,No,Yes
NOISY-00176,13,37.44,6,1,39.4,3,One year,Bank transfer,Northeast,Yes,No
NOISY-00177,20,33.07,2,6,37.1,6,Two year,Mailed check,West,No,No
NOISY-00178,2,95.89,9,0,5.4,5,Month-to-month,Electronic check,Midwest,No,Yes
NOISY-00179,62,127.17,4,11,21.6,9,Two year,Electronic check,South,Yes,No
NOISY-00180,27,136.82,6,0,16.1,4,Month-to-month,Electronic check,West,No,Yes
NOISY-00181,51,122.43,4,7,44.5,4,One year,Electronic check,South,No,Yes
NOISY-00182,56,59.07,0,1,19.8,1,One year,Credit card,West,Yes,No
NOISY-00183,20,74.1,1,14,61.6,10,Month-to-month,Electronic check,Midwest,No,No
NOISY-00184,20,75.97,9,0,37.2,6,Month-to-month,Mailed check,Northeast,Yes,Yes
NOISY-00185,45,50.76,0,5,22.3,8,Two year,Electronic check,South,Yes,No
NOISY-00186,11,47.1,2,6,15.3,2,Two year,Mailed check,Northeast,Yes,No
NOISY-00187,27,127.89,5,7,53.3,7,Two year,Credit card,Midwest,No,Yes
NOISY-00188,58,119.54,7,5,1,7,Month-to-month,Mailed check,South,Yes,No
NOISY-00189,67,47.3,2,4,2.9,1,One year,Mailed check,West,No,No
NOISY-00190,7,153.22,0,0,25.0,8,Month-to-month,Bank transfer,Northeast,No,Yes
NOISY-00191,19,136.2,0,2,46.8,10,One year,Bank transfer,Midwest,Yes,No
NOISY-00192,26,151.23,3,5,21.0,6,Two year,Credit card,Midwest,No,No
NOISY-00193,9,49.46,1,0,6.0,3,One year,Credit card,Northeast,Yes,Yes
NOISY-00194,8,151.82,0,0,1,2,One year,Bank transfer,South,Yes,No
NOISY-00195,49,145.05,0,3,16.0,4,Month-to-month,Credit card,Midwest,Yes,Yes
NOISY-00196,72,121.69,3,9,39.0,8,One year,Credit card,South,No,No
NOISY-00197,50,126.67,5,4,76.6,5,Month-to-month,Electronic check,Midwest,Yes,No
NOISY-00198,28,35.48,1,0,44.2,8,Month-to-month,Electronic check,Midwest,Yes,No
NOISY-00199,20,125.2,5,10,12.9,7,Two year,Credit card,South,Yes,No
NOISY-00200,45,26.93,0,8,6.5,3,Month-to-month,Mailed check,Midwest,Yes,Yes
NOISY-00201,4,74.69,0,5,1,3,Two year,Bank transfer,South,Yes,No
NOISY-00202,9,30.2,3,0,19.0,6,Two year,Credit card,South,Yes,No
NOISY-00203,60,57.13,3,0,38.9,4,Two year,Electronic check,Northeast,Yes,No
NOISY-00204,38,59.42,5,3,98.2,4,One year,Mailed check,West,No,No
NOISY-00205,65,148.86,0,4,63.7,4,Month-to-month,Bank transfer,South,No,No
NOISY-00206,62,27.99,0,2,6.0,2,Month-to-month,Credit card,West,Yes,No
NOISY-00207,35,131.15,6,0,23.4,5,One year,Electronic check,Northeast,No,No
NOISY-00208,26,61.79,2,2,5.0,1,One year,Credit card,West,Yes,No
NOISY-00209,4,41.08,0,4,23.0,6,Month-to-month,Credit card,West,Yes,No
NOISY-00210,33,137.08,0,7,19.3,9,Month-to-month,Credit card,South,No,No
NOISY-00211,67,72.58,0,6,34.9,9,One year,Credit card,West,No,No
NOISY-00212,21,43.18,5,0,25.8,6,Month-to-month,Electronic check,West,Yes,Yes
NOISY-00213,36,140.05,3,2,21.0,8,One year,Bank transfer,Midwest,No,No
NOISY-00214,67,37.05,0,5,17.8,3,Two year,Electronic check,Northeast,Yes,No
NOISY-00215,31,157.81,7,10,53.4,7,Month-to-month,Mailed check,Northeast,Yes,Yes
NOISY-00216,18,121.38,3,5,33.7,6,One year,Electronic check,West,Yes,No
NOISY-00217,46,66.14,5,10,47.4,8,Two year,Mailed check,West,No,No
NOISY-00218,41,51.9,1,7,26.5,2,One year,Mailed check,South,Yes,No
NOISY-00219,42,101.49,0,4,19.7,9,One year,Bank transfer,West,Yes,No
NOISY-00220,33,77.0,2,11,45.0,2,Two year,Credit card,South,Yes,No
NOISY-00221,66,117.44,1,4,24.3,7,One year,Electronic check,South,No,No
NOISY-00222,45,130.88,2,5,17.5,2,Two year,Credit card,Midwest,No,No
NOISY-00223,61,105.16,0,0,43.3,4,One year,Credit card,Northeast,Yes,No
NOISY-00224,64,77.66,6,6,64.5,7,Month-to-month,Electronic check,Northeast,No,No
NOISY-00225,21,40.65,3,0,8.5,1,Two year,Bank transfer,Northeast,No,No
NOISY-00226,43,103.77,1,5,21.5,2,Month-to-month,Mailed check,Northeast,No,Yes
NOISY-00227,3,101.77,6,0,53.2,10,One year,Mailed check,Northeast,Yes,No
NOISY-00228,20,41.51,2,1,38.0,8,One year,Electronic check,West,Yes,No
NOISY-00229,1,125.24,3,3,58.3,10,Two year,Bank transfer,Northeast,No,No
NOISY-00230,62,134.58,1,0,2.6,1,One year,Electronic check,South,No,Yes
NOISY-00231,29,116.49,12,0,51.0,6,Two year,Bank transfer,Midwest,No,Yes
NOISY-00232,55,48.77,5,5,53.3,4,Month-to-month,Credit card,Midwest,No,Yes
NOISY-00233,46,92.11,5,1,54.1,4,Two year,Credit card,South,No,No
NOISY-00234,65,153.9,0,0,51.9,6,One year,Bank transfer,Northeast,No,No
NOISY-00235,59,141.46,2,0,55.4,9,Two year,Mailed check,Northeast,No,No
NOISY-00236,47,123.86,3,0,37.7,4,Two year,Credit card,Midwest,No,No
NOISY-00237,34,137.87,3,5,19.3,4,Month-to-month,Bank transfer,Midwest,Yes,No
NOISY-00238,14,86.91,2,0,17.3,7,Month-to-month,Mailed check,Northeast,No,No
NOISY-00239,57,152.37,4,4,46.0,5,Two year,Credit card,West,No,Yes
NOISY-00240,9,55.43,4,4,26.7,10,Two year,Electronic check,Midwest,No,No
NOISY-00241,34,149.22,1,2,15.3,7,Two year,Electronic check,South,Yes,No
NOISY-00242,13,42.4,8,6,42.0,3,Month-to-month,Electronic check,Midwest,Yes,Yes
NOISY-00243,5,76.2,2,0,49.9,8,Month-to-month,Bank transfer,South,No,No
NOISY-00244,2,82.89,7,0,18.3,7,Two year,Credit card,Midwest,No,No
NOISY-00245,71,43.65,3,1,1,9,Month-to-month,Credit card,South,No,No
NOISY-00246,10,133.45,2,10,1,2,Two year,Mailed check,West,No,Yes
NOISY-00247,11,65.28,7,0,16.6,2,Month-to-month,Electronic check,South,No,Yes
NOISY-00248,22,124.02,0,3,35.8,4,One year,Electronic check,Northeast,Yes,No
NOISY-00249,28,44.62,3,0,24.8,8,Two year,Credit card,South,No,No
NOISY-00250,60,115.09,1,9,2.9,4,Two year,Credit card,Northeast,Yes,No
NOISY-00251,71,131.73,0,10,39.8,7,Month-to-month,Electronic check,West,No,No
NOISY-00252,34,80.36,3,2,35.9,8,Month-to-month,Bank transfer,Northeast,No,No
NOISY-00253,1,98.56,0,7,36.3,1,Two year,Bank transfer,Midwest,No,No
NOISY-00254,47,159.78,10,5,25.8,2,Month-to-month,Credit card,South,Yes,Yes
NOISY-00255,18,72.26,9,0,13.3,5,Two year,Credit card,West,Yes,No
NOISY-00256,50,38.13,4,7,12.4,5,Month-to-month,Credit card,West,No,No
NOISY-00257,53,25.86,3,4,16.8,2,One year,Mailed check,Midwest,Yes,No
NOISY-00258,69,26.94,5,4,4.8,7,One year,Mailed check,Northeast,No,No
NOISY-00259,6,38.83,11,0,12.9,4,Two year,Bank transfer,South,Yes,No
NOISY-00260,70,114.42,4,0,39.9,2,Month-to-month,Electronic check,Midwest,Yes,No
NOISY-00261,41,93.59,4,7,15.5,5,One year,Mailed check,Midwest,No,Yes
NOISY-00262,43,67.55,5,7,1,5,Month-to-month,Mailed check,Midwest,Yes,No
NOISY-00263,52,126.91,0,7,38.2,1,Two year,Electronic check,Midwest,Yes,No
NOISY-00264,62,28.28,2,4,40.6,5,Month-to-month,Electronic check,Midwest,No,No
NOISY-00265,10,108.52,1,6,1,6,One year,Electronic check,South,No,No
NOISY-00266,39,63.93,1,6,62.4,4,Two year,Credit card,Northeast,Yes,No
NOISY-00267,4,41.94,4,8,1,2,One year,Credit card,Northeast,No,No
NOISY-00268,46,54.08,3,7,12.1,8,Month-to-month,Bank transfer,Northeast,No,Yes
NOISY-00269,39,102.8,3,4,47.3,9,One year,Bank transfer,Northeast,No,No
NOISY-00270,59,69.06,6,0,38.4,3,Two year,Mailed check,Northeast,No,No
NOISY-00271,39,95.62,0,15,1,8,Month-to-month,Mailed check,South,Yes,Yes
NOISY-00272,70,57.55,7,5,51.1,6,Two year,Bank transfer,Northeast,No,No
NOISY-00273,20,71.89,0,9,67.9,9,One year,Credit card,Midwest,No,Yes
NOISY-00274,66,64.53,2,3,4.5,3,Two year,Credit card,West,Yes,No
NOISY-00275,9,30.77,7,10,61.7,9,Two year,Credit card,Midwest,Yes,No
NOISY-00276,44,99.09,0,0,26.4,2,Month-to-month,Credit card,Northeast,No,No
NOISY-00277,63,125.27,3,0,29.7,10,One year,Credit card,South,Yes,No
NOISY-00278,65,38.85,2,6,47.0,3,One year,Bank transfer,West,Yes,No
NOISY-00279,57,95.81,2,5,29.4,1,One year,Credit card,South,No,No
NOISY-00280,60,107.46,0,8,15.2,2,Two year,Mailed check,West,No,No
NOISY-00281,13,55.01,0,0,41.0,5,One year,Electronic check,Northeast,No,No
NOISY-00282,18,34.0,7,6,23.2,3,Two year,Mailed check,West,Yes,Yes
NOISY-00283,42,133.99,5,0,29.3,1,Month-to-month,Credit card,Northeast,Yes,Yes
NOISY-00284,29,79.34,3,5,46.2,5,One year,Electronic check,West,Yes,No
NOISY-00285,2,61.06,0,3,19.1,5,Month-to-month,Credit card,Northeast,No,No
NOISY-00286,41,79.53,1,1,47.1,3,Two year,Credit card,South,No,No
NOISY-00287,18,40.01,2,6,33.9,8,Month-to-month,Mailed check,South,Yes,No
NOISY-00288,65,150.55,4,3,9.3,8,Month-to-month,Mailed check,Northeast,Yes,No
NOISY-00289,17,51.64,0,5,27.1,5,Month-to-month,Bank transfer,South,No,No
NOISY-00290,39,40.05,6,0,12.8,8,Two year,Mailed check,Northeast,No,No
NOISY-00291,54,140.69,0,3,37.5,9,Month-to-month,Bank transfer,West,No,No
NOISY-00292,15,51.82,3,3,17.1,1,Month-to-month,Electronic check,South,Yes,No
NOISY-00293,59,158.05,3,14,19.6,2,One year,Credit card,Northeast,Yes,No
NOISY-00294,9,107.48,1,14,38.0,3,Two year,Mailed check,Midwest,Yes,No
NOISY-00295,1,90.38,0,10,1,3,Month-to-month,Electronic check,Northeast,Yes,Yes
NOISY-00296,12,31.99,7,3,25.7,1,One year,Bank transfer,West,Yes,Yes
NOISY-00297,51,77.92,6,9,17.7,10,One year,Electronic check,West,No,No
NOISY-00298,64,142.67,7,4,31.4,7,Month-to-month,Mailed check,Northeast,Yes,Yes
NOISY-00299,71,152.1,7,6,19.8,9,Month-to-month,Mailed check,Midwest,No,No
NOISY-00300,4,98.63,7,8,1,9,Two year,Credit card,Northeast,Yes,No
NOISY-00301,25,120.42,6,7,49.5,2,One year,Credit card,South,Yes,No
NOISY-00302,29,111.06,3,6,11.1,2,Two year,Bank transfer,Midwest,Yes,No
NOISY-00303,50,27.84,3,0,40.1,4,Two year,Mailed check,West,No,No
NOISY-00304,27,84.05,2,0,46.7,4,Two year,Credit card,Midwest,No,No
NOISY-00305,51,127.06,2,8,36.4,6,One year,Credit card,West,No,No
NOISY-00306,3,36.56,0,2,17.1,1,Month-to-month,Bank transfer,South,Yes,Yes
NOISY-00307,63,99.47,1,2,28.5,10,Two year,Credit card,Northeast,Yes,No
NOISY-00308,16,59.21,0,3,27.3,6,One year,Electronic check,Northeast,No,No
NOISY-00309,54,111.85,0,0,4.6,2,One year,Electronic check,Northeast,Yes,No
NOISY-00310,21,84.23,1,0,47.7,6,One year,Credit card,Northeast,Yes,No
NOISY-00311,8,109.07,6,1,19.3,9,Month-to-month,Electronic check,Northeast,No,Yes
NOISY-00312,68,61.88,0,2,18.1,1,Month-to-month,Credit card,South,Yes,No
NOISY-00313,16,67.88,6,3,46.3,8,Month-to-month,Electronic check,Midwest,Yes,No
NOISY-00314,29,126.29,1,0,41.0,6,Two year,Electronic check,South,Yes,No
NOISY-00315,24,150.57,2,10,55.8,8,Two year,Electronic check,Northeast,No,No
NOISY-00316,20,103.57,7,8,11.7,10,Month-to-month,Mailed check,Midwest,Yes,Yes
NOISY-00317,11,131.18,2,4,19.9,3,Month-to-month,Mailed check,West,Yes,Yes
NOISY-00318,68,87.98,2,1,32.1,3,One year,Bank transfer,South,No,No
NOISY-00319,58,40.86,0,14,56.7,4,Month-to-month,Mailed check,West,No,No
NOISY-00320,9,115.93,0,9,72.9,3,One year,Electronic check,South,No,No
NOISY-00321,14,54.13,5,7,1.7,4,Two year,Electronic check,South,Yes,No
NOISY-00322,6,89.55,2,0,40.9,7,Month-to-month,Electronic check,West,No,No
NOISY-00323,20,124.35,1,6,1,1,Two year,Credit card,Midwest,No,Yes
NOISY-00324,22,105.37,0,1,19.1,10,Month-to-month,Credit card,Northeast,No,No
NOISY-00325,42,107.92,0,6,38.3,10,One year,Electronic check,South,Yes,No
NOISY-00326,32,146.25,2,2,15.0,5,Month-to-month,Mailed check,West,Yes,Yes
NOISY-00327,71,55.5,2,3,35.6,6,One year,Bank transfer,West,No,No
NOISY-00328,9,49.84,5,8,20.0,1,Month-to-month,Credit card,Midwest,No,Yes
NOISY-00329,46,85.25,4,10,12.3,4,Two year,Electronic check,West,Yes,No
NOISY-00330,46,62.26,2,4,29.5,9,One year,Electronic check,South,No,No
NOISY-00331,68,129.6,3,6,60.2,3,One year,Credit card,Midwest,Yes,Yes
NOISY-00332,22,73.48,5,7,14.5,5,Two year,Mailed check,Midwest,Yes,Yes
NOISY-00333,5,136.32,4,4,62.8,6,Two year,Electronic check,South,Yes,No
NOISY-00334,62,62.7,0,6,50.0,9,Two year,Mailed check,West,Yes,No
NOISY-00335,9,64.76,8,2,15.5,2,One year,Bank transfer,Northeast,No,No
NOISY-00336,16,102.17,9,1,51.0,7,Two year,Bank transfer,South,No,No
NOISY-00337,61,122.23,2,4,53.2,8,Two year,Credit card,Northeast,No,No
NOISY-00338,40,111.29,0,0,7.7,3,One year,Electronic check,Northeast,Yes,No
NOISY-00339,52,69.32,5,1,37.1,10,Two year,Electronic check,Northeast,Yes,No
NOISY-00340,27,38.07,4,12,8.5,1,One year,Mailed check,Midwest,Yes,No
NOISY-00341,16,63.54,2,3,37.6,3,Month-to-month,Credit card,South,Yes,No
NOISY-00342,45,145.21,4,0,4.8,8,Month-to-month,Credit card,Northeast,Yes,No
NOISY-00343,49,133.73,0,6,1,7,Two year,Mailed check,Midwest,No,No
NOISY-00344,68,56.3,0,0,24.0,3,Two year,Electronic check,South,No,No
NOISY-00345,8,58.26,3,0,41.8,7,One year,Credit card,Northeast,Yes,No
NOISY-00346,27,37.81,5,11,11.2,8,Month-to-month,Electronic check,Midwest,No,No
NOISY-00347,58,35.91,0,0,20.5,1,Two year,Mailed check,South,No,No
NOISY-00348,28,48.46,0,0,14.3,5,One year,Bank transfer,South,No,No
NOISY-00349,22,104.92,4,2,25.6,5,Month-to-month,Mailed check,West,Yes,No
NOISY-00350,24,86.02,0,0,51.1,7,Two year,Mailed check,South,No,No
NOISY-00351,46,28.35,6,7,43.2,5,Month-to-month,Credit card,Northeast,Yes,No
NOISY-00352,7,80.32,2,4,36.0,10,One year,Mailed check,Midwest,No,No
NOISY-00353,23,81.02,7,5,34.0,2,One year,Mailed check,West,Yes,No
NOISY-00354,49,30.41,5,1,44.7,9,Two year,Mailed check,Northeast,No,No
NOISY-00355,7,33.79,3,1,47.2,3,Two year,Credit card,Northeast,Yes,No
NOISY-00356,57,58.92,7,0,22.4,2,One year,Bank transfer,South,Yes,No
NOISY-00357,69,98.14,3,4,72.9,1,One year,Electronic check,Midwest,No,Yes
NOISY-00358,30,49.19,4,6,56.1,4,Two year,Electronic check,West,Yes,No
NOISY-00359,5,107.24,0,0,74.3,8,Two year,Mailed check,Northeast,No,No
NOISY-00360,69,119.92,0,12,15.8,7,One year,Mailed check,Midwest,Yes,No
NOISY-00361,43,29.92,0,3,62.5,9,One year,Electronic check,Midwest,Yes,No
NOISY-00362,31,72.42,1,0,15.0,10,Month-to-month,Electronic check,Northeast,Yes,No
NOISY-00363,1,27.34,3,2,9.5,3,One year,Bank transfer,South,No,No
NOISY-00364,27,42.16,0,0,32.2,5,Two year,Electronic check,Midwest,No,No
NOISY-00365,17,60.97,2,5,15.5,3,Two year,Mailed check,Midwest,No,No
NOISY-00366,41,33.56,4,10,58.2,9,Two year,Bank transfer,Midwest,Yes,No
NOISY-00367,22,54.99,2,0,52.8,9,One year,Electronic check,Midwest,No,No
NOISY-00368,47,44.76,2,0,9.5,10,Month-to-month,Bank transfer,West,Yes,No
NOISY-00369,28,136.23,6,0,23.8,4,Month-to-month,Mailed check,Midwest,Yes,No
NOISY-00370,66,148.3,0,8,15.7,3,Month-to-month,Bank transfer,Midwest,Yes,Yes
NOISY-00371,57,50.53,0,1,44.9,9,One year,Credit card,South,Yes,No
NOISY-00372,41,111.25,0,5,41.6,5,One year,Mailed check,South,No,No
NOISY-00373,67,36.07,5,0,37.7,2,Month-to-month,Mailed check,Midwest,Yes,No
NOISY-00374,12,153.2,1,0,29.6,10,One year,Bank transfer,South,Yes,No
NOISY-00375,38,28.02,2,0,53.9,8,Month-to-month,Credit card,South,Yes,No
NOISY-00376,52,116.56,0,0,43.7,3,One year,Credit card,West,Yes,No
NOISY-00377,43,63.55,3,6,21.5,4,One year,Credit card,Midwest,Yes,No
NOISY-00378,53,98.95,2,8,20.0,5,Month-to-month,Electronic check,West,No,Yes
NOISY-00379,6,118.6,6,0,12.7,10,Two year,Credit card,Midwest,Yes,Yes
NOISY-00380,69,155.98,2,10,54.7,6,Month-to-month,Mailed check,South,Yes,No
NOISY-00381,62,117.29,1,10,47.2,9,One year,Bank transfer,West,Yes,No
NOISY-00382,51,60.99,5,3,18.9,9,Month-to-month,Electronic check,South,Yes,Yes
NOISY-00383,5,157.46,9,0,36.8,9,Month-to-month,Credit card,South,Yes,No
NOISY-00384,26,88.35,0,10,45.9,5,Month-to-month,Credit card,South,No,Yes
NOISY-00385,46,30.24,2,7,37.4,3,Two year,Mailed check,Northeast,Yes,No
NOISY-00386,4,155.41,5,3,67.6,6,One year,Electronic check,South,No,Yes
NOISY-00387,5,58.98,1,1,41.0,1,One year,Credit card,South,No,No
NOISY-00388,39,138.07,6,15,37.7,7,Month-to-month,Mailed check,Northeast,No,Yes
NOISY-00389,67,70.44,2,6,1,7,Month-to-month,Bank transfer,Northeast,Yes,Yes
NOISY-00390,69,79.67,2,0,38.8,9,One year,Electronic check,West,Yes,No
NOISY-00391,4,85.37,5,6,23.1,3,Two year,Mailed check,Midwest,Yes,No
NOISY-00392,12,127.71,5,5,1,2,One year,Bank transfer,West,No,Yes
NOISY-00393,19,144.0,5,7,35.4,3,Month-to-month,Bank transfer,Northeast,Yes,No
NOISY-00394,13,32.39,5,5,38.4,5,One year,Mailed check,Midwest,Yes,No
NOISY-00395,11,49.62,4,6,37.4,7,Month-to-month,Credit card,Northeast,No,Yes
NOISY-00396,63,67.61,5,0,24.4,9,Month-to-month,Mailed check,South,No,No
NOISY-00397,46,71.6,5,3,27.5,4,Two year,Bank transfer,South,Yes,No
NOISY-00398,64,121.98,0,7,47.0,5,Month-to-month,Electronic check,Midwest,Yes,Yes
NOISY-00399,65,27.87,0,7,38.0,5,One year,Electronic check,West,Yes,No
NOISY-00400,72,34.62,3,0,2.7,6,Two year,Mailed check,South,No,No
NOISY-00401,58,71.73,0,0,23.8,10,Two year,Credit card,West,Yes,No
NOISY-00402,52,50.17,4,6,21.4,3,One year,Credit card,Midwest,No,Yes
NOISY-00403,56,117.08,3,6,1,2,One year,Bank transfer,West,Yes,No
NOISY-00404,5,61.1,3,3,49.1,7,Month-to-month,Electronic check,South,Yes,No
NOISY-00405,29,33.53,0,4,54.2,9,One year,Electronic check,West,Yes,No
NOISY-00406,33,154.14,0,0,17.4,1,Two year,Electronic check,Northeast,Yes,No
NOISY-00407,31,139.72,6,1,38.0,8,Two year,Mailed check,Midwest,Yes,No
NOISY-00408,70,139.68,1,0,22.9,2,Month-to-month,Credit card,South,No,No
NOISY-00409,44,57.4,5,0,1,5,One year,Bank transfer,Northeast,Yes,No
NOISY-00410,8,154.5,3,8,10.0,4,Two year,Bank transfer,Midwest,Yes,No
NOISY-00411,66,89.28,0,9,53.5,4,Month-to-month,Bank transfer,Northeast,Yes,No
NOISY-00412,64,55.99,0,8,40.1,3,Month-to-month,Bank transfer,Midwest,Yes,No
NOISY-00413,31,102.88,1,7,1,5,One year,Mailed check,Northeast,No,No
NOISY-00414,38,82.72,0,4,27.0,6,One year,Credit card,Midwest,No,No
NOISY-00415,3,28.21,7,7,10.9,2,Two year,Mailed check,West,No,Yes
NOISY-00416,62,78.07,1,11,40.0,1,Month-to-month,Credit card,Midwest,No,Yes
NOISY-00417,5,135.51,6,8,37.3,9,Month-to-month,Credit card,Northeast,No,Yes
NOISY-00418,55,31.57,2,6,37.5,6,Two year,Bank transfer,South,Yes,Yes
NOISY-00419,54,110.62,5,3,3.3,6,Month-to-month,Credit card,West,Yes,No
NOISY-00420,56,55.66,0,5,12.8,6,One year,Mailed check,South,No,No
NOISY-00421,5,107.62,3,3,14.7,9,Two year,Mailed check,Northeast,No,No
NOISY-00422,1,152.97,0,7,53.9,10,One year,Electronic check,West,Yes,No
NOISY-00423,11,41.04,2,0,8.1,5,Two year,Mailed check,South,Yes,No
NOISY-00424,29,73.81,6,6,27.2,1,One year,Credit card,West,No,Yes
NOISY-00425,29,80.68,2,1,49.3,5,One year,Electronic check,West,No,No
NOISY-00426,63,39.86,0,1,13.3,4,One year,Mailed check,Northeast,No,No
NOISY-00427,40,93.78,2,0,3.1,7,Two year,Electronic check,West,No,No
NOISY-00428,66,105.24,9,9,36.8,2,Two year,Bank transfer,West,Yes,No
NOISY-00429,46,49.63,1,5,42.3,9,Two year,Credit card,Northeast,Yes,No
NOISY-00430,32,29.39,2,10,42.1,8,Month-to-month,Bank transfer,Northeast,Yes,Yes
NOISY-00431,5,157.6,4,6,8.2,10,Month-to-month,Electronic check,South,Yes,No
NOISY-00432,60,46.67,5,8,24.8,5,Two year,Electronic check,Midwest,Yes,No
NOISY-00433,30,105.38,5,8,15.2,6,Month-to-month,Credit card,South,No,Yes
NOISY-00434,30,60.05,7,4,35.5,6,Two year,Credit card,Northeast,Yes,No
NOISY-00435,20,55.0,1,0,21.1,10,One year,Bank transfer,West,No,No
NOISY-00436,65,73.35,0,3,20.0,8,One year,Electronic check,Northeast,No,No
NOISY-00437,63,150.28,0,3,15.0,9,Month-to-month,Electronic check,Northeast,No,No
NOISY-00438,34,149.2,0,0,24.3,4,One year,Mailed check,South,Yes,No
NOISY-00439,34,91.37,4,5,40.2,6,One year,Electronic check,South,No,Yes
NOISY-00440,41,138.06,0,0,38.8,5,Two year,Electronic check,Northeast,Yes,No
NOISY-00441,63,134.9,0,0,1,2,Two year,Mailed check,Northeast,No,No
NOISY-00442,27,77.76,1,0,32.0,10,Two year,Bank transfer,West,Yes,No
NOISY-00443,49,82.59,0,1,56.5,4,Two year,Credit card,South,Yes,No
NOISY-00444,32,129.09,2,8,53.3,10,One year,Bank transfer,Northeast,Yes,No
NOISY-00445,48,130.5,2,0,6.7,10,One year,Electronic check,Northeast,Yes,No
NOISY-00446,66,85.47,5,0,24.0,3,Month-to-month,Bank transfer,West,No,No
NOISY-00447,25,83.6,3,4,18.6,8,Two year,Credit card,Midwest,No,No
NOISY-00448,42,85.88,6,15,21.5,9,Month-to-month,Mailed check,West,No,No
NOISY-00449,68,98.19,8,10,1,1,Month-to-month,Credit card,Midwest,Yes,Yes
NOISY-00450,42,56.17,0,0,41.3,2,Two year,Mailed check,Midwest,Yes,No
NOISY-00451,18,58.78,0,0,52.7,3,Month-to-month,Credit card,Midwest,No,No
NOISY-00452,72,52.91,3,0,42.5,3,Two year,Credit card,Northeast,No,No
NOISY-00453,41,126.58,5,2,19.1,1,One year,Credit card,West,No,No
NOISY-00454,61,116.09,4,7,1,5,Two year,Bank transfer,Northeast,No,No
NOISY-00455,36,158.38,0,8,10.3,6,Two year,Credit card,South,No,No
NOISY-00456,7,42.04,4,9,42.9,1,One year,Bank transfer,West,No,Yes
NOISY-00457,8,148.26,2,0,1,7,One year,Credit card,Northeast,No,No
NOISY-00458,68,57.75,0,11,24.8,10,One year,Bank transfer,West,Yes,No
NOISY-00459,21,42.73,1,2,1,7,One year,Mailed check,West,No,No
NOISY-00460,26,97.48,0,6,36.8,5,Month-to-month,Bank transfer,South,Yes,No
NOISY-00461,27,108.99,2,7,54.1,7,Two year,Electronic check,Northeast,Yes,No
NOISY-00462,64,31.98,0,6,47.2,6,One year,Electronic check,South,No,No
NOISY-00463,58,158.04,0,0,17.3,1,One year,Bank transfer,South,Yes,No
NOISY-00464,44,75.25,4,14,59.1,7,Month-to-month,Mailed check,Midwest,Yes,Yes
NOISY-00465,46,69.56,9,14,53.4,2,One year,Mailed check,Midwest,Yes,Yes
NOISY-00466,34,114.08,6,12,55.1,1,Two year,Mailed check,South,Yes,Yes
NOISY-00467,61,42.52,0,0,47.6,8,Two year,Bank transfer,South,Yes,No
NOISY-00468,10,36.14,6,2,33.1,6,One year,Bank transfer,West,Yes,No
NOISY-00469,7,48.77,4,0,28.8,8,Two year,Credit card,Midwest,No,No
NOISY-00470,23,147.98,3,6,4.7,10,Month-to-month,Credit card,South,Yes,Yes
NOISY-00471,15,109.61,0,6,27.5,10,One year,Mailed check,Midwest,Yes,No
NOISY-00472,23,55.74,1,2,14.2,8,Two year,Mailed check,West,No,No
NOISY-00473,65,50.59,0,1,9.9,6,Month-to-month,Mailed check,Northeast,No,No
NOISY-00474,5,80.07,5,7,36.7,9,One year,Electronic check,West,Yes,No
NOISY-00475,27,76.43,4,0,32.0,10,One year,Bank transfer,Northeast,Yes,No
NOISY-00476,65,116.13,2,11,38.5,1,One year,Mailed check,South,Yes,No
NOISY-00477,4,52.88,1,6,16.2,6,One year,Bank transfer,West,No,No
NOISY-00478,6,121.3,2,8,13.7,9,Two year,Mailed check,West,Yes,No
NOISY-00479,30,92.31,0,6,20.6,8,One year,Bank transfer,Northeast,No,No
NOISY-00480,59,150.81,2,4,1,7,Two year,Credit card,West,No,No
NOISY-00481,55,80.21,2,1,51.3,7,Two year,Mailed check,South,No,No
NOISY-00482,1,62.94,3,5,40.7,2,Two year,Bank transfer,Midwest,No,Yes
NOISY-00483,19,68.35,8,12,21.6,1,Month-to-month,Electronic check,West,Yes,Yes
NOISY-00484,66,60.29,0,11,58.4,6,One year,Credit card,Midwest,No,No
NOISY-00485,17,145.73,3,0,27.5,7,One year,Credit card,Midwest,Yes,No
NOISY-00486,59,148.09,3,0,16.5,9,One year,Credit card,Midwest,No,No
NOISY-00487,24,79.06,0,7,22.2,10,Two year,Electronic check,Northeast,Yes,No
NOISY-00488,56,68.79,5,3,56.9,5,Two year,Bank transfer,West,Yes,No
NOISY-00489,24,45.12,2,6,14.7,10,Month-to-month,Bank transfer,Midwest,No,No
NOISY-00490,24,91.72,8,2,24.5,9,Month-to-month,Bank transfer,Northeast,No,No
NOISY-00491,49,141.3,2,3,25.4,4,One year,Electronic check,Northeast,Yes,No
NOISY-00492,70,97.35,3,1,23.6,7,One year,Credit card,Midwest,No,No
NOISY-00493,16,122.38,2,6,47.2,10,Two year,Bank transfer,West,No,No
NOISY-00494,23,108.49,2,1,8.1,10,One year,Mailed check,West,Yes,No
NOISY-00495,23,78.88,0,4,18.2,9,One year,Mailed check,Northeast,Yes,No
NOISY-00496,22,80.63,3,2,9.4,2,Month-to-month,Bank transfer,South,No,Yes
NOISY-00497,31,123.56,7,5,29.8,7,One year,Credit card,Midwest,Yes,No
NOISY-00498,42,142.91,0,9,52.3,1,Two year,Bank transfer,Northeast,Yes,No
NOISY-00499,11,123.98,4,1,19.7,3,Two year,Credit card,South,Yes,Yes
NOISY-00500,32,152.58,7,0,23.4,7,Two year,Bank transfer,South,No,No
NOISY-00501,55,141.68,2,5,23.5,7,One year,Credit card,West,Yes,No
NOISY-00502,10,67.5,1,1,1,9,Month-to-month,Bank transfer,Northeast,No,No
NOISY-00503,70,137.45,0,4,21.9,9,One year,Credit card,Midwest,No,No
NOISY-00504,12,96.55,2,2,50.9,9,One year,Electronic check,South,Yes,No
NOISY-00505,14,76.47,0,0,33.9,9,One year,Bank transfer,South,Yes,No
NOISY-00506,45,133.88,3,3,45.1,5,One year,Electronic check,South,No,No
NOISY-00507,58,58.97,6,2,50.2,10,Month-to-month,Credit card,Northeast,No,No
NOISY-00508,48,112.49,0,9,40.7,7,Two year,Electronic check,Northeast,Yes,No
NOISY-00509,41,48.49,0,6,48.1,6,Month-to-month,Bank transfer,West,Yes,No
NOISY-00510,51,119.82,3,2,49.6,6,Month-to-month,Electronic check,Northeast,No,No
NOISY-00511,20,49.9,5,7,35.8,8,Month-to-month,Credit card,Midwest,Yes,No
NOISY-00512,23,144.69,5,6,1,4,One year,Mailed check,West,Yes,Yes
NOISY-00513,54,97.42,6,7,25.3,8,One year,Bank transfer,South,No,No
NOISY-00514,28,111.22,6,13,16.3,9,Month-to-month,Mailed check,West,Yes,Yes
NOISY-00515,42,46.82,5,8,13.4,2,One year,Credit card,Northeast,No,No
NOISY-00516,9,62.2,0,0,24.6,10,Two year,Electronic check,Midwest,No,No
NOISY-00517,9,69.24,4,0,1,3,Two year,Credit card,South,No,No
NOISY-00518,24,70.18,4,8,42.8,6,Month-to-month,Credit card,Midwest,Yes,Yes
NOISY-00519,60,90.42,7,1,37.3,1,Month-to-month,Electronic check,West,No,No
NOISY-00520,9,120.17,7,0,1,10,One year,Electronic check,Midwest,Yes,Yes
NOISY-00521,51,55.18,5,2,54.0,9,Month-to-month,Credit card,Midwest,No,No
NOISY-00522,46,67.28,5,0,1,10,One year,Mailed check,Northeast,Yes,No
NOISY-00523,45,100.82,8,0,30.7,4,Two year,Mailed check,West,No,No
NOISY-00524,37,65.98,4,2,9.4,4,Month-to-month,Credit card,West,No,No
NOISY-00525,30,37.97,5,0,1,9,Two year,Mailed check,West,Yes,No
NOISY-00526,35,44.85,5,1,49.4,10,Two year,Credit card,West,Yes,No
NOISY-00527,64,77.87,0,7,1,5,Two year,Electronic check,West,No,No
NOISY-00528,10,72.21,2,1,1,10,Two year,Mailed check,Midwest,Yes,No
NOISY-00529,34,113.13,4,0,15.2,7,One year,Credit card,West,No,Yes
NOISY-00530,51,106.21,1,2,69.3,5,Two year,Mailed check,Midwest,Yes,No
NOISY-00531,57,39.4,5,0,44.1,7,Month-to-month,Credit card,Northeast,Yes,No
NOISY-00532,61,48.09,6,15,39.0,7,One year,Bank transfer,Midwest,Yes,No
NOISY-00533,40,101.17,4,10,18.2,4,Two year,Mailed check,Midwest,Yes,No
NOISY-00534,29,89.51,1,6,20.5,8,One year,Credit card,Northeast,Yes,No
NOISY-00535,55,63.04,4,0,53.4,6,Two year,Electronic check,West,Yes,No
NOISY-00536,48,99.55,2,11,18.4,10,Two year,Bank transfer,South,No,No
NOISY-00537,35,49.78,7,3,15.1,7,Month-to-month,Mailed check,Midwest,No,No
NOISY-00538,17,87.79,0,0,25.5,10,One year,Mailed check,South,Yes,No
NOISY-00539,54,25.18,2,0,24.5,6,Two year,Electronic check,West,Yes,No
NOISY-00540,65,64.73,3,7,36.6,5,One year,Mailed check,West,Yes,No
NOISY-00541,57,46.94,2,1,16.7,1,Month-to-month,Mailed check,South,Yes,No
NOISY-00542,34,60.93,0,1,14.5,6,Two year,Electronic check,West,Yes,No
NOISY-00543,4,35.84,4,7,18.2,5,Two year,Electronic check,Northeast,Yes,No
NOISY-00544,50,140.72,1,0,2.3,3,Month-to-month,Credit card,Midwest,Yes,Yes
NOISY-00545,19,124.97,0,5,41.8,7,Month-to-month,Credit card,South,Yes,No
NOISY-00546,65,112.37,4,0,29.0,2,Two year,Electronic check,Northeast,Yes,No
NOISY-00547,55,72.82,2,0,9.5,6,Two year,Credit card,Northeast,No,No
NOISY-00548,17,85.34,3,6,41.6,9,Two year,Bank transfer,Northeast,No,No
NOISY-00549,28,94.11,3,0,58.2,8,One year,Electronic check,West,Yes,No
NOISY-00550,70,56.41,1,0,37.8,8,One year,Credit card,West,Yes,No
NOISY-00551,59,70.58,0,6,46.0,1,Month-to-month,Electronic check,South,Yes,No
NOISY-00552,38,53.31,12,7,29.9,4,Two year,Electronic check,West,No,No
NOISY-00553,49,63.16,0,9,27.1,7,Month-to-month,Bank transfer,Midwest,Yes,No
NOISY-00554,46,65.38,3,0,51.3,2,One year,Mailed check,Midwest,No,No
NOISY-00555,49,65.16,7,0,50.0,5,One year,Electronic check,South,No,No
NOISY-00556,26,32.06,1,9,1,10,Month-to-month,Bank transfer,South,Yes,No
NOISY-00557,63,65.06,0,1,54.0,7,Month-to-month,Bank transfer,West,Yes,No
NOISY-00558,43,105.08,2,0,45.7,10,One year,Bank transfer,Northeast,Yes,No
NOISY-00559,35,62.06,2,9,14.8,4,Two year,Electronic check,South,Yes,No
NOISY-00560,47,124.73,1,0,1,5,Month-to-month,Bank transfer,West,No,No
NOISY-00561,56,79.47,0,0,63.2,5,Month-to-month,Electronic check,Northeast,No,No
NOISY-00562,3,66.14,0,5,31.3,7,One year,Mailed check,Midwest,No,No
NOISY-00563,70,90.95,5,10,16.6,8,Month-to-month,Electronic check,Northeast,No,No
NOISY-00564,14,28.5,5,6,3.4,8,Month-to-month,Credit card,West,No,No
NOISY-00565,45,119.18,2,0,14.5,7,One year,Bank transfer,Northeast,No,No
NOISY-00566,15,65.11,2,0,1,7,Month-to-month,Bank transfer,South,No,No
NOISY-00567,45,33.56,3,0,72.9,7,Two year,Bank transfer,Midwest,No,No
NOISY-00568,71,60.72,2,0,30.6,8,Two year,Bank transfer,Midwest,Yes,No
NOISY-00569,61,59.97,0,16,54.8,8,One year,Mailed check,South,Yes,No
NOISY-00570,34,74.76,0,0,51.9,3,Month-to-month,Bank transfer,Northeast,Yes,Yes
NOISY-00571,24,57.59,4,2,5.9,7,Month-to-month,Bank transfer,Midwest,No,No
NOISY-00572,1,48.35,4,0,16.0,2,Two year,Credit card,South,Yes,No
NOISY-00573,63,134.19,0,2,45.0,9,One year,Electronic check,West,Yes,No
NOISY-00574,39,115.34,2,1,1,4,One year,Mailed check,West,Yes,Yes
NOISY-00575,2,153.73,0,9,28.4,6,One year,Mailed check,Northeast,Yes,No
NOISY-00576,35,75.12,5,12,42.4,6,Month-to-month,Electronic check,Northeast,No,Yes
NOISY-00577,21,49.25,4,8,29.8,7,Month-to-month,Electronic check,South,Yes,No
NOISY-00578,35,149.99,2,1,1,4,Two year,Credit card,Midwest,No,Yes
NOISY-00579,45,107.54,0,1,35.5,5,One year,Electronic check,West,No,No
NOISY-00580,6,140.77,2,4,26.2,1,Month-to-month,Credit card,South,No,Yes
NOISY-00581,46,128.81,0,3,29.4,10,Month-to-month,Bank transfer,Northeast,No,No
NOISY-00582,2,66.75,4,2,69.2,8,Two year,Mailed check,West,Yes,No
NOISY-00583,14,138.81,2,0,19.8,7,Two year,Credit card,South,Yes,No
NOISY-00584,67,70.11,0,0,65.7,10,One year,Bank transfer,West,No,No
NOISY-00585,42,57.19,9,6,51.4,8,Month-to-month,Bank transfer,Midwest,No,No
NOISY-00586,56,99.32,4,0,38.2,7,One year,Mailed check,West,No,No
NOISY-00587,72,72.24,3,1,28.6,2,One year,Mailed check,Midwest,Yes,No
NOISY-00588,72,84.93,1,5,2.0,3,Month-to-month,Electronic check,South,Yes,No
NOISY-00589,10,121.81,5,8,23.9,10,Two year,Bank transfer,Midwest,Yes,No
NOISY-00590,39,143.29,0,10,43.1,4,One year,Bank transfer,South,No,Yes
NOISY-00591,26,37.73,3,12,49.1,8,One year,Bank transfer,Northeast,Yes,No
NOISY-00592,46,83.97,5,0,26.2,1,Two year,Credit card,Midwest,No,No
NOISY-00593,60,62.09,4,8,64.7,5,Two year,Bank transfer,Midwest,No,No
NOISY-00594,60,42.64,0,4,1,3,One year,Credit card,Northeast,No,Yes
NOISY-00595,39,71.28,1,3,20.4,7,Two year,Bank transfer,Midwest,No,Yes
NOISY-00596,8,104.11,2,13,23.2,8,One year,Bank transfer,West,No,Yes
NOISY-00597,50,55.82,6,8,55.0,6,Month-to-month,Mailed check,West,No,Yes
NOISY-00598,33,155.95,0,9,1,7,One year,Electronic check,Northeast,No,No
NOISY-00599,14,155.91,2,4,44.8,6,Two year,Credit card,Midwest,No,No
NOISY-00600,27,150.35,0,11,62.9,8,Month-to-month,Bank transfer,South,Yes,No
NOISY-00601,30,69.87,2,8,1,1,One year,Mailed check,West,No,No
NOISY-00602,44,135.3,5,0,45.1,8,One year,Credit card,Northeast,Yes,No
NOISY-00603,7,92.83,3,3,12.6,5,Month-to-month,Electronic check,Midwest,Yes,Yes
NOISY-00604,65,51.11,0,0,45.8,5,Month-to-month,Credit card,West,Yes,No
NOISY-00605,19,47.06,1,6,12.2,2,Two year,Mailed check,South,No,No
NOISY-00606,5,141.25,4,0,44.9,7,One year,Bank transfer,Midwest,Yes,Yes
NOISY-00607,27,124.58,2,2,35.5,1,Two year,Bank transfer,West,No,Yes
NOISY-00608,40,27.17,0,4,60.7,5,One year,Credit card,West,No,No
NOISY-00609,21,52.13,1,2,54.1,10,One year,Electronic check,Midwest,Yes,No
NOISY-00610,59,27.94,2,0,28.2,8,Two year,Electronic check,Midwest,Yes,No
NOISY-00611,60,148.4,4,5,17.4,7,Two year,Mailed check,Midwest,No,No
NOISY-00612,10,154.6,6,2,14.6,7,Month-to-month,Mailed check,Midwest,Yes,Yes
NOISY-00613,50,40.8,7,0,44.6,1,Month-to-month,Mailed check,West,Yes,No
NOISY-00614,70,27.32,4,1,88.3,9,Two year,Bank transfer,West,No,No
NOISY-00615,32,75.6,2,1,28.4,3,Month-to-month,Bank transfer,Midwest,Yes,No
NOISY-00616,4,142.19,2,0,56.4,8,One year,Electronic check,South,No,No
NOISY-00617,41,91.87,2,4,39.7,6,Month-to-month,Mailed check,Midwest,Yes,Yes
NOISY-00618,18,38.36,7,7,18.7,9,Two year,Credit card,South,Yes,No
NOISY-00619,34,33.26,6,8,7.2,2,One year,Credit card,Northeast,Yes,No
NOISY-00620,47,97.06,4,0,19.9,9,One year,Bank transfer,South,Yes,No
NOISY-00621,14,57.6,2,12,16.6,10,One year,Bank transfer,West,No,Yes
NOISY-00622,58,134.91,7,0,20.6,2,One year,Bank transfer,South,Yes,Yes
NOISY-00623,33,131.37,0,3,1,6,Two year,Bank transfer,South,Yes,No
NOISY-00624,10,111.59,5,11,26.7,2,Two year,Bank transfer,Northeast,Yes,No
NOISY-00625,36,137.11,4,0,58.2,3,One year,Credit card,Midwest,No,Yes
NOISY-00626,31,105.9,3,3,27.1,10,Two year,Mailed check,West,Yes,No
NOISY-00627,55,70.33,4,9,7.2,8,One year,Mailed check,West,Yes,No
NOISY-00628,29,88.12,10,0,24.2,2,Two year,Credit card,South,Yes,No
NOISY-00629,58,143.23,4,5,3.8,1,Two year,Credit card,West,No,Yes
NOISY-00630,71,157.47,0,5,6.7,10,Two year,Credit card,South,No,No
NOISY-00631,38,82.7,0,0,27.4,6,Two year,Bank transfer,Midwest,No,No
NOISY-00632,18,104.75,1,0,42.9,4,Month-to-month,Bank transfer,South,Yes,No
NOISY-00633,66,77.93,7,8,20.0,4,Month-to-month,Electronic check,Northeast,No,No
NOISY-00634,64,144.97,3,3,32.0,8,Two year,Bank transfer,Midwest,Yes,No
NOISY-00635,18,79.1,4,0,56.9,10,Two year,Bank transfer,West,Yes,No
NOISY-00636,44,37.07,3,5,51.2,10,One year,Bank transfer,South,Yes,No
NOISY-00637,70,106.2,0,0,45.3,7,Month-to-month,Bank transfer,Midwest,No,No
NOISY-00638,40,126.19,0,5,34.8,9,Month-to-month,Electronic check,South,No,No
NOISY-00639,21,91.04,6,2,8.2,10,One year,Mailed check,Midwest,Yes,No
NOISY-00640,1,41.74,0,0,26.5,8,Month-to-month,Mailed check,South,No,Yes
NOISY-00641,1,107.16,0,11,55.5,5,Month-to-month,Mailed check,West,Yes,Yes
NOISY-00642,58,83.2,3,0,22.2,4,Month-to-month,Electronic check,Northeast,No,No
NOISY-00643,39,154.34,4,0,52.2,5,Two year,Credit card,West,Yes,No
NOISY-00644,26,159.51,0,2,18.9,10,Two year,Bank transfer,Midwest,Yes,No
NOISY-00645,15,71.28,1,8,20.4,6,One year,Bank transfer,Northeast,No,No
NOISY-00646,38,87.24,0,1,20.2,4,Month-to-month,Bank transfer,West,No,Yes
NOISY-00647,27,113.84,5,4,40.2,8,Two year,Mailed check,Midwest,Yes,No
NOISY-00648,5,54.58,3,0,47.7,4,Month-to-month,Credit card,West,No,Yes
NOISY-00649,3,59.72,3,4,60.1,8,One year,Mailed check,West,No,Yes
NOISY-00650,4,98.15,3,0,42.6,4,Month-to-month,Credit card,South,No,No
NOISY-00651,62,93.05,2,7,55.9,9,One year,Credit card,Midwest,Yes,No
NOISY-00652,41,145.71,5,2,42.3,6,Month-to-month,Credit card,West,Yes,Yes
NOISY-00653,44,42.36,0,0,23.3,6,Two year,Credit card,Northeast,No,No
NOISY-00654,43,36.7,7,4,38.5,6,Month-to-month,Credit card,Midwest,Yes,No
NOISY-00655,72,97.92,0,8,82.2,3,Month-to-month,Electronic check,Midwest,Yes,No
NOISY-00656,45,31.59,5,1,34.2,10,Month-to-month,Credit card,Midwest,No,No
NOISY-00657,63,113.83,0,0,43.7,8,One year,Bank transfer,West,Yes,No
NOISY-00658,14,40.61,1,8,4.2,3,Month-to-month,Bank transfer,Midwest,No,No
NOISY-00659,28,108.1,2,0,22.5,7,One year,Electronic check,Northeast,Yes,No
NOISY-00660,58,101.57,2,5,14.2,1,Two year,Electronic check,Midwest,Yes,No
NOISY-00661,49,120.0,2,8,36.9,6,One year,Credit card,South,Yes,No
NOISY-00662,29,121.51,0,14,31.0,8,One year,Credit card,Midwest,No,No
NOISY-00663,10,143.67,3,9,28.2,8,Two year,Electronic check,South,Yes,No
NOISY-00664,66,156.37,3,7,24.1,4,One year,Credit card,Northeast,Yes,No
NOISY-00665,31,50.77,2,8,37.6,6,Month-to-month,Mailed check,Midwest,No,Yes
NOISY-00666,65,117.29,1,5,37.0,10,Month-to-month,Credit card,West,Yes,No
NOISY-00667,2,76.75,0,4,34.5,6,Two year,Bank transfer,Northeast,Yes,No
NOISY-00668,22,128.75,6,1,34.6,4,Two year,Electronic check,South,No,Yes
NOISY-00669,28,55.0,4,6,13.0,9,Month-to-month,Bank transfer,South,Yes,Yes
NOISY-00670,34,47.94,4,4,38.7,9,One year,Mailed check,Northeast,No,No
NOISY-00671,28,53.79,5,11,13.4,7,Two year,Bank transfer,South,Yes,Yes
NOISY-00672,18,26.52,0,0,7.2,4,One year,Credit card,Northeast,Yes,No
NOISY-00673,38,79.02,2,6,15.2,2,One year,Electronic check,Northeast,Yes,Yes
NOISY-00674,53,90.91,0,0,47.5,6,Two year,Credit card,Northeast,No,No
NOISY-00675,40,118.37,6,1,13.0,1,One year,Bank transfer,Midwest,No,Yes
NOISY-00676,20,125.63,1,8,17.8,8,One year,Mailed check,Midwest,No,No
NOISY-00677,61,129.93,5,2,57.2,10,Month-to-month,Mailed check,Northeast,No,No
NOISY-00678,50,118.5,7,5,47.1,7,One year,Credit card,Midwest,No,Yes
NOISY-00679,14,117.86,1,2,24.6,5,Two year,Electronic check,Northeast,No,No
NOISY-00680,69,81.87,6,0,31.7,2,One year,Mailed check,Northeast,No,No
NOISY-00681,58,121.51,7,0,39.1,2,One year,Electronic check,West,Yes,No
NOISY-00682,45,30.35,6,15,20.9,9,One year,Mailed check,West,No,No
NOISY-00683,47,153.76,5,0,26.3,8,One year,Bank transfer,Northeast,No,No
NOISY-00684,2,73.75,3,2,13.4,1,One year,Credit card,Northeast,No,No
NOISY-00685,50,100.64,2,2,63.5,3,One year,Credit card,South,Yes,No
NOISY-00686,71,68.47,0,2,39.9,10,Two year,Credit card,Northeast,Yes,No
NOISY-00687,53,85.54,4,8,18.0,3,One year,Electronic check,Northeast,Yes,Yes
NOISY-00688,68,42.1,0,1,64.4,1,Month-to-month,Bank transfer,Midwest,No,No
NOISY-00689,17,92.97,2,1,48.1,4,One year,Credit card,Midwest,No,No
NOISY-00690,59,96.85,1,4,1,8,Two year,Credit card,Midwest,No,No
NOISY-00691,50,38.91,3,2,9.0,4,Month-to-month,Credit card,South,Yes,No
NOISY-00692,4,41.36,0,3,50.4,4,One year,Credit card,Midwest,No,Yes
NOISY-00693,37,82.93,4,2,26.4,10,Two year,Credit card,Northeast,Yes,No
NOISY-00694,59,145.03,2,5,42.6,7,Month-to-month,Mailed check,South,Yes,No
NOISY-00695,3,156.07,2,0,27.5,5,Month-to-month,Bank transfer,South,Yes,Yes
NOISY-00696,37,83.57,3,1,71.4,10,Month-to-month,Electronic check,South,No,No
NOISY-00697,63,86.98,6,4,33.7,6,One year,Electronic check,Northeast,Yes,No
NOISY-00698,20,56.03,6,2,31.2,3,Month-to-month,Mailed check,Northeast,Yes,No
NOISY-00699,15,47.64,4,0,25.1,6,Month-to-month,Credit card,South,No,No
NOISY-00700,72,81.54,3,5,74.3,8,One year,Bank transfer,Midwest,No,No
NOISY-00701,57,87.98,0,5,22.5,1,Two year,Mailed check,Northeast,No,No
NOISY-00702,19,125.3,4,5,42.6,7,One year,Electronic check,Northeast,No,Yes
NOISY-00703,16,155.32,0,8,55.7,1,One year,Bank transfer,West,No,Yes
NOISY-00704,55,88.6,0,0,42.0,7,Two year,Mailed check,Midwest,Yes,No
NOISY-00705,30,98.55,5,0,25.4,10,One year,Mailed check,West,No,No
NOISY-00706,64,129.93,0,8,29.6,2,One year,Bank transfer,West,No,No
NOISY-00707,9,61.03,2,8,27.6,9,Two year,Bank transfer,South,Yes,No
NOISY-00708,1,98.47,5,2,32.9,2,Month-to-month,Mailed check,Northeast,Yes,Yes
NOISY-00709,18,58.49,6,2,36.0,1,One year,Mailed check,Midwest,Yes,Yes
NOISY-00710,34,142.96,7,8,47.1,2,One year,Credit card,Northeast,No,Yes
NOISY-00711,9,120.18,3,1,31.5,6,Month-to-month,Mailed check,West,Yes,No
NOISY-00712,2,28.64,2,8,1,1,Month-to-month,Bank transfer,Northeast,No,No
NOISY-00713,20,50.8,2,0,1,5,Month-to-month,Credit card,Northeast,No,No
NOISY-00714,63,36.16,0,0,10.9,9,Month-to-month,Electronic check,Northeast,No,No
NOISY-00715,55,74.7,0,9,31.3,1,Two year,Mailed check,West,Yes,No
NOISY-00716,6,114.44,8,9,61.5,8,One year,Credit card,Northeast,No,No
NOISY-00717,10,64.17,2,0,35.2,10,Two year,Credit card,Northeast,Yes,No
NOISY-00718,46,114.79,7,0,35.0,7,One year,Credit card,Midwest,No,No
NOISY-00719,31,94.01,2,3,72.9,9,Month-to-month,Credit card,Northeast,No,No
NOISY-00720,54,57.19,0,4,33.1,8,One year,Mailed check,Northeast,Yes,No
NOISY-00721,8,82.43,4,15,43.3,7,Two year,Bank transfer,South,Yes,Yes
NOISY-00722,37,134.06,10,3,5.9,3,One year,Electronic check,Northeast,No,Yes
NOISY-00723,72,119.92,3,5,32.5,5,One year,Credit card,Northeast,Yes,No
NOISY-00724,52,69.38,3,3,43.7,6,Month-to-month,Bank transfer,South,Yes,No
NOISY-00725,59,33.84,1,3,14.7,6,One year,Electronic check,Northeast,Yes,No
NOISY-00726,39,78.01,4,9,43.9,3,One year,Credit card,West,No,Yes
NOISY-00727,64,133.29,5,3,1,8,Month-to-month,Credit card,South,No,No
NOISY-00728,34,135.58,3,10,26.3,9,One year,Mailed check,Midwest,Yes,Yes
NOISY-00729,46,70.21,5,2,33.9,8,Two year,Bank transfer,Midwest,No,No
NOISY-00730,39,87.98,10,0,58.6,1,Month-to-month,Credit card,West,No,Yes
NOISY-00731,22,90.32,1,0,42.8,2,Month-to-month,Electronic check,South,No,No
NOISY-00732,40,35.42,3,0,31.3,4,One year,Electronic check,Midwest,Yes,No
NOISY-00733,26,159.42,7,6,75.6,8,Two year,Bank transfer,West,Yes,No
NOISY-00734,62,148.35,2,3,1.9,3,Month-to-month,Bank transfer,Midwest,Yes,No
NOISY-00735,27,35.38,5,6,40.1,4,Month-to-month,Bank transfer,West,Yes,Yes
NOISY-00736,38,143.69,4,0,46.0,3,One year,Credit card,Midwest,Yes,Yes
NOISY-00737,41,138.87,7,0,63.4,5,Month-to-month,Electronic check,Northeast,Yes,No
NOISY-00738,48,83.11,1,2,37.2,10,One year,Bank transfer,West,No,No
NOISY-00739,40,149.32,3,12,41.0,10,Month-to-month,Credit card,South,No,Yes
NOISY-00740,66,59.11,4,0,43.5,8,Two year,Electronic check,Northeast,No,No
NOISY-00741,64,153.7,4,8,27.5,2,Two year,Electronic check,South,Yes,Yes
NOISY-00742,14,121.98,1,1,64.3,10,Two year,Mailed check,South,No,No
NOISY-00743,56,53.8,3,16,33.4,4,One year,Mailed check,Northeast,Yes,No
NOISY-00744,10,114.07,3,4,40.6,4,Two year,Credit card,West,No,Yes
NOISY-00745,45,111.74,4,0,71.9,9,Two year,Mailed check,West,Yes,No
NOISY-00746,63,136.91,6,4,54.7,5,Two year,Mailed check,South,No,No
NOISY-00747,55,77.34,6,1,73.9,6,Month-to-month,Mailed check,South,No,No
NOISY-00748,54,109.7,2,0,35.6,10,Two year,Mailed check,West,Yes,No
NOISY-00749,31,104.75,4,10,49.1,5,One year,Credit card,Midwest,No,Yes
NOISY-00750,9,87.3,3,0,64.3,4,Two year,Bank transfer,West,Yes,Yes
NOISY-00751,72,136.48,2,1,20.3,1,One year,Mailed check,Midwest,No,No
NOISY-00752,48,72.62,4,0,62.3,8,Month-to-month,Credit card,Northeast,Yes,No
NOISY-00753,8,63.31,4,3,41.7,3,Two year,Credit card,Midwest,Yes,Yes
NOISY-00754,26,136.59,0,7,23.8,7,One year,Electronic check,South,Yes,No
NOISY-00755,50,140.91,3,7,21.4,1,One year,Credit card,Midwest,Yes,No
NOISY-00756,51,112.66,2,3,28.7,5,Month-to-month,Credit card,South,Yes,No
NOISY-00757,48,56.63,0,9,20.2,1,Month-to-month,Bank transfer,West,Yes,No
NOISY-00758,55,52.52,1,12,20.2,7,Two year,Credit card,West,Yes,No
NOISY-00759,6,150.01,0,6,10.0,10,Two year,Mailed check,Northeast,Yes,No
NOISY-00760,1,46.04,6,4,15.3,4,Two year,Bank transfer,West,No,No
NOISY-00761,43,153.92,1,2,62.9,5,One year,Credit card,South,No,No
NOISY-00762,16,35.37,7,6,18.4,9,Month-to-month,Mailed check,Northeast,No,No
NOISY-00763,21,60.61,0,6,52.7,9,Two year,Mailed check,Midwest,Yes,No
NOISY-00764,61,130.92,6,10,32.9,4,One year,Credit card,Midwest,No,No
NOISY-00765,43,132.95,7,0,9.0,7,Month-to-month,Electronic check,Midwest,No,Yes
NOISY-00766,29,159.45,8,4,25.1,2,Two year,Credit card,West,No,Yes
NOISY-00767,47,38.81,0,10,1,2,One year,Bank transfer,Northeast,Yes,No
NOISY-00768,56,97.95,7,0,41.3,5,Two year,Electronic check,Midwest,No,No
NOISY-00769,58,68.88,1,7,10.5,3,Month-to-month,Bank transfer,South,No,No
NOISY-00770,29,43.49,0,5,6.1,10,Month-to-month,Mailed check,South,Yes,No
NOISY-00771,17,89.08,0,0,10.3,5,Month-to-month,Credit card,Northeast,Yes,No
NOISY-00772,15,145.27,1,8,1.0,8,Two year,Electronic check,South,No,No
NOISY-00773,11,158.61,7,8,43.1,10,One year,Mailed check,Midwest,No,Yes
NOISY-00774,17,105.69,0,6,10.9,7,Month-to-month,Mailed check,Midwest,Yes,Yes
NOISY-00775,31,122.25,4,9,13.0,3,Month-to-month,Mailed check,West,No,No
NOISY-00776,3,100.59,6,4,28.4,2,Two year,Credit card,West,No,Yes
NOISY-00777,33,133.52,8,8,50.5,6,One year,Electronic check,Northeast,No,Yes
NOISY-00778,67,156.66,2,4,12.0,2,Two year,Credit card,Midwest,No,No
NOISY-00779,15,141.0,0,11,1,3,One year,Bank transfer,West,No,Yes
NOISY-00780,62,149.59,6,0,24.9,1,Two year,Credit card,South,Yes,Yes
NOISY-00781,48,72.81,5,8,34.5,9,Two year,Credit card,South,Yes,No
NOISY-00782,30,62.83,4,0,28.2,2,Month-to-month,Electronic check,South,Yes,No
NOISY-00783,35,40.24,6,8,4.3,9,One year,Credit card,Northeast,Yes,No
NOISY-00784,50,98.33,3,6,34.0,6,Two year,Mailed check,West,No,No
NOISY-00785,56,95.29,1,1,55.8,8,Two year,Electronic check,West,No,No
NOISY-00786,67,99.61,2,0,51.7,9,One year,Mailed check,West,Yes,No
NOISY-00787,67,128.46,0,9,38.2,8,Month-to-month,Bank transfer,West,Yes,No
NOISY-00788,35,117.31,5,2,15.8,2,Month-to-month,Electronic check,South,No,Yes
NOISY-00789,7,100.2,2,7,33.2,4,Month-to-month,Electronic check,Northeast,Yes,Yes
NOISY-00790,27,60.66,0,0,51.5,5,Two year,Electronic check,Northeast,No,No
NOISY-00791,16,91.07,3,0,47.3,3,Month-to-month,Bank transfer,Northeast,No,No
NOISY-00792,30,95.59,8,5,62.9,9,One year,Credit card,Northeast,Yes,No
NOISY-00793,63,117.6,6,0,8.5,7,One year,Mailed check,Midwest,No,No
NOISY-00794,70,117.71,2,0,49.8,1,Two year,Bank transfer,South,No,No
NOISY-00795,45,40.28,5,5,1,7,Month-to-month,Credit card,West,No,No
NOISY-00796,13,153.72,2,6,66.3,10,Two year,Electronic check,South,Yes,Yes
NOISY-00797,57,83.11,8,0,31.1,6,One year,Mailed check,Midwest,Yes,No
NOISY-00798,3,90.89,0,0,42.1,1,One year,Electronic check,West,No,No
NOISY-00799,27,50.85,6,0,23.7,8,Month-to-month,Mailed check,Northeast,Yes,No
NOISY-00800,52,70.68,4,12,13.3,1,One year,Mailed check,Midwest,Yes,No
NOISY-00801,40,40.64,2,4,31.2,5,Month-to-month,Electronic check,West,Yes,Yes
NOISY-00802,51,48.25,2,6,13.6,10,Month-to-month,Electronic check,Midwest,No,No
NOISY-00803,6,154.07,0,0,19.5,10,Two year,Credit card,South,No,No
NOISY-00804,21,110.02,7,0,41.5,9,One year,Electronic check,Northeast,No,No
NOISY-00805,39,50.13,6,14,34.7,6,One year,Electronic check,West,Yes,No
NOISY-00806,33,133.4,1,4,56.3,7,Month-to-month,Credit card,Midwest,Yes,Yes
NOISY-00807,7,45.69,2,10,65.3,8,Two year,Credit card,West,No,No
NOISY-00808,2,149.17,0,8,53.8,5,One year,Credit card,Northeast,No,No
NOISY-00809,20,58.71,0,0,25.8,7,One year,Mailed check,South,No,No
NOISY-00810,62,104.25,1,3,47.8,3,Month-to-month,Mailed check,West,Yes,Yes
NOISY-00811,34,98.52,0,1,30.6,7,One year,Mailed check,West,Yes,No
NOISY-00812,66,56.19,3,0,55.9,7,Month-to-month,Electronic check,Midwest,Yes,No
NOISY-00813,46,34.35,8,4,24.0,10,One year,Mailed check,West,Yes,No
NOISY-00814,11,28.31,0,2,25.4,10,One year,Bank transfer,Northeast,No,No
NOISY-00815,70,50.04,2,0,53.2,3,Month-to-month,Electronic check,Northeast,Yes,No
NOISY-00816,61,36.44,0,3,34.5,9,One year,Mailed check,South,Yes,No
NOISY-00817,15,116.79,5,5,90.1,5,One year,Electronic check,South,Yes,No
NOISY-00818,65,25.54,2,0,23.1,2,Two year,Mailed check,West,No,No
NOISY-00819,69,140.12,5,0,20.9,10,Month-to-month,Bank transfer,Midwest,Yes,No
NOISY-00820,3,148.6,7,4,33.4,5,Two year,Bank transfer,West,No,No
NOISY-00821,35,81.78,2,0,6.3,5,Two year,Bank transfer,South,Yes,No
NOISY-00822,54,89.66,5,15,40.1,10,One year,Electronic check,South,Yes,No
NOISY-00823,15,78.86,0,2,18.2,1,Month-to-month,Credit card,Midwest,Yes,Yes
NOISY-00824,4,72.14,3,0,41.0,8,Two year,Bank transfer,Midwest,No,No
NOISY-00825,17,111.79,1,0,1,4,One year,Electronic check,Midwest,Yes,No
NOISY-00826,44,80.72,1,0,7.4,1,Month-to-month,Credit card,West,No,Yes
NOISY-00827,42,62.08,3,6,30.4,3,One year,Electronic check,Midwest,No,Yes
NOISY-00828,23,150.97,2,7,13.8,7,Two year,Mailed check,Midwest,No,No
NOISY-00829,58,108.38,4,6,36.8,1,Two year,Bank transfer,Northeast,Yes,No
NOISY-00830,17,44.09,3,1,52.9,6,Two year,Mailed check,West,No,No
NOISY-00831,9,64.21,3,3,36.6,9,One year,Credit card,Northeast,Yes,No
NOISY-00832,70,53.23,5,0,32.4,9,Two year,Electronic check,Northeast,Yes,No
NOISY-00833,21,86.57,2,1,21.3,5,Month-to-month,Credit card,Northeast,Yes,No
NOISY-00834,65,99.84,3,3,1,1,Two year,Electronic check,South,Yes,No
NOISY-00835,71,94.26,6,0,55.1,5,One year,Bank transfer,Midwest,Yes,Yes
NOISY-00836,65,109.5,0,0,23.6,4,One year,Credit card,West,No,No
NOISY-00837,65,140.1,3,5,35.4,1,Month-to-month,Credit card,South,No,Yes
NOISY-00838,68,149.79,2,0,1,8,One year,Bank transfer,Northeast,Yes,No
NOISY-00839,48,34.86,3,8,23.8,9,One year,Mailed check,West,Yes,No
NOISY-00840,11,138.56,8,10,97.4,8,Month-to-month,Credit card,South,Yes,Yes
NOISY-00841,69,103.44,0,3,14.5,3,Month-to-month,Credit card,South,No,No
NOISY-00842,8,50.69,3,0,38.6,3,One year,Mailed check,Northeast,Yes,Yes
NOISY-00843,65,62.34,0,2,34.2,3,One year,Mailed check,West,No,No
NOISY-00844,59,71.4,0,0,55.6,2,Month-to-month,Credit card,Northeast,No,No
NOISY-00845,9,26.32,6,8,8.2,2,Month-to-month,Mailed check,West,Yes,Yes
NOISY-00846,21,151.45,6,0,20.9,9,Month-to-month,Bank transfer,Northeast,No,No
NOISY-00847,39,38.92,4,3,68.6,7,Two year,Electronic check,West,Yes,No
NOISY-00848,21,146.23,0,8,4.8,5,Month-to-month,Credit card,Northeast,Yes,No
NOISY-00849,45,98.58,2,0,41.9,8,Month-to-month,Mailed check,West,No,No
NOISY-00850,2,151.33,9,2,36.6,7,Two year,Credit card,West,Yes,Yes
NOISY-00851,43,45.37,6,0,22.6,7,Month-to-month,Electronic check,South,No,No
NOISY-00852,71,132.54,6,0,51.8,3,Month-to-month,Mailed check,Northeast,No,Yes
NOISY-00853,54,32.78,9,3,46.1,1,One year,Electronic check,Midwest,Yes,No
NOISY-00854,37,49.72,0,3,11.7,7,Month-to-month,Mailed check,Midwest,No,No
NOISY-00855,35,125.14,1,0,24.2,6,Month-to-month,Electronic check,Northeast,Yes,No
NOISY-00856,42,68.52,4,1,28.5,7,Two year,Electronic check,South,No,No
NOISY-00857,40,91.18,0,0,22.9,9,One year,Mailed check,Northeast,No,No
NOISY-00858,11,93.5,4,0,31.0,4,Two year,Electronic check,West,Yes,No
NOISY-00859,40,62.15,5,7,1,10,Month-to-month,Electronic check,West,Yes,No
NOISY-00860,34,39.0,3,7,4.7,9,One year,Electronic check,Midwest,No,No
NOISY-00861,16,41.44,1,4,46.9,10,Two year,Bank transfer,West,No,No
NOISY-00862,17,116.68,2,6,39.6,5,Two year,Electronic check,Northeast,No,No
NOISY-00863,25,97.35,0,2,32.9,9,Month-to-month,Credit card,Midwest,Yes,No
NOISY-00864,2,120.57,1,0,55.5,10,Two year,Credit card,Midwest,No,No
NOISY-00865,24,34.22,0,2,12.8,3,Two year,Bank transfer,Midwest,Yes,No
NOISY-00866,59,103.06,3,5,16.7,6,One year,Bank transfer,South,No,No
NOISY-00867,39,86.0,8,5,28.4,3,Month-to-month,Mailed check,South,Yes,Yes
NOISY-00868,69,139.89,3,7,77.6,4,One year,Credit card,West,Yes,No
NOISY-00869,19,143.31,3,0,48.1,8,Two year,Bank transfer,West,No,No
NOISY-00870,27,108.91,5,1,35.9,3,One year,Credit card,South,Yes,No
NOISY-00871,10,159.47,0,5,52.1,2,Month-to-month,Mailed check,Midwest,Yes,Yes
NOISY-00872,20,120.61,3,0,19.4,3,Two year,Electronic check,Midwest,No,No
NOISY-00873,27,76.14,2,0,33.2,1,Month-to-month,Electronic check,Midwest,Yes,No
NOISY-00874,18,75.39,0,15,60.2,6,Month-to-month,Credit card,West,No,Yes
NOISY-00875,66,104.93,0,0,1,5,Month-to-month,Electronic check,Northeast,No,Yes
NOISY-00876,69,91.59,0,10,20.5,7,Month-to-month,Electronic check,South,Yes,No
NOISY-00877,60,124.9,6,4,52.1,10,One year,Bank transfer,Midwest,No,No
NOISY-00878,40,140.51,5,0,18.4,6,One year,Electronic check,South,No,No
NOISY-00879,53,68.3,2,14,27.0,6,Month-to-month,Bank transfer,Midwest,Yes,Yes
NOISY-00880,51,135.32,0,11,41.8,3,Month-to-month,Credit card,Midwest,No,No
NOISY-00881,34,153.67,1,1,18.3,5,Two year,Mailed check,Northeast,Yes,No
NOISY-00882,62,45.94,6,3,2.1,4,Month-to-month,Credit card,West,No,Yes
NOISY-00883,52,69.84,5,11,69.1,2,Two year,Electronic check,Midwest,Yes,No
NOISY-00884,33,110.04,1,0,14.9,10,One year,Electronic check,West,Yes,No
NOISY-00885,50,149.44,5,6,28.8,8,Two year,Mailed check,Midwest,No,No
NOISY-00886,20,80.82,4,6,29.2,5,Month-to-month,Mailed check,West,No,No
NOISY-00887,3,93.01,0,0,14.8,9,Month-to-month,Electronic check,South,Yes,No
NOISY-00888,13,134.77,2,5,31.6,8,Two year,Bank transfer,Midwest,No,No
NOISY-00889,28,56.78,2,1,14.7,2,Two year,Bank transfer,West,No,No
NOISY-00890,11,96.61,3,7,40.4,10,Two year,Mailed check,West,Yes,No
NOISY-00891,47,58.69,11,5,62.3,5,Two year,Credit card,West,No,No
NOISY-00892,57,49.08,0,0,72.9,5,Two year,Electronic check,Northeast,Yes,No
NOISY-00893,18,48.83,6,0,51.1,9,Month-to-month,Bank transfer,South,Yes,No
NOISY-00894,42,104.38,7,1,17.2,10,Two year,Credit card,West,No,No
NOISY-00895,6,100.61,2,0,41.5,1,Month-to-month,Credit card,Midwest,Yes,Yes
NOISY-00896,34,109.0,1,7,10.8,6,Month-to-month,Electronic check,West,No,Yes
NOISY-00897,44,50.93,4,5,38.5,10,One year,Mailed check,South,No,No
NOISY-00898,61,40.37,2,7,13.3,6,Two year,Electronic check,Northeast,Yes,No
NOISY-00899,68,117.74,0,16,44.9,5,One year,Bank transfer,Northeast,No,No
NOISY-00900,1,121.18,7,4,59.3,7,One year,Bank transfer,West,No,Yes
NOISY-00901,50,65.59,4,8,6.7,4,Two year,Mailed check,Northeast,No,No
NOISY-00902,16,52.88,2,1,18.1,7,Two year,Mailed check,South,No,No
NOISY-00903,61,141.3,5,10,15.3,10,Month-to-month,Credit card,Northeast,No,No
NOISY-00904,50,148.07,3,1,35.6,1,Two year,Bank transfer,South,No,Yes
NOISY-00905,49,27.89,1,18,49.5,9,One year,Electronic check,West,No,No
NOISY-00906,71,59.09,3,10,30.0,3,Two year,Mailed check,South,Yes,No
NOISY-00907,47,157.0,2,10,1,9,Two year,Bank transfer,West,Yes,No
NOISY-00908,32,105.74,4,3,1,9,Month-to-month,Electronic check,Northeast,No,Yes
NOISY-00909,41,77.63,1,1,27.3,9,Month-to-month,Mailed check,Northeast,Yes,No
NOISY-00910,5,155.9,1,9,35.9,6,One year,Electronic check,Midwest,Yes,Yes
NOISY-00911,59,82.37,6,6,7.7,1,Two year,Credit card,South,Yes,Yes
NOISY-00912,57,142.14,0,0,9.7,8,Two year,Electronic check,South,Yes,No
NOISY-00913,8,54.6,7,0,28.5,10,Month-to-month,Credit card,Northeast,No,No
NOISY-00914,69,145.57,0,16,7.3,3,One year,Credit card,West,Yes,No
NOISY-00915,30,80.69,6,2,55.4,10,Two year,Electronic check,Midwest,Yes,No
NOISY-00916,49,39.51,5,12,1,2,One year,Electronic check,Northeast,No,Yes
NOISY-00917,6,54.94,2,0,15.3,8,Two year,Electronic check,Midwest,Yes,No
NOISY-00918,14,75.12,1,0,1,9,Month-to-month,Credit card,Midwest,Yes,No
NOISY-00919,22,79.89,3,0,22.8,6,Two year,Mailed check,South,No,No
NOISY-00920,57,39.88,2,10,25.1,8,One year,Mailed check,Midwest,No,No
NOISY-00921,50,25.22,1,0,37.9,6,One year,Credit card,South,Yes,No
NOISY-00922,41,48.37,4,4,22.9,5,Two year,Credit card,Northeast,No,No
NOISY-00923,65,84.87,3,3,29.2,3,One year,Mailed check,West,No,No
NOISY-00924,15,92.97,3,7,30.8,3,Two year,Bank transfer,West,No,No
NOISY-00925,31,47.69,5,0,43.8,3,Two year,Credit card,Northeast,No,No
NOISY-00926,48,60.94,0,0,12.8,7,One year,Mailed check,Midwest,No,No
NOISY-00927,49,152.09,2,0,49.8,2,Two year,Mailed check,Midwest,Yes,No
NOISY-00928,24,133.65,3,10,18.1,9,Two year,Electronic check,Northeast,Yes,No
NOISY-00929,29,120.38,1,7,63.8,3,Month-to-month,Credit card,Northeast,No,Yes
NOISY-00930,54,120.77,5,2,29.3,9,One year,Bank transfer,South,No,Yes
NOISY-00931,1,119.36,0,1,44.0,5,Month-to-month,Mailed check,West,No,No
NOISY-00932,40,144.64,2,2,2.5,8,One year,Electronic check,South,Yes,No
NOISY-00933,21,58.55,2,0,31.1,5,Two year,Bank transfer,Midwest,Yes,No
NOISY-00934,19,135.62,4,10,8.9,8,One year,Electronic check,Midwest,Yes,Yes
NOISY-00935,7,85.73,3,1,42.7,6,One year,Mailed check,Northeast,Yes,No
NOISY-00936,63,102.5,0,4,45.0,9,One year,Bank transfer,Northeast,Yes,No
NOISY-00937,38,86.94,7,0,1,10,Two year,Mailed check,Northeast,No,No
NOISY-00938,28,42.19,3,4,39.2,5,Two year,Mailed check,South,Yes,No
NOISY-00939,38,109.27,7,4,25.9,2,Two year,Mailed check,Northeast,Yes,No
NOISY-00940,9,111.83,0,2,44.7,6,One year,Credit card,South,No,No
NOISY-00941,15,44.26,0,8,8.8,9,Month-to-month,Mailed check,Northeast,Yes,No
NOISY-00942,52,83.94,0,8,33.3,1,Two year,Bank transfer,Midwest,No,No
NOISY-00943,43,67.09,6,2,10.0,9,One year,Electronic check,South,Yes,No
NOISY-00944,14,103.08,0,7,15.7,7,Month-to-month,Mailed check,South,Yes,No
NOISY-00945,18,93.07,3,4,31.0,10,One year,Mailed check,Midwest,No,No
NOISY-00946,6,132.76,2,6,21.4,7,One year,Electronic check,South,No,No
NOISY-00947,7,116.82,0,2,34.6,8,One year,Bank transfer,Northeast,No,No
NOISY-00948,54,76.52,5,8,48.1,4,One year,Mailed check,Northeast,No,No
NOISY-00949,15,114.07,8,10,34.9,6,Month-to-month,Credit card,South,No,Yes
NOISY-00950,62,120.45,12,5,18.4,3,Two year,Electronic check,South,No,No
NOISY-00951,3,107.34,3,10,49.1,4,One year,Bank transfer,West,Yes,Yes
NOISY-00952,59,69.42,1,6,3.2,2,One year,Credit card,West,No,No
NOISY-00953,49,141.89,8,2,1,6,Month-to-month,Bank transfer,South,Yes,No
NOISY-00954,20,138.54,3,3,24.3,3,One year,Electronic check,Midwest,Yes,Yes
NOISY-00955,28,111.42,0,0,10.6,4,Two year,Bank transfer,Northeast,Yes,Yes
NOISY-00956,39,117.71,0,3,58.5,2,One year,Credit card,Midwest,No,No
NOISY-00957,58,74.42,5,0,27.7,2,One year,Credit card,Midwest,Yes,No
NOISY-00958,30,88.6,2,0,70.1,5,One year,Credit card,South,No,No
NOISY-00959,24,149.04,0,0,29.4,6,One year,Credit card,South,No,No
NOISY-00960,33,154.2,7,1,30.8,2,Month-to-month,Electronic check,West,Yes,Yes
NOISY-00961,8,92.86,0,0,59.2,9,Two year,Mailed check,Northeast,No,No
NOISY-00962,50,126.67,3,10,41.0,1,One year,Electronic check,West,No,Yes
NOISY-00963,26,59.25,5,0,13.8,4,One year,Bank transfer,West,Yes,No
NOISY-00964,37,142.17,5,18,18.5,4,One year,Credit card,Northeast,Yes,Yes
NOISY-00965,37,138.01,0,4,32.9,3,Two year,Credit card,Northeast,Yes,No
NOISY-00966,51,152.32,3,6,2.3,3,Month-to-month,Credit card,South,No,No
NOISY-00967,20,126.71,6,0,1,7,Two year,Bank transfer,South,Yes,No
NOISY-00968,18,34.67,0,0,13.1,2,One year,Bank transfer,Midwest,Yes,No
NOISY-00969,15,56.48,3,7,10.6,7,Two year,Electronic check,South,Yes,No
NOISY-00970,37,121.6,9,11,72.7,3,Month-to-month,Bank transfer,West,No,Yes
NOISY-00971,58,30.41,2,8,53.4,2,One year,Mailed check,Midwest,Yes,No
NOISY-00972,59,44.06,0,8,20.8,2,One year,Mailed check,West,No,Yes
NOISY-00973,17,128.47,1,8,47.7,10,Month-to-month,Credit card,West,No,Yes
NOISY-00974,58,56.08,8,2,32.2,4,One year,Mailed check,South,No,No
NOISY-00975,29,69.25,0,4,37.9,2,Two year,Mailed check,West,No,No
NOISY-00976,43,95.09,6,2,47.3,6,One year,Electronic check,Northeast,Yes,No
NOISY-00977,26,137.42,0,2,12.3,2,Month-to-month,Mailed check,Midwest,Yes,Yes
NOISY-00978,33,126.2,5,5,61.6,8,One year,Mailed check,Northeast,Yes,No
NOISY-00979,28,112.05,8,7,47.3,8,Two year,Electronic check,West,No,No
NOISY-00980,6,64.83,0,0,24.6,5,Two year,Credit card,Midwest,No,No
NOISY-00981,71,146.02,3,0,36.6,8,Two year,Bank transfer,West,No,No
NOISY-00982,54,38.39,4,9,37.2,8,One year,Bank transfer,South,Yes,No
NOISY-00983,50,152.84,4,10,37.9,2,One year,Bank transfer,Northeast,Yes,No
NOISY-00984,60,39.7,3,1,48.7,4,One year,Bank transfer,Midwest,Yes,No
NOISY-00985,1,26.02,1,4,13.1,9,One year,Electronic check,West,No,No
NOISY-00986,50,104.68,7,3,58.1,7,Two year,Credit card,South,Yes,No
NOISY-00987,67,68.54,0,7,52.8,10,Two year,Credit card,Northeast,Yes,No
NOISY-00988,9,37.04,2,14,29.3,10,One year,Bank transfer,West,Yes,Yes
NOISY-00989,47,75.75,2,4,33.2,7,Two year,Mailed check,Midwest,Yes,No
NOISY-00990,7,131.75,7,0,32.1,1,One year,Bank transfer,South,No,Yes
NOISY-00991,66,127.44,0,2,15.0,6,Month-to-month,Bank transfer,Midwest,No,No
NOISY-00992,59,102.39,4,0,63.5,7,One year,Credit card,Northeast,Yes,No
NOISY-00993,65,120.23,3,3,1,5,Month-to-month,Credit card,West,Yes,Yes
NOISY-00994,59,66.88,2,5,53.9,7,Month-to-month,Credit card,West,No,No
NOISY-00995,23,61.13,2,6,64.2,7,Two year,Electronic check,Midwest,Yes,No
NOISY-00996,68,88.22,1,0,43.3,8,Two year,Bank transfer,Midwest,Yes,No
NOISY-00997,64,30.25,2,0,43.3,2,Month-to-month,Credit card,Midwest,Yes,Yes
NOISY-00998,26,119.69,3,7,29.2,4,Month-to-month,Electronic check,West,Yes,Yes
NOISY-00999,65,53.22,0,5,7.7,1,Month-to-month,Mailed check,Northeast,Yes,No
NOISY-01000,38,155.65,8,8,6.4,7,Month-to-month,Electronic check,Northeast,No,Yes
NOISY-01001,10,96.74,1,7,2.2,4,One year,Mailed check,South,Yes,Yes
NOISY-01002,6,147.11,3,0,3.1,7,One year,Credit card,Midwest,No,No
NOISY-01003,62,40.52,0,6,78.3,1,Two year,Credit card,Northeast,No,No
NOISY-01004,26,63.4,3,5,27.8,10,One year,Credit card,West,No,No
NOISY-01005,34,121.9,1,6,40.6,4,Month-to-month,Bank transfer,South,Yes,Yes
NOISY-01006,67,44.64,2,0,27.0,2,Month-to-month,Bank transfer,South,No,No
NOISY-01007,38,88.71,6,7,37.0,6,Two year,Bank transfer,Northeast,Yes,No
NOISY-01008,59,108.59,0,4,15.0,10,Month-to-month,Mailed check,Midwest,Yes,No
NOISY-01009,62,140.79,6,0,54.6,3,Two year,Mailed check,South,Yes,No
NOISY-01010,6,131.38,1,0,29.4,6,Two year,Bank transfer,Northeast,Yes,No
NOISY-01011,11,85.5,0,5,12.6,1,One year,Credit card,South,Yes,No
NOISY-01012,8,87.86,8,4,6.6,3,Two year,Bank transfer,South,Yes,No
NOISY-01013,72,69.72,4,0,42.4,1,Month-to-month,Bank transfer,South,No,No
NOISY-01014,27,102.03,3,2,43.8,4,Month-to-month,Bank transfer,Northeast,Yes,Yes
NOISY-01015,52,126.14,7,4,16.1,3,Month-to-month,Credit card,Midwest,No,No
NOISY-01016,25,152.52,5,0,8.3,4,Month-to-month,Mailed check,West,Yes,Yes
NOISY-01017,54,113.22,6,19,38.8,2,Two year,Electronic check,Midwest,No,Yes
NOISY-01018,32,125.27,4,3,1,5,One year,Electronic check,Midwest,No,No
NOISY-01019,15,43.26,4,0,1,6,Month-to-month,Mailed check,South,No,Yes
NOISY-01020,36,58.59,2,0,35.3,2,Month-to-month,Mailed check,South,Yes,Yes
NOISY-01021,8,53.11,3,1,45.7,4,One year,Electronic check,West,No,No
NOISY-01022,12,94.51,7,0,45.6,2,Two year,Electronic check,West,No,Yes
NOISY-01023,56,130.24,7,4,5.0,4,One year,Bank transfer,West,Yes,Yes
NOISY-01024,48,42.58,5,14,45.8,5,Two year,Electronic check,Northeast,Yes,Yes
NOISY-01025,42,123.93,0,0,29.0,7,One year,Credit card,South,Yes,Yes
NOISY-01026,15,147.32,2,9,65.4,7,Two year,Mailed check,West,Yes,No
NOISY-01027,61,48.67,0,3,35.3,3,Two year,Electronic check,West,No,No
NOISY-01028,28,72.46,1,11,22.8,2,Two year,Credit card,Midwest,No,No
NOISY-01029,31,115.03,1,0,15.2,1,Month-to-month,Credit card,Midwest,No,No
NOISY-01030,30,110.26,0,2,4.4,2,Month-to-month,Mailed check,Midwest,Yes,Yes
NOISY-01031,28,75.97,1,4,34.5,6,Month-to-month,Electronic check,West,Yes,No
NOISY-01032,12,26.61,6,0,14.7,10,One year,Credit card,Northeast,Yes,No
NOISY-01033,59,40.27,0,2,7.8,5,Two year,Credit card,Northeast,No,No
NOISY-01034,36,137.32,2,0,26.3,4,One year,Bank transfer,South,No,Yes
NOISY-01035,27,143.29,0,9,42.8,6,Two year,Bank transfer,Midwest,Yes,No
NOISY-01036,33,67.43,0,12,26.1,6,Month-to-month,Credit card,West,No,Yes
NOISY-01037,8,48.08,9,3,27.5,3,Month-to-month,Mailed check,Northeast,No,Yes
NOISY-01038,62,157.6,6,12,45.0,8,Month-to-month,Credit card,South,No,No
NOISY-01039,48,90.78,0,6,27.0,8,Month-to-month,Mailed check,Midwest,No,No
NOISY-01040,17,46.49,4,13,34.1,6,Month-to-month,Bank transfer,South,Yes,Yes
NOISY-01041,56,159.08,2,4,51.6,2,Two year,Credit card,Northeast,Yes,No
NOISY-01042,70,134.58,5,6,39.5,7,Month-to-month,Bank transfer,South,No,No
NOISY-01043,20,35.37,2,4,27.8,10,Two year,Bank transfer,Midwest,Yes,No
NOISY-01044,21,49.74,4,0,42.3,4,One year,Mailed check,Midwest,Yes,No
NOISY-01045,42,96.67,3,15,15.5,8,One year,Bank transfer,Midwest,Yes,No
NOISY-01046,14,95.0,5,7,31.9,6,One year,Bank transfer,West,Yes,No
NOISY-01047,5,62.93,2,3,38.6,10,Two year,Bank transfer,Midwest,Yes,No
NOISY-01048,7,58.5,0,5,16.0,1,One year,Electronic check,Midwest,No,Yes
NOISY-01049,18,67.75,5,0,56.2,8,One year,Bank transfer,West,No,No
NOISY-01050,17,157.9,0,14,33.6,9,Two year,Bank transfer,Midwest,Yes,Yes
NOISY-01051,64,78.91,7,6,9.0,5,One year,Electronic check,Midwest,No,No
NOISY-01052,12,82.87,5,7,76.2,3,Two year,Mailed check,Midwest,No,No
NOISY-01053,62,25.95,5,5,40.8,10,One year,Credit card,South,No,No
NOISY-01054,50,142.84,1,2,14.9,10,Month-to-month,Credit card,Midwest,Yes,No
NOISY-01055,5,63.71,1,6,20.4,8,Month-to-month,Mailed check,Midwest,No,Yes
NOISY-01056,12,67.42,3,18,45.5,7,Two year,Mailed check,Northeast,Yes,No
NOISY-01057,50,138.12,3,0,27.3,3,One year,Electronic check,Northeast,No,Yes
NOISY-01058,60,152.69,0,8,17.9,4,Month-to-month,Electronic check,Midwest,Yes,Yes
NOISY-01059,61,89.13,6,9,65.8,10,One year,Credit card,Northeast,No,No
NOISY-01060,53,141.59,1,11,25.7,6,Month-to-month,Mailed check,South,No,No
NOISY-01061,28,39.84,1,0,1,1,Month-to-month,Bank transfer,West,Yes,Yes
NOISY-01062,19,54.29,2,0,33.0,10,One year,Credit card,West,No,No
NOISY-01063,53,29.42,3,7,55.1,7,Month-to-month,Credit card,South,No,No
NOISY-01064,17,113.56,3,3,2.6,8,One year,Mailed check,Northeast,No,Yes
NOISY-01065,52,63.97,2,5,55.8,4,One year,Mailed check,Northeast,Yes,No
NOISY-01066,12,129.22,0,0,44.4,9,Two year,Bank transfer,Midwest,No,No
NOISY-01067,54,89.11,0,0,1,8,Month-to-month,Credit card,Midwest,No,No
NOISY-01068,2,124.71,1,1,47.5,10,Two year,Mailed check,Northeast,No,Yes
NOISY-01069,61,42.78,4,1,35.9,9,One year,Electronic check,South,Yes,No
NOISY-01070,71,143.21,1,5,21.1,6,Two year,Credit card,South,No,No
NOISY-01071,27,51.21,1,9,24.9,1,Month-to-month,Mailed check,Northeast,Yes,Yes
NOISY-01072,32,99.42,3,6,1,1,One year,Mailed check,Northeast,Yes,Yes
NOISY-01073,49,130.31,3,2,18.0,3,Month-to-month,Electronic check,West,Yes,No
NOISY-01074,2,137.54,7,0,43.5,8,Two year,Credit card,Northeast,Yes,No
NOISY-01075,21,31.64,2,7,35.3,10,One year,Credit card,Midwest,Yes,No
NOISY-01076,48,104.36,0,7,11.5,7,Two year,Bank transfer,West,Yes,No
NOISY-01077,9,155.84,0,4,54.8,2,Two year,Electronic check,West,No,Yes
NOISY-01078,18,85.22,3,7,26.2,5,Month-to-month,Electronic check,Midwest,Yes,Yes
NOISY-01079,18,66.27,5,3,30.9,4,Two year,Bank transfer,South,Yes,No
NOISY-01080,31,70.14,0,10,22.2,7,Two year,Electronic check,West,No,No
NOISY-01081,63,151.83,0,0,30.3,7,Month-to-month,Mailed check,West,Yes,No
NOISY-01082,56,37.96,0,6,22.0,2,Two year,Bank transfer,South,Yes,No
NOISY-01083,21,90.17,4,0,1,4,One year,Mailed check,Midwest,No,No
NOISY-01084,49,29.11,0,0,16.4,8,Month-to-month,Mailed check,Midwest,Yes,No
NOISY-01085,50,69.7,0,0,1,2,Two year,Credit card,West,Yes,No
NOISY-01086,7,40.53,0,12,36.2,4,Two year,Bank transfer,South,No,No
NOISY-01087,64,66.62,1,0,41.7,2,Two year,Electronic check,South,No,No
NOISY-01088,28,69.67,0,0,31.3,8,Two year,Bank transfer,South,Yes,No
NOISY-01089,20,117.13,3,6,12.4,8,One year,Credit card,Northeast,Yes,No
NOISY-01090,34,145.83,8,0,26.4,3,One year,Credit card,Midwest,No,No
NOISY-01091,38,56.36,0,4,55.9,6,Month-to-month,Electronic check,Northeast,Yes,No
NOISY-01092,39,101.33,1,4,1,4,One year,Credit card,Midwest,No,No
NOISY-01093,8,49.99,0,2,34.0,5,One year,Credit card,West,No,No
NOISY-01094,10,130.87,4,6,26.4,6,Two year,Bank transfer,Northeast,Yes,Yes
NOISY-01095,5,156.44,0,9,28.0,7,Two year,Electronic check,Midwest,No,Yes
NOISY-01096,39,79.4,0,0,13.3,8,Month-to-month,Electronic check,Northeast,Yes,No
NOISY-01097,12,36.19,3,2,13.4,1,One year,Electronic check,Northeast,Yes,Yes
NOISY-01098,18,79.05,7,1,72.8,3,Two year,Bank transfer,Northeast,No,No
NOISY-01099,70,135.33,4,2,44.4,9,One year,Electronic check,South,Yes,No
NOISY-01100,41,25.61,0,6,48.0,2,One year,Bank transfer,Northeast,No,No
NOISY-01101,58,34.73,2,11,35.2,10,One year,Bank transfer,South,Yes,No
NOISY-01102,46,81.78,3,7,17.1,1,One year,Credit card,Northeast,No,No
NOISY-01103,52,117.45,1,0,34.0,6,Month-to-month,Mailed check,West,No,Yes
NOISY-01104,58,125.81,0,0,44.7,1,One year,Credit card,Northeast,No,Yes
NOISY-01105,5,131.01,4,14,1,1,One year,Credit card,Midwest,Yes,No
NOISY-01106,6,147.95,7,3,39.6,9,One year,Electronic check,Northeast,No,Yes
NOISY-01107,62,55.21,6,0,33.7,3,One year,Bank transfer,Northeast,No,No
NOISY-01108,37,63.43,3,0,28.3,9,Month-to-month,Bank transfer,South,Yes,No
NOISY-01109,38,47.0,7,0,50.2,10,Two year,Credit card,South,No,No
NOISY-01110,59,133.0,2,11,28.5,10,Two year,Credit card,Midwest,Yes,No
NOISY-01111,31,134.92,0,9,19.3,4,Month-to-month,Electronic check,West,Yes,No
NOISY-01112,12,49.37,3,2,21.9,3,One year,Mailed check,South,Yes,Yes
NOISY-01113,25,139.08,0,11,35.3,7,Month-to-month,Credit card,South,Yes,No
NOISY-01114,55,136.75,4,0,56.8,1,Month-to-month,Bank transfer,Northeast,Yes,No
NOISY-01115,38,112.09,0,0,28.6,5,Month-to-month,Credit card,Northeast,Yes,Yes
NOISY-01116,63,117.72,6,0,43.5,2,One year,Credit card,South,No,No
NOISY-01117,61,151.47,4,13,24.5,5,Two year,Electronic check,Northeast,No,No
NOISY-01118,50,37.61,6,8,24.0,10,Two year,Mailed check,South,Yes,No
NOISY-01119,47,40.23,8,14,17.6,1,Month-to-month,Credit card,South,Yes,No
NOISY-01120,36,105.65,6,6,39.7,3,One year,Bank transfer,Northeast,Yes,Yes
NOISY-01121,40,118.51,3,2,24.7,5,Month-to-month,Mailed check,Northeast,No,Yes
NOISY-01122,51,33.08,4,7,22.5,10,One year,Bank transfer,Midwest,Yes,No
NOISY-01123,14,55.73,2,3,48.4,8,Two year,Mailed check,South,No,No
NOISY-01124,48,73.08,2,3,38.1,8,Month-to-month,Bank transfer,West,Yes,No
NOISY-01125,31,151.37,2,0,7.9,9,One year,Credit card,South,No,No
NOISY-01126,42,55.76,1,5,55.3,4,Month-to-month,Bank transfer,South,No,Yes
NOISY-01127,40,151.8,0,2,30.7,9,Two year,Mailed check,Northeast,No,No
NOISY-01128,19,143.95,6,0,18.9,9,One year,Credit card,South,No,No
NOISY-01129,44,118.02,1,0,38.7,4,Two year,Credit card,Midwest,No,No
NOISY-01130,5,123.21,3,8,53.9,10,Two year,Mailed check,South,Yes,No
NOISY-01131,38,45.0,2,0,55.9,6,One year,Bank transfer,South,No,No
NOISY-01132,31,134.21,2,2,28.6,9,Month-to-month,Electronic check,South,Yes,Yes
NOISY-01133,27,70.7,1,1,56.7,5,Month-to-month,Bank transfer,Midwest,No,No
NOISY-01134,2,63.09,3,5,28.1,8,Month-to-month,Electronic check,Northeast,No,No
NOISY-01135,10,135.04,0,0,9.0,10,Month-to-month,Credit card,West,No,Yes
NOISY-01136,37,84.48,1,5,83.1,1,One year,Electronic check,South,Yes,No
NOISY-01137,12,93.4,3,0,35.2,8,Two year,Credit card,Northeast,Yes,No
NOISY-01138,42,29.85,3,13,14.1,1,Month-to-month,Bank transfer,South,Yes,Yes
NOISY-01139,65,152.31,4,0,6.8,10,Month-to-month,Electronic check,Midwest,No,No
NOISY-01140,5,44.7,4,4,44.2,7,One year,Mailed check,West,Yes,Yes
NOISY-01141,63,111.49,3,0,52.3,8,Two year,Bank transfer,South,Yes,No
NOISY-01142,48,159.38,6,10,37.2,3,Month-to-month,Credit card,West,Yes,Yes
NOISY-01143,72,135.34,5,0,26.9,8,Month-to-month,Credit card,Midwest,Yes,No
NOISY-01144,48,104.29,5,0,40.6,1,Month-to-month,Credit card,South,No,Yes
NOISY-01145,2,40.83,7,1,10.7,8,Two year,Mailed check,Northeast,Yes,No
NOISY-01146,60,139.87,1,1,51.7,8,Month-to-month,Credit card,South,No,No
NOISY-01147,68,87.82,5,0,42.4,5,One year,Mailed check,West,No,No
NOISY-01148,65,132.24,1,4,13.8,2,Month-to-month,Credit card,West,Yes,No
NOISY-01149,59,51.7,3,6,32.4,8,Two year,Bank transfer,South,Yes,No
NOISY-01150,43,126.85,2,8,24.8,10,Two year,Bank transfer,Midwest,No,No
NOISY-01151,16,128.94,10,3,12.5,10,Month-to-month,Electronic check,South,No,Yes
NOISY-01152,25,66.95,5,0,10.1,1,One year,Bank transfer,South,No,No
NOISY-01153,18,79.44,8,14,38.0,5,Month-to-month,Electronic check,West,Yes,Yes
NOISY-01154,47,122.78,2,6,35.9,3,Month-to-month,Mailed check,South,Yes,No
NOISY-01155,8,80.75,0,3,13.8,10,Two year,Mailed check,South,No,No
NOISY-01156,61,42.04,4,10,18.2,7,One year,Mailed check,West,No,No
NOISY-01157,34,85.54,2,0,38.0,10,Month-to-month,Electronic check,Northeast,No,No
NOISY-01158,44,132.07,5,9,30.8,7,Two year,Electronic check,Northeast,Yes,Yes
NOISY-01159,32,121.16,6,7,31.1,1,Month-to-month,Bank transfer,Northeast,No,Yes
NOISY-01160,15,111.16,1,0,34.3,5,One year,Bank transfer,Northeast,No,No
NOISY-01161,10,90.09,0,0,33.9,1,Month-to-month,Credit card,Midwest,Yes,Yes
NOISY-01162,24,45.55,3,0,1.8,1,Two year,Bank transfer,Northeast,No,No
NOISY-01163,33,131.1,2,9,22.1,4,Two year,Credit card,Northeast,No,Yes
NOISY-01164,45,157.5,5,12,31.7,8,Two year,Electronic check,Midwest,Yes,No
NOISY-01165,33,133.96,0,4,57.6,2,Month-to-month,Electronic check,Midwest,Yes,No
NOISY-01166,33,115.09,5,1,44.6,9,Month-to-month,Credit card,Midwest,Yes,Yes
NOISY-01167,8,85.06,7,4,39.2,4,One year,Electronic check,West,Yes,Yes
NOISY-01168,3,150.88,3,7,20.0,2,Month-to-month,Electronic check,Northeast,Yes,Yes
NOISY-01169,20,40.9,4,0,17.1,7,One year,Credit card,Midwest,No,No
NOISY-01170,12,134.49,0,6,22.7,1,Month-to-month,Credit card,South,No,No
NOISY-01171,66,116.31,2,2,40.8,9,Month-to-month,Electronic check,Northeast,Yes,No
NOISY-01172,13,140.99,4,2,1.3,4,Month-to-month,Electronic check,Northeast,Yes,Yes
NOISY-01173,3,68.81,3,0,1,1,One year,Mailed check,West,No,Yes
NOISY-01174,19,78.66,7,10,45.2,1,One year,Electronic check,Midwest,No,Yes
NOISY-01175,57,93.63,5,0,47.2,6,Month-to-month,Electronic check,South,No,No
NOISY-01176,7,76.56,3,5,9.5,5,Month-to-month,Credit card,West,Yes,Yes
NOISY-01177,59,70.98,6,3,2.2,3,One year,Electronic check,Midwest,No,No
NOISY-01178,13,46.72,0,1,36.5,7,Two year,Electronic check,Northeast,Yes,No
NOISY-01179,42,86.39,4,8,23.9,8,Two year,Credit card,Midwest,Yes,No
NOISY-01180,68,54.25,4,6,30.8,4,One year,Bank transfer,South,Yes,No
NOISY-01181,61,44.39,5,0,55.4,7,Month-to-month,Electronic check,West,Yes,No
NOISY-01182,59,31.28,1,11,42.0,8,One year,Electronic check,Northeast,Yes,No
NOISY-01183,10,36.43,0,5,17.1,1,One year,Electronic check,Midwest,Yes,No
NOISY-01184,68,124.53,0,7,5.8,1,One year,Bank transfer,West,Yes,Yes
NOISY-01185,15,32.42,6,4,27.7,7,Month-to-month,Electronic check,Midwest,Yes,No
NOISY-01186,48,133.4,6,7,57.2,5,Month-to-month,Bank transfer,South,No,No
NOISY-01187,72,138.93,7,8,38.2,3,Two year,Mailed check,West,No,No
NOISY-01188,46,85.45,0,16,50.5,8,Two year,Bank transfer,South,Yes,No
NOISY-01189,28,86.05,2,10,45.6,2,Month-to-month,Bank transfer,Midwest,No,Yes
NOISY-01190,43,95.02,10,0,56.1,10,One year,Bank transfer,West,Yes,No
NOISY-01191,7,156.35,0,0,21.8,4,One year,Credit card,Northeast,Yes,Yes
NOISY-01192,72,101.87,0,2,51.4,10,Month-to-month,Bank transfer,South,No,No
NOISY-01193,43,44.93,0,2,58.5,6,One year,Electronic check,Northeast,Yes,No
NOISY-01194,71,31.05,0,5,30.1,8,One year,Bank transfer,Midwest,No,No
NOISY-01195,67,136.97,4,0,1,2,Month-to-month,Bank transfer,Northeast,Yes,No
NOISY-01196,7,32.22,7,3,27.7,10,Month-to-month,Mailed check,Midwest,No,No
NOISY-01197,8,80.85,0,16,23.6,6,Month-to-month,Credit card,Northeast,No,No
NOISY-01198,20,92.78,5,0,13.1,7,One year,Credit card,South,No,No
NOISY-01199,36,148.9,4,0,14.3,5,One year,Electronic check,West,Yes,Yes
NOISY-01200,69,142.82,0,0,1,8,One year,Electronic check,Northeast,No,No
NOISY-01201,2,148.01,4,1,55.2,4,Two year,Mailed check,Northeast,Yes,No
NOISY-01202,3,39.09,6,0,7.0,4,Two year,Mailed check,Midwest,No,No
NOISY-01203,49,154.53,4,4,34.9,9,Month-to-month,Electronic check,West,Yes,Yes
NOISY-01204,17,146.24,4,0,35.9,1,One year,Mailed check,West,Yes,Yes
NOISY-01205,49,136.31,0,1,31.0,8,Two year,Electronic check,Northeast,No,No
NOISY-01206,53,139.7,0,0,38.7,10,Two year,Electronic check,Northeast,No,No
NOISY-01207,2,71.6,0,1,43.3,1,Two year,Credit card,West,Yes,No
NOISY-01208,57,57.37,4,8,53.6,1,Two year,Mailed check,South,No,No
NOISY-01209,70,131.38,5,2,18.7,5,Month-to-month,Credit card,West,Yes,No
NOISY-01210,3,91.69,1,0,1,7,Month-to-month,Bank transfer,West,Yes,No
NOISY-01211,26,59.81,6,12,30.9,5,Month-to-month,Credit card,Northeast,Yes,Yes
NOISY-01212,48,89.41,0,0,21.3,3,One year,Mailed check,South,Yes,No
NOISY-01213,47,37.94,6,3,52.3,5,Two year,Mailed check,West,No,No
NOISY-01214,39,125.0,2,0,56.1,10,Month-to-month,Electronic check,South,Yes,No
NOISY-01215,66,80.66,4,0,53.4,5,Two year,Electronic check,Northeast,Yes,No
NOISY-01216,63,52.71,4,0,33.0,3,Two year,Electronic check,West,No,No
NOISY-01217,17,141.43,5,4,61.9,4,Two year,Electronic check,West,No,No
NOISY-01218,60,125.89,1,10,12.9,9,Two year,Mailed check,Midwest,Yes,No
NOISY-01219,69,125.74,0,0,44.7,8,Two year,Credit card,Northeast,Yes,No
NOISY-01220,55,140.25,0,3,22.8,4,Two year,Electronic check,Midwest,No,No
NOISY-01221,47,145.23,3,3,49.6,1,Two year,Electronic check,Midwest,No,No
NOISY-01222,33,114.69,4,5,54.6,5,Two year,Mailed check,Midwest,Yes,No
NOISY-01223,35,39.2,11,8,78.0,5,Two year,Bank transfer,West,No,Yes
NOISY-01224,14,99.89,1,5,34.2,8,Month-to-month,Electronic check,Midwest,Yes,No
NOISY-01225,66,69.22,1,4,73.2,10,One year,Mailed check,Midwest,Yes,No
NOISY-01226,66,66.19,2,0,48.9,3,Two year,Bank transfer,South,Yes,No
NOISY-01227,23,95.31,5,7,27.5,6,One year,Electronic check,Northeast,No,No
NOISY-01228,53,41.34,6,0,27.7,7,One year,Bank transfer,West,Yes,No
NOISY-01229,57,121.96,3,0,24.7,10,Month-to-month,Electronic check,West,No,No
NOISY-01230,27,101.44,6,7,13.2,7,Month-to-month,Electronic check,South,Yes,No
NOISY-01231,33,98.42,4,4,51.0,4,Two year,Bank transfer,South,Yes,No
NOISY-01232,3,159.18,5,9,13.7,8,Two year,Electronic check,West,No,Yes
NOISY-01233,31,68.39,4,3,29.7,5,One year,Electronic check,Northeast,No,No
NOISY-01234,18,67.41,5,8,29.5,9,Month-to-month,Credit card,Midwest,Yes,No
NOISY-01235,38,90.92,5,3,20.5,4,Month-to-month,Credit card,Midwest,Yes,Yes
NOISY-01236,10,80.93,3,13,28.8,5,One year,Credit card,West,No,No
NOISY-01237,49,103.8,0,0,40.1,7,Month-to-month,Electronic check,Midwest,Yes,No
NOISY-01238,66,53.01,2,0,65.4,3,Month-to-month,Electronic check,Northeast,No,No
NOISY-01239,44,79.36,1,2,36.9,4,One year,Bank transfer,Midwest,No,No
NOISY-01240,12,40.96,4,1,16.7,2,Two year,Mailed check,Northeast,Yes,No
NOISY-01241,12,122.0,2,1,14.2,3,One year,Mailed check,West,No,No
NOISY-01242,28,108.09,0,0,44.4,6,Month-to-month,Credit card,West,No,No
NOISY-01243,33,48.41,0,8,52.6,10,Two year,Credit card,Northeast,No,No
NOISY-01244,21,151.43,0,7,1,5,Month-to-month,Bank transfer,South,Yes,Yes
NOISY-01245,65,159.34,2,0,14.7,3,One year,Bank transfer,West,Yes,No
NOISY-01246,67,105.27,0,0,23.0,2,One year,Credit card,Midwest,No,No
NOISY-01247,31,107.14,4,0,25.1,9,Month-to-month,Bank transfer,West,No,Yes
NOISY-01248,57,75.25,1,0,25.9,10,Month-to-month,Mailed check,Northeast,Yes,No
NOISY-01249,68,33.14,7,5,40.7,4,Two year,Credit card,Midwest,Yes,No
NOISY-01250,30,65.35,7,0,87.2,9,One year,Bank transfer,West,Yes,No
NOISY-01251,43,115.77,1,4,3.9,7,Two year,Credit card,West,No,No
NOISY-01252,41,68.04,5,5,19.8,2,One year,Mailed check,South,Yes,No
NOISY-01253,11,141.83,0,8,34.2,1,One year,Electronic check,Midwest,Yes,Yes
NOISY-01254,32,148.12,3,7,20.5,9,Two year,Credit card,West,No,No
NOISY-01255,4,27.6,2,1,46.8,5,Month-to-month,Credit card,Midwest,Yes,Yes
NOISY-01256,30,30.98,2,11,39.8,9,Two year,Mailed check,West,Yes,No
NOISY-01257,19,80.32,0,0,23.5,8,Month-to-month,Electronic check,Midwest,Yes,No
NOISY-01258,8,137.56,0,6,1,8,One year,Mailed check,South,Yes,No
NOISY-01259,59,113.42,8,9,37.9,5,Month-to-month,Credit card,West,No,Yes
NOISY-01260,9,54.32,0,3,32.1,4,One year,Electronic check,Northeast,No,No
NOISY-01261,64,136.48,1,0,20.8,7,Two year,Electronic check,Northeast,Yes,No
NOISY-01262,13,128.19,6,14,5.6,9,Two year,Electronic check,Midwest,Yes,Yes
NOISY-01263,4,157.93,2,7,23.5,3,Two year,Credit card,West,Yes,Yes
NOISY-01264,7,121.11,5,7,27.8,6,One year,Bank transfer,Northeast,No,Yes
NOISY-01265,29,32.0,6,0,32.5,3,Month-to-month,Mailed check,Midwest,No,Yes
NOISY-01266,10,50.53,1,8,20.9,4,Two year,Electronic check,Midwest,Yes,No
NOISY-01267,42,152.14,6,6,38.2,4,Two year,Electronic check,South,No,Yes
NOISY-01268,56,123.62,7,2,6.5,10,One year,Electronic check,South,Yes,No
NOISY-01269,30,27.65,1,7,18.9,8,Month-to-month,Electronic check,South,No,No
NOISY-01270,64,152.0,0,0,16.6,6,Month-to-month,Electronic check,West,Yes,No
NOISY-01271,4,66.6,0,3,48.6,5,Two year,Electronic check,Midwest,No,Yes
NOISY-01272,70,42.9,3,0,47.6,5,Two year,Credit card,West,Yes,No
NOISY-01273,35,112.56,5,5,55.3,3,One year,Mailed check,Northeast,Yes,No
NOISY-01274,42,102.41,1,2,42.1,2,Month-to-month,Credit card,South,No,No
NOISY-01275,31,108.45,1,7,34.1,5,One year,Mailed check,South,No,No
NOISY-01276,39,123.12,3,10,1,8,One year,Mailed check,West,Yes,No
NOISY-01277,69,103.58,0,2,24.9,6,One year,Credit card,West,Yes,No
NOISY-01278,23,51.25,3,0,40.3,10,Month-to-month,Credit card,South,No,No
NOISY-01279,29,150.29,4,5,6.5,8,Two year,Electronic check,Northeast,No,No
NOISY-01280,24,57.27,0,13,47.2,9,Month-to-month,Mailed check,South,No,No
NOISY-01281,52,77.53,2,0,34.5,4,Month-to-month,Mailed check,Midwest,Yes,No
NOISY-01282,57,30.0,2,0,50.0,8,One year,Credit card,Midwest,No,No
NOISY-01283,11,94.27,4,0,29.8,4,Month-to-month,Electronic check,West,Yes,No
NOISY-01284,53,72.83,3,4,21.7,5,One year,Credit card,South,Yes,No
NOISY-01285,43,61.79,2,4,22.8,3,One year,Mailed check,Midwest,No,No
NOISY-01286,67,134.35,0,5,17.6,7,Two year,Mailed check,West,Yes,No
NOISY-01287,21,50.31,7,4,30.1,7,Month-to-month,Electronic check,West,Yes,Yes
NOISY-01288,66,121.72,0,2,30.2,10,One year,Mailed check,West,Yes,No
NOISY-01289,53,65.84,6,2,66.2,8,One year,Electronic check,Northeast,No,No
NOISY-01290,65,29.41,3,0,51.1,6,Month-to-month,Electronic check,Northeast,Yes,No
NOISY-01291,19,62.66,3,7,22.1,6,Two year,Mailed check,Northeast,No,No
NOISY-01292,66,37.15,2,2,19.1,10,Two year,Electronic check,Northeast,Yes,No
NOISY-01293,27,81.0,2,1,24.6,1,Month-to-month,Electronic check,West,Yes,Yes
NOISY-01294,1,128.47,4,1,1,4,Month-to-month,Bank transfer,Northeast,No,Yes
NOISY-01295,6,143.31,7,7,25.2,7,One year,Credit card,Northeast,No,Yes
NOISY-01296,50,128.56,8,3,57.2,9,One year,Mailed check,West,Yes,No
NOISY-01297,41,158.01,3,1,1.9,2,Month-to-month,Mailed check,West,Yes,Yes
NOISY-01298,35,62.56,1,0,44.8,2,Two year,Electronic check,Midwest,Yes,No
NOISY-01299,60,107.71,6,6,56.4,1,Month-to-month,Credit card,Northeast,Yes,Yes
NOISY-01300,15,96.11,6,6,17.6,6,One year,Credit card,West,No,No
NOISY-01301,65,137.2,7,9,23.1,8,Two year,Bank transfer,South,No,No
NOISY-01302,64,149.8,0,3,25.0,6,Two year,Credit card,West,Yes,No
NOISY-01303,37,103.55,3,0,52.0,4,One year,Credit card,West,No,No
NOISY-01304,34,45.6,2,4,56.1,5,One year,Mailed check,South,Yes,No
NOISY-01305,38,51.38,0,6,22.9,6,Two year,Bank transfer,West,Yes,No
NOISY-01306,1,73.08,2,2,19.9,4,One year,Bank transfer,Northeast,Yes,No
NOISY-01307,21,152.68,1,5,68.1,7,One year,Bank transfer,Midwest,No,No
NOISY-01308,41,80.05,0,0,23.9,7,One year,Credit card,Northeast,Yes,No
NOISY-01309,69,43.1,3,0,61.4,3,Month-to-month,Credit card,Northeast,Yes,No
NOISY-01310,23,81.67,3,4,35.9,8,Month-to-month,Bank transfer,South,No,No
NOISY-01311,54,87.26,0,1,44.5,9,Two year,Electronic check,South,Yes,No
NOISY-01312,60,97.43,3,0,54.1,1,Month-to-month,Mailed check,Midwest,Yes,Yes
NOISY-01313,20,88.96,2,0,39.1,1,Month-to-month,Mailed check,West,Yes,Yes
NOISY-01314,38,110.67,6,8,10.2,4,One year,Mailed check,South,Yes,Yes
NOISY-01315,53,65.89,0,7,8.4,9,Month-to-month,Credit card,Midwest,Yes,No
NOISY-01316,42,130.92,6,8,44.0,6,One year,Electronic check,South,No,No
NOISY-01317,6,86.99,0,10,29.7,9,Month-to-month,Mailed check,West,No,No
NOISY-01318,48,128.77,0,6,7.9,8,Month-to-month,Credit card,West,Yes,Yes
NOISY-01319,59,90.56,0,2,35.7,10,Month-to-month,Bank transfer,South,Yes,No
NOISY-01320,21,95.71,3,0,7.8,5,Two year,Bank transfer,West,No,No
NOISY-01321,42,114.1,2,0,30.1,8,Month-to-month,Mailed check,South,Yes,Yes
NOISY-01322,64,48.78,3,0,51.8,7,Month-to-month,Mailed check,Midwest,No,No
NOISY-01323,67,149.58,6,1,26.7,8,Two year,Electronic check,Midwest,Yes,No
NOISY-01324,64,34.61,1,2,40.8,8,Month-to-month,Bank transfer,Northeast,Yes,No
NOISY-01325,15,146.89,6,5,39.3,1,Two year,Credit card,South,Yes,Yes
NOISY-01326,70,151.56,7,4,18.0,10,Month-to-month,Mailed check,South,Yes,No
NOISY-01327,26,136.74,4,0,25.6,6,One year,Electronic check,South,No,No
NOISY-01328,14,106.42,1,2,29.3,3,Month-to-month,Bank transfer,South,Yes,Yes
NOISY-01329,63,132.65,3,0,18.6,8,Two year,Mailed check,South,No,No
NOISY-01330,12,129.77,1,0,10.9,2,Two year,Electronic check,South,Yes,Yes
NOISY-01331,16,30.09,5,1,30.1,8,Month-to-month,Mailed check,Midwest,No,No
NOISY-01332,43,35.96,5,8,1.5,4,Month-to-month,Mailed check,South,No,No
NOISY-01333,13,75.73,0,12,53.0,4,Month-to-month,Credit card,Midwest,No,No
NOISY-01334,38,140.51,9,0,15.9,2,Two year,Credit card,Midwest,No,No
NOISY-01335,6,67.48,3,2,1,4,Month-to-month,Credit card,West,Yes,Yes
NOISY-01336,21,66.93,4,8,1,5,Two year,Electronic check,South,Yes,No
NOISY-01337,23,103.87,9,3,47.5,7,One year,Bank transfer,Midwest,No,No
NOISY-01338,49,57.66,0,0,42.1,2,Month-to-month,Electronic check,Northeast,Yes,No
NOISY-01339,53,30.97,5,8,17.5,2,Month-to-month,Bank transfer,South,No,Yes
NOISY-01340,66,118.23,8,5,2.1,6,Month-to-month,Credit card,West,Yes,No
NOISY-01341,35,111.43,4,2,30.2,7,Month-to-month,Mailed check,South,Yes,No
NOISY-01342,54,80.23,2,1,19.2,3,Two year,Mailed check,West,Yes,Yes
NOISY-01343,38,102.5,1,0,57.3,7,One year,Credit card,South,Yes,No
NOISY-01344,33,122.82,4,0,1,9,One year,Electronic check,Northeast,Yes,No
NOISY-01345,9,34.57,6,14,16.6,5,One year,Electronic check,West,Yes,Yes
NOISY-01346,32,59.89,3,6,40.2,7,Month-to-month,Electronic check,Midwest,Yes,Yes
NOISY-01347,61,59.44,2,3,25.0,8,One year,Mailed check,South,No,No
NOISY-01348,39,77.72,3,9,31.6,1,Two year,Electronic check,South,Yes,No
NOISY-01349,62,78.39,3,6,63.0,10,One year,Credit card,Northeast,No,No
NOISY-01350,11,116.68,1,15,42.5,2,Two year,Credit card,Northeast,No,No
NOISY-01351,6,93.39,1,0,4.1,3,One year,Mailed check,Northeast,Yes,Yes
NOISY-01352,32,33.52,5,1,16.4,1,Month-to-month,Electronic check,Northeast,No,Yes
NOISY-01353,33,113.45,4,3,18.3,5,One year,Credit card,Midwest,Yes,Yes
NOISY-01354,25,100.56,2,2,53.3,4,Month-to-month,Bank transfer,Midwest,No,Yes
NOISY-01355,60,112.8,0,0,25.6,10,Month-to-month,Credit card,Northeast,No,No
NOISY-01356,70,63.89,5,3,16.3,1,One year,Mailed check,Midwest,Yes,No
NOISY-01357,46,34.83,6,1,31.3,2,Month-to-month,Bank transfer,West,Yes,No
NOISY-01358,43,99.04,0,18,27.7,2,Two year,Electronic check,Midwest,No,No
NOISY-01359,33,56.66,2,0,31.5,10,Month-to-month,Mailed check,Midwest,No,No
NOISY-01360,20,127.7,0,2,1.9,7,Month-to-month,Mailed check,West,No,No
NOISY-01361,44,149.76,6,0,1,8,One year,Bank transfer,Northeast,Yes,Yes
NOISY-01362,67,98.11,5,0,23.5,2,One year,Mailed check,Northeast,No,No
NOISY-01363,4,104.08,1,7,47.1,9,Month-to-month,Credit card,South,Yes,No
NOISY-01364,4,45.25,0,1,1,5,One year,Bank transfer,West,Yes,No
NOISY-01365,6,117.52,7,0,66.6,6,Two year,Credit card,West,No,No
NOISY-01366,42,78.33,9,6,31.8,8,Month-to-month,Credit card,Northeast,Yes,Yes
NOISY-01367,28,81.01,1,5,27.8,2,Two year,Electronic check,West,No,No
NOISY-01368,64,99.69,0,4,48.6,4,One year,Mailed check,South,Yes,No
NOISY-01369,28,147.62,2,6,56.9,6,One year,Credit card,Midwest,Yes,No
NOISY-01370,30,65.12,0,0,1,9,Month-to-month,Electronic check,Northeast,Yes,No
NOISY-01371,12,41.02,6,2,38.7,2,One year,Electronic check,West,Yes,Yes
NOISY-01372,21,71.14,2,5,22.4,6,Two year,Electronic check,Northeast,No,No
NOISY-01373,41,54.11,8,0,38.1,6,One year,Bank transfer,South,Yes,No
NOISY-01374,68,99.76,1,17,23.6,4,Month-to-month,Bank transfer,West,Yes,No
NOISY-01375,16,158.44,7,1,29.3,7,Month-to-month,Electronic check,South,Yes,Yes
NOISY-01376,65,131.01,0,0,41.9,1,Month-to-month,Mailed check,Midwest,Yes,Yes
NOISY-01377,68,57.17,1,0,16.3,6,Two year,Mailed check,South,Yes,No
NOISY-01378,36,84.91,0,10,20.4,1,Month-to-month,Mailed check,West,Yes,Yes
NOISY-01379,45,90.32,2,3,15.5,8,Month-to-month,Electronic check,South,Yes,No
NOISY-01380,62,129.31,0,5,34.0,8,One year,Electronic check,West,Yes,No
NOISY-01381,50,63.03,4,4,19.8,5,Month-to-month,Credit card,South,Yes,No
NOISY-01382,64,147.71,3,9,55.8,6,Two year,Mailed check,West,No,No
NOISY-01383,8,51.54,2,8,28.5,7,One year,Credit card,Midwest,Yes,No
NOISY-01384,51,95.94,5,3,26.6,4,One year,Electronic check,Midwest,Yes,No
NOISY-01385,72,28.58,3,0,24.3,6,One year,Bank transfer,Northeast,Yes,No
NOISY-01386,67,114.25,0,5,69.1,7,One year,Bank transfer,Midwest,Yes,No
NOISY-01387,10,146.38,4,0,58.6,1,One year,Electronic check,West,No,Yes
NOISY-01388,37,30.03,6,0,16.3,4,One year,Credit card,South,No,No
NOISY-01389,46,123.51,5,7,13.3,7,One year,Electronic check,Northeast,Yes,No
NOISY-01390,26,103.87,6,4,51.5,10,One year,Credit card,Northeast,No,No
NOISY-01391,29,52.47,3,7,11.3,8,Two year,Mailed check,South,No,No
NOISY-01392,14,99.94,0,1,69.7,8,Two year,Mailed check,West,No,No
NOISY-01393,22,53.48,5,6,57.0,2,Two year,Bank transfer,South,No,No
NOISY-01394,12,58.87,4,8,6.8,4,One year,Bank transfer,Northeast,Yes,Yes
NOISY-01395,65,110.11,0,10,10.8,3,One year,Mailed check,Midwest,Yes,No
NOISY-01396,26,40.74,1,0,10.9,9,Two year,Credit card,South,Yes,No
NOISY-01397,46,65.51,3,12,32.1,4,One year,Bank transfer,Northeast,Yes,Yes
NOISY-01398,43,54.73,2,0,53.1,7,Month-to-month,Credit card,South,No,Yes
NOISY-01399,49,62.78,5,9,47.3,8,One year,Electronic check,Northeast,No,No
NOISY-01400,47,100.84,4,4,34.3,7,Month-to-month,Mailed check,Northeast,Yes,No
NOISY-01401,54,148.06,2,9,52.2,5,One year,Credit card,West,No,No
NOISY-01402,63,106.95,2,0,35.2,6,Two year,Credit card,Northeast,No,No
NOISY-01403,21,137.16,0,11,20.5,2,Two year,Bank transfer,Midwest,No,No
NOISY-01404,8,131.03,5,0,44.8,10,Month-to-month,Electronic check,West,No,Yes
NOISY-01405,6,119.45,6,3,20.2,9,One year,Electronic check,West,No,No
NOISY-01406,70,115.54,0,3,28.0,1,One year,Credit card,Northeast,Yes,No
NOISY-01407,45,115.81,1,11,44.5,7,Two year,Bank transfer,Midwest,Yes,No
NOISY-01408,60,44.51,5,0,3.4,3,Month-to-month,Mailed check,Northeast,Yes,No
NOISY-01409,16,33.47,2,9,26.9,8,Month-to-month,Credit card,South,No,No
NOISY-01410,71,56.85,0,5,43.6,4,One year,Mailed check,Midwest,Yes,No
NOISY-01411,32,133.28,5,5,14.1,8,One year,Mailed check,South,Yes,No
NOISY-01412,30,78.68,0,0,16.7,3,Two year,Bank transfer,Northeast,Yes,No
NOISY-01413,19,139.74,2,1,24.8,6,Month-to-month,Credit card,Northeast,No,Yes
NOISY-01414,56,29.91,3,10,85.4,4,Two year,Bank transfer,Midwest,Yes,No
NOISY-01415,11,53.07,0,0,10.2,10,One year,Bank transfer,Midwest,Yes,No
NOISY-01416,58,75.17,7,6,65.4,7,Two year,Electronic check,Midwest,Yes,No
NOISY-01417,2,96.0,3,9,1,5,Two year,Mailed check,Northeast,No,No
NOISY-01418,3,98.71,1,1,62.8,9,One year,Credit card,Northeast,No,No
NOISY-01419,18,93.51,0,3,52.4,9,Two year,Credit card,West,No,No
NOISY-01420,24,114.72,0,0,38.4,9,Month-to-month,Bank transfer,West,No,No
NOISY-01421,37,25.53,8,9,32.6,1,Two year,Credit card,Northeast,No,No
NOISY-01422,35,150.13,0,9,4.0,10,One year,Mailed check,West,No,No
NOISY-01423,63,38.13,5,2,27.2,7,Month-to-month,Mailed check,West,No,No
NOISY-01424,29,129.21,3,0,52.1,1,One year,Bank transfer,Midwest,No,Yes
NOISY-01425,30,153.74,3,2,22.8,4,Two year,Credit card,Midwest,Yes,No
NOISY-01426,14,28.65,5,0,78.4,4,Two year,Mailed check,South,Yes,No
NOISY-01427,41,85.74,5,3,29.0,4,Month-to-month,Mailed check,Midwest,No,No
NOISY-01428,6,149.22,5,5,24.2,9,One year,Electronic check,Northeast,No,No
NOISY-01429,46,65.29,3,0,57.4,1,Month-to-month,Mailed check,Northeast,No,Yes
NOISY-01430,42,64.78,2,9,12.3,9,One year,Credit card,Midwest,No,No
NOISY-01431,3,147.4,4,7,37.4,10,One year,Bank transfer,Northeast,Yes,No
NOISY-01432,58,138.16,8,0,39.9,10,One year,Electronic check,South,Yes,No
NOISY-01433,55,96.91,3,2,62.0,4,Two year,Mailed check,South,Yes,No
NOISY-01434,53,107.74,8,0,44.7,10,Month-to-month,Electronic check,South,No,No
NOISY-01435,21,40.13,3,0,35.1,7,One year,Credit card,Midwest,Yes,No
NOISY-01436,21,96.18,2,6,1.3,9,One year,Credit card,South,Yes,No
NOISY-01437,26,61.26,0,0,12.7,3,Two year,Mailed check,Northeast,No,No
NOISY-01438,52,111.14,0,9,1,4,Month-to-month,Credit card,Northeast,No,Yes
NOISY-01439,2,142.21,6,0,42.3,1,Two year,Bank transfer,Northeast,Yes,No
NOISY-01440,17,148.54,6,14,20.2,3,One year,Credit card,Northeast,No,Yes
NOISY-01441,60,25.67,1,5,14.1,8,One year,Electronic check,South,Yes,No
NOISY-01442,57,144.88,0,9,34.6,2,One year,Electronic check,Midwest,No,Yes
NOISY-01443,46,44.61,5,4,28.3,10,One year,Credit card,Northeast,No,No
NOISY-01444,30,53.76,0,2,114.2,6,Two year,Bank transfer,Midwest,No,No
NOISY-01445,12,33.79,3,0,37.3,7,Two year,Mailed check,Midwest,Yes,No
NOISY-01446,72,65.34,0,10,42.9,7,Month-to-month,Mailed check,Midwest,Yes,No
NOISY-01447,9,37.4,8,0,53.2,1,One year,Bank transfer,South,No,Yes
NOISY-01448,19,113.29,7,0,25.5,3,Two year,Bank transfer,South,No,No
NOISY-01449,16,127.76,0,2,1,1,One year,Bank transfer,Midwest,Yes,No
NOISY-01450,53,93.3,5,0,32.5,1,Two year,Electronic check,West,No,No
NOISY-01451,12,110.04,0,3,26.2,2,Two year,Credit card,Northeast,Yes,Yes
NOISY-01452,10,81.48,2,11,60.8,2,Two year,Electronic check,West,No,No
NOISY-01453,34,142.2,10,0,32.6,10,Two year,Mailed check,Northeast,Yes,No
NOISY-01454,22,68.58,3,3,25.9,5,One year,Bank transfer,South,No,No
NOISY-01455,11,108.66,2,10,21.7,8,One year,Credit card,Northeast,No,No
NOISY-01456,40,105.08,0,2,25.6,5,Two year,Mailed check,West,No,No
NOISY-01457,48,47.95,8,8,25.7,3,Two year,Electronic check,Midwest,No,No
NOISY-01458,10,112.5,0,2,13.1,9,Month-to-month,Bank transfer,West,Yes,No
NOISY-01459,59,80.16,0,10,40.0,3,Two year,Mailed check,West,No,No
NOISY-01460,29,73.16,12,4,51.3,7,Two year,Electronic check,Northeast,Yes,Yes
NOISY-01461,21,47.81,5,10,7.0,6,Month-to-month,Electronic check,Northeast,Yes,No
NOISY-01462,14,91.5,2,2,14.2,2,Month-to-month,Bank transfer,Northeast,Yes,Yes
NOISY-01463,53,140.15,0,8,10.3,6,Month-to-month,Credit card,Midwest,No,Yes
NOISY-01464,40,100.11,2,5,2.4,10,Two year,Credit card,West,Yes,No
NOISY-01465,54,151.19,1,1,25.2,9,One year,Mailed check,South,No,No
NOISY-01466,64,136.56,0,3,38.1,2,Two year,Bank transfer,Midwest,Yes,No
NOISY-01467,23,63.4,0,12,39.1,1,One year,Bank transfer,Northeast,Yes,No
NOISY-01468,46,128.94,0,1,46.8,1,Two year,Bank transfer,South,Yes,No
NOISY-01469,59,113.47,0,9,32.5,5,Two year,Credit card,Northeast,No,No
NOISY-01470,58,135.9,1,2,61.8,7,One year,Bank transfer,West,No,No
NOISY-01471,45,68.25,3,3,34.6,10,Two year,Bank transfer,West,No,No
NOISY-01472,40,106.2,3,2,10.0,4,Two year,Bank transfer,Northeast,Yes,No
NOISY-01473,71,87.04,2,1,18.2,7,Month-to-month,Electronic check,Midwest,No,No
NOISY-01474,13,51.83,2,0,33.1,6,One year,Electronic check,West,Yes,No
NOISY-01475,46,128.93,1,0,60.2,6,Two year,Bank transfer,Northeast,No,No
NOISY-01476,17,114.54,3,8,38.0,9,Two year,Electronic check,West,Yes,No
NOISY-01477,27,117.97,5,6,18.0,4,Two year,Mailed check,West,No,No
NOISY-01478,15,119.55,3,1,27.8,3,Two year,Mailed check,West,Yes,No
NOISY-01479,56,122.06,5,0,50.1,6,Month-to-month,Electronic check,Midwest,No,No
NOISY-01480,48,60.52,1,0,42.2,5,Two year,Credit card,Midwest,Yes,No
NOISY-01481,5,28.56,0,0,27.0,2,Two year,Mailed check,South,Yes,No
NOISY-01482,66,42.5,1,6,41.1,5,Two year,Mailed check,West,No,No
NOISY-01483,40,89.72,8,0,24.2,1,Month-to-month,Electronic check,South,No,Yes
NOISY-01484,39,120.81,1,2,15.4,6,One year,Credit card,West,Yes,No
NOISY-01485,48,81.41,5,0,36.9,1,Month-to-month,Bank transfer,Midwest,No,Yes
NOISY-01486,41,145.25,4,11,32.2,2,One year,Bank transfer,South,Yes,Yes
NOISY-01487,19,99.44,5,6,1,7,Month-to-month,Bank transfer,South,Yes,No
NOISY-01488,13,127.75,7,0,26.3,2,One year,Electronic check,Northeast,No,Yes
NOISY-01489,61,98.65,0,4,36.5,1,Two year,Electronic check,West,No,No
NOISY-01490,15,140.39,2,3,55.0,1,Two year,Mailed check,West,Yes,Yes
NOISY-01491,1,25.92,4,0,32.5,8,One year,Bank transfer,West,No,No
NOISY-01492,15,45.2,4,5,1,3,One year,Credit card,West,No,No
NOISY-01493,66,102.2,4,9,28.1,3,One year,Mailed check,South,No,No
NOISY-01494,18,29.46,7,0,58.8,3,One year,Mailed check,Northeast,No,No
NOISY-01495,16,38.25,1,10,34.9,8,One year,Mailed check,Midwest,No,No
NOISY-01496,64,56.82,3,0,25.5,8,One year,Mailed check,South,No,No
NOISY-01497,15,60.63,0,2,71.7,8,Month-to-month,Mailed check,South,No,No
NOISY-01498,13,98.42,5,0,64.5,3,Month-to-month,Electronic check,Northeast,No,Yes
NOISY-01499,57,60.3,1,6,29.8,5,One year,Bank transfer,West,No,Yes
NOISY-01500,12,106.93,0,5,52.2,10,One year,Bank transfer,Northeast,Yes,No
NOISY-01501,8,124.98,0,1,49.9,6,Two year,Bank transfer,Midwest,Yes,No
NOISY-01502,57,153.26,1,8,25.2,6,Two year,Credit card,South,Yes,No
NOISY-01503,6,141.42,2,0,32.2,6,Two year,Electronic check,Northeast,Yes,No
NOISY-01504,4,40.83,3,6,20.4,2,Month-to-month,Mailed check,Northeast,No,Yes
NOISY-01505,38,112.75,0,2,8.4,3,Month-to-month,Mailed check,Northeast,Yes,Yes
NOISY-01506,27,76.5,3,4,28.9,2,Month-to-month,Bank transfer,West,No,Yes
NOISY-01507,52,95.12,0,9,22.1,7,One year,Bank transfer,West,Yes,No
NOISY-01508,54,152.09,3,0,34.0,2,One year,Bank transfer,South,Yes,No
NOISY-01509,23,117.16,4,1,22.1,2,Month-to-month,Bank transfer,South,No,Yes
NOISY-01510,9,158.26,2,3,30.4,6,Month-to-month,Credit card,Midwest,Yes,Yes
NOISY-01511,8,123.75,3,8,21.8,6,One year,Credit card,West,No,Yes
NOISY-01512,14,130.94,5,0,19.6,2,One year,Mailed check,West,Yes,No
NOISY-01513,71,119.99,5,4,10.0,10,One year,Credit card,South,No,No
NOISY-01514,12,82.08,2,2,37.2,3,One year,Mailed check,West,No,Yes
NOISY-01515,66,73.31,0,0,38.5,2,One year,Credit card,South,No,No
NOISY-01516,61,128.86,4,4,22.4,9,Two year,Bank transfer,West,No,No
NOISY-01517,67,139.25,0,5,3.7,9,One year,Mailed check,Northeast,No,No
NOISY-01518,34,42.47,3,9,33.8,9,Month-to-month,Credit card,Northeast,No,No
NOISY-01519,24,142.57,3,0,28.5,3,One year,Credit card,Northeast,No,No
NOISY-01520,43,28.39,2,4,4.0,5,One year,Mailed check,West,Yes,No
NOISY-01521,72,100.19,0,7,49.3,5,Month-to-month,Electronic check,Midwest,Yes,No
NOISY-01522,36,27.84,2,5,45.7,6,One year,Bank transfer,Northeast,Yes,No
NOISY-01523,10,116.79,3,7,43.7,4,Month-to-month,Bank transfer,South,Yes,Yes
NOISY-01524,20,114.75,4,0,14.4,6,Month-to-month,Bank transfer,Northeast,No,No
NOISY-01525,33,80.87,0,0,33.6,3,One year,Electronic check,South,Yes,No
NOISY-01526,17,135.77,0,5,66.7,9,Two year,Mailed check,Midwest,Yes,No
NOISY-01527,15,43.16,3,3,18.1,6,Two year,Mailed check,Northeast,No,No
NOISY-01528,68,28.16,5,4,21.0,4,Two year,Bank transfer,West,No,No
NOISY-01529,36,57.43,6,1,20.6,1,Two year,Mailed check,West,Yes,No
NOISY-01530,48,28.76,3,0,23.1,9,One year,Bank transfer,West,No,No
NOISY-01531,12,67.29,3,8,48.6,3,Two year,Electronic check,West,Yes,No
NOISY-01532,21,61.45,0,15,22.0,2,One year,Mailed check,West,Yes,No
NOISY-01533,58,84.19,3,0,36.2,1,Two year,Bank transfer,Midwest,No,No
NOISY-01534,31,127.84,4,6,10.4,1,Month-to-month,Credit card,Midwest,Yes,Yes
NOISY-01535,71,59.6,3,0,40.3,10,One year,Mailed check,Northeast,Yes,No
NOISY-01536,15,150.49,6,0,42.0,10,Two year,Mailed check,Northeast,Yes,No
NOISY-01537,11,85.4,0,6,24.1,4,One year,Electronic check,Midwest,Yes,No
NOISY-01538,36,155.31,4,10,16.8,7,Two year,Credit card,Northeast,Yes,No
NOISY-01539,14,72.07,1,10,56.7,10,Month-to-month,Mailed check,Northeast,Yes,No
NOISY-01540,37,51.02,0,11,51.3,7,Two year,Bank transfer,South,No,No
NOISY-01541,41,25.96,3,6,46.6,9,One year,Bank transfer,West,Yes,No
NOISY-01542,38,130.55,3,0,1,10,One year,Electronic check,Midwest,No,No
NOISY-01543,53,71.06,0,3,42.6,6,Two year,Mailed check,South,Yes,No
NOISY-01544,14,129.81,4,9,44.7,5,One year,Electronic check,South,Yes,No
NOISY-01545,17,149.92,3,4,36.8,7,Month-to-month,Credit card,West,Yes,No
NOISY-01546,15,98.68,3,0,73.0,1,Two year,Credit card,West,Yes,Yes
NOISY-01547,70,78.07,0,5,33.7,10,Month-to-month,Credit card,West,No,No
NOISY-01548,32,48.8,4,4,17.5,9,Month-to-month,Mailed check,Northeast,Yes,No
NOISY-01549,34,25.38,6,5,92.3,7,Two year,Electronic check,Midwest,Yes,No
NOISY-01550,7,93.95,4,14,32.5,4,Two year,Mailed check,Midwest,No,No
NOISY-01551,45,125.61,5,0,29.2,5,One year,Electronic check,West,No,No
NOISY-01552,57,145.29,4,0,30.3,9,Two year,Bank transfer,Northeast,No,No
NOISY-01553,55,114.9,0,3,27.2,2,One year,Mailed check,West,No,Yes
NOISY-01554,6,112.01,5,6,31.1,2,One year,Credit card,Northeast,Yes,No
NOISY-01555,54,150.59,2,0,19.5,6,Month-to-month,Mailed check,Midwest,No,No
NOISY-01556,51,54.17,2,2,49.8,2,Two year,Mailed check,Midwest,No,No
NOISY-01557,2,114.4,8,8,1,7,Two year,Electronic check,Northeast,No,Yes
NOISY-01558,34,138.54,0,8,55.6,10,Two year,Mailed check,Northeast,Yes,No
NOISY-01559,53,145.13,3,4,31.3,1,Two year,Bank transfer,South,Yes,Yes
NOISY-01560,12,68.63,5,0,32.2,8,Month-to-month,Mailed check,Midwest,No,Yes
NOISY-01561,54,72.69,4,6,35.6,6,Two year,Electronic check,Midwest,Yes,No
NOISY-01562,24,156.77,3,2,49.3,6,Two year,Credit card,South,Yes,No
NOISY-01563,14,32.68,6,6,36.1,8,Two year,Electronic check,South,Yes,No
NOISY-01564,14,157.17,4,1,19.6,2,Month-to-month,Credit card,Northeast,Yes,Yes
NOISY-01565,50,55.84,0,0,1.9,9,One year,Bank transfer,South,Yes,No
NOISY-01566,7,119.84,5,0,3.0,3,Month-to-month,Bank transfer,Midwest,Yes,No
NOISY-01567,41,37.53,12,6,14.2,5,Month-to-month,Bank transfer,West,No,Yes
NOISY-01568,3,89.2,4,4,16.8,6,Two year,Electronic check,Midwest,Yes,No
NOISY-01569,7,105.45,0,9,24.6,7,Two year,Bank transfer,South,Yes,No
NOISY-01570,8,158.93,3,9,27.9,10,Two year,Bank transfer,West,Yes,No
NOISY-01571,43,110.52,4,0,18.9,3,One year,Electronic check,Midwest,Yes,Yes
NOISY-01572,39,115.79,4,5,19.9,9,Month-to-month,Electronic check,Northeast,Yes,No
NOISY-01573,28,132.83,2,9,14.1,9,One year,Bank transfer,Northeast,No,No
NOISY-01574,33,126.67,6,0,1,3,Month-to-month,Credit card,South,Yes,Yes
NOISY-01575,55,143.72,5,8,5.4,7,Month-to-month,Mailed check,West,No,Yes
NOISY-01576,13,35.46,4,0,3.1,1,Two year,Mailed check,Northeast,Yes,No
NOISY-01577,61,96.37,4,0,42.1,7,Month-to-month,Bank transfer,South,Yes,No
NOISY-01578,13,71.21,1,3,11.1,9,Month-to-month,Electronic check,Midwest,Yes,Yes
NOISY-01579,68,96.42,1,2,32.9,9,Two year,Electronic check,South,No,No
NOISY-01580,36,157.49,0,2,27.3,2,Two year,Credit card,West,No,No
NOISY-01581,41,108.34,0,6,29.8,9,Month-to-month,Electronic check,West,Yes,No
NOISY-01582,16,35.39,1,5,29.1,1,One year,Credit card,West,No,No
NOISY-01583,14,159.1,0,9,31.7,8,Month-to-month,Mailed check,Northeast,Yes,No
NOISY-01584,10,71.1,6,5,73.2,6,Month-to-month,Bank transfer,South,Yes,No
NOISY-01585,70,114.17,3,0,14.0,1,Two year,Electronic check,West,No,No
NOISY-01586,24,83.34,5,3,32.4,1,Two year,Mailed check,Midwest,Yes,Yes
NOISY-01587,17,29.56,2,7,12.1,6,Two year,Bank transfer,South,Yes,No
NOISY-01588,26,62.43,2,3,29.1,1,One year,Mailed check,Midwest,Yes,No
NOISY-01589,34,134.92,2,12,84.1,4,Two year,Bank transfer,West,No,Yes
NOISY-01590,8,144.35,5,0,39.2,3,Month-to-month,Electronic check,West,Yes,No
NOISY-01591,36,36.79,3,0,29.3,8,One year,Credit card,West,Yes,No
NOISY-01592,30,62.63,4,0,24.7,2,Two year,Credit card,Northeast,No,No
NOISY-01593,34,49.01,6,3,19.0,7,Two year,Electronic check,Midwest,Yes,No
NOISY-01594,10,153.99,2,4,13.7,2,Month-to-month,Mailed check,South,No,Yes
NOISY-01595,4,60.12,0,2,66.0,5,One year,Mailed check,Northeast,No,Yes
NOISY-01596,18,133.99,3,0,44.0,7,Month-to-month,Mailed check,South,Yes,No
NOISY-01597,61,123.95,6,5,58.7,1,One year,Mailed check,Northeast,Yes,No
NOISY-01598,42,144.9,3,0,16.5,9,Two year,Credit card,Midwest,No,No
NOISY-01599,61,137.53,0,0,65.1,3,Month-to-month,Mailed check,Midwest,Yes,Yes
NOISY-01600,52,146.05,8,0,3.0,7,Two year,Bank transfer,Midwest,No,No
NOISY-01601,26,69.29,5,1,38.7,9,One year,Bank transfer,Midwest,No,No
NOISY-01602,38,109.4,6,7,1,1,Two year,Electronic check,West,No,No
NOISY-01603,17,69.42,4,7,17.3,8,One year,Bank transfer,Midwest,No,No
NOISY-01604,61,88.36,0,13,31.0,4,Two year,Mailed check,Midwest,Yes,No
NOISY-01605,66,111.98,4,4,61.9,3,Two year,Bank transfer,West,No,No
NOISY-01606,30,127.54,1,8,1,8,Month-to-month,Electronic check,Northeast,Yes,No
NOISY-01607,6,26.0,0,3,54.1,9,One year,Mailed check,South,Yes,No
NOISY-01608,3,135.65,2,5,27.5,3,Two year,Credit card,West,Yes,Yes
NOISY-01609,60,27.86,4,10,49.4,7,Month-to-month,Credit card,Midwest,No,No
NOISY-01610,63,75.59,3,1,29.9,9,Two year,Mailed check,South,No,No
NOISY-01611,47,104.05,1,0,76.6,10,Two year,Electronic check,West,Yes,No
NOISY-01612,41,111.84,0,4,42.1,10,One year,Bank transfer,Northeast,No,No
NOISY-01613,43,122.55,5,16,36.5,9,Month-to-month,Mailed check,West,No,Yes
NOISY-01614,9,145.77,3,9,38.5,4,Month-to-month,Electronic check,Midwest,No,Yes
NOISY-01615,69,32.83,0,3,1,9,Month-to-month,Electronic check,South,No,No
NOISY-01616,22,81.14,6,0,35.6,8,Two year,Mailed check,Midwest,No,No
NOISY-01617,47,88.7,1,0,9.2,5,Two year,Mailed check,South,No,No
NOISY-01618,51,142.03,0,10,1,2,Two year,Mailed check,West,Yes,No
NOISY-01619,4,117.7,8,0,20.2,4,Month-to-month,Bank transfer,Midwest,Yes,Yes
NOISY-01620,54,109.24,7,2,33.9,4,Month-to-month,Bank transfer,Northeast,Yes,Yes
NOISY-01621,29,115.35,0,7,30.0,7,One year,Electronic check,West,Yes,No
NOISY-01622,19,74.41,2,0,19.6,4,One year,Electronic check,South,No,No
NOISY-01623,11,79.75,5,0,66.9,8,Month-to-month,Electronic check,South,No,No
NOISY-01624,36,55.99,10,4,18.9,10,Two year,Electronic check,Northeast,Yes,No
NOISY-01625,1,51.98,3,11,26.1,1,Two year,Credit card,Midwest,Yes,No
NOISY-01626,10,129.66,1,4,60.0,8,One year,Bank transfer,Northeast,Yes,No
NOISY-01627,61,101.32,4,0,21.2,6,One year,Bank transfer,Midwest,No,No
NOISY-01628,38,143.38,1,5,20.7,10,Month-to-month,Mailed check,South,Yes,No
NOISY-01629,47,65.74,2,0,38.9,10,Month-to-month,Credit card,Northeast,Yes,No
NOISY-01630,70,74.66,4,3,62.5,5,One year,Bank transfer,West,Yes,No
NOISY-01631,6,35.91,2,2,28.1,9,One year,Electronic check,West,No,No
NOISY-01632,1,85.03,3,0,1.8,9,Two year,Mailed check,South,No,No
NOISY-01633,30,66.49,6,6,29.4,7,One year,Mailed check,West,Yes,No
NOISY-01634,21,81.02,3,1,50.0,5,Two year,Electronic check,Northeast,No,No
NOISY-01635,39,72.05,4,5,16.2,3,Month-to-month,Mailed check,South,Yes,No
NOISY-01636,49,154.71,3,2,1,10,Month-to-month,Electronic check,West,No,Yes
NOISY-01637,35,30.36,2,1,38.0,10,Month-to-month,Bank transfer,South,No,Yes
NOISY-01638,53,66.74,9,0,34.3,8,One year,Credit card,West,No,No
NOISY-01639,20,145.21,0,0,29.7,1,Month-to-month,Mailed check,Midwest,No,No
NOISY-01640,57,92.14,1,10,35.5,9,Two year,Bank transfer,Northeast,Yes,No
NOISY-01641,60,92.94,5,7,30.1,8,Month-to-month,Credit card,South,No,No
NOISY-01642,19,28.98,0,2,42.6,3,One year,Credit card,South,Yes,No
NOISY-01643,30,90.58,5,7,50.2,5,One year,Credit card,Midwest,No,No
NOISY-01644,24,84.87,3,0,32.3,10,Two year,Mailed check,Midwest,Yes,No
NOISY-01645,5,67.68,5,5,59.6,6,Month-to-month,Mailed check,West,No,Yes
NOISY-01646,34,25.26,0,0,7.2,1,Two year,Electronic check,South,Yes,Yes
NOISY-01647,45,85.32,0,0,14.1,1,One year,Electronic check,Northeast,Yes,Yes
NOISY-01648,47,147.6,5,3,12.6,2,One year,Electronic check,South,No,No
NOISY-01649,11,99.51,0,0,40.2,10,Month-to-month,Electronic check,South,Yes,No
NOISY-01650,23,132.36,0,0,6.1,2,Month-to-month,Bank transfer,South,No,No
NOISY-01651,25,84.93,3,12,20.3,3,Month-to-month,Electronic check,Midwest,No,Yes
NOISY-01652,35,56.74,0,1,37.1,6,Month-to-month,Electronic check,Midwest,Yes,No
NOISY-01653,53,156.43,2,0,7.9,3,Month-to-month,Electronic check,South,No,Yes
NOISY-01654,2,146.76,2,14,18.4,7,Month-to-month,Electronic check,South,Yes,Yes
NOISY-01655,16,37.83,1,1,35.7,9,Month-to-month,Electronic check,West,No,No
NOISY-01656,21,33.59,1,0,7.8,6,Month-to-month,Bank transfer,West,Yes,No
NOISY-01657,29,89.12,3,0,14.2,8,Two year,Credit card,Midwest,Yes,No
NOISY-01658,5,124.54,2,3,1,5,One year,Bank transfer,West,Yes,Yes
NOISY-01659,15,159.02,3,2,55.1,1,Month-to-month,Mailed check,West,No,Yes
NOISY-01660,50,146.06,7,5,40.6,2,Month-to-month,Mailed check,West,Yes,Yes
NOISY-01661,44,114.5,5,13,10.7,7,One year,Credit card,South,Yes,No
NOISY-01662,24,40.98,1,13,30.2,6,Two year,Bank transfer,Midwest,Yes,No
NOISY-01663,13,27.43,2,9,27.3,4,Month-to-month,Electronic check,Midwest,Yes,No
NOISY-01664,48,99.12,7,5,13.9,9,Two year,Mailed check,West,No,No
NOISY-01665,58,112.25,3,0,45.8,10,One year,Mailed check,West,Yes,No
NOISY-01666,65,69.58,5,0,48.9,7,One year,Electronic check,West,Yes,No
NOISY-01667,42,40.74,2,0,41.6,6,Two year,Electronic check,South,Yes,No
NOISY-01668,42,54.23,0,1,61.7,9,Two year,Credit card,West,Yes,No
NOISY-01669,70,91.22,0,5,43.4,6,One year,Electronic check,Northeast,Yes,No
NOISY-01670,43,119.42,6,7,80.3,4,Month-to-month,Electronic check,Midwest,Yes,Yes
NOISY-01671,19,99.66,0,2,54.3,7,Two year,Mailed check,Northeast,No,No
NOISY-01672,44,90.42,9,2,45.3,5,Two year,Mailed check,Northeast,Yes,Yes
NOISY-01673,37,93.54,2,17,43.5,2,Two year,Mailed check,Northeast,No,Yes
NOISY-01674,55,47.94,7,13,40.5,10,Two year,Mailed check,Midwest,Yes,No
NOISY-01675,47,45.77,3,1,64.0,1,Month-to-month,Credit card,Northeast,No,No
NOISY-01676,29,159.7,1,0,17.2,9,One year,Bank transfer,West,No,No
NOISY-01677,40,49.28,2,3,40.6,1,Month-to-month,Bank transfer,Northeast,Yes,No
NOISY-01678,63,159.52,5,12,1,9,Two year,Credit card,Midwest,Yes,No
NOISY-01679,35,70.72,3,9,20.9,3,Month-to-month,Mailed check,West,No,No
NOISY-01680,19,69.28,8,9,6.9,6,One year,Bank transfer,Northeast,No,Yes
NOISY-01681,28,33.7,4,5,19.3,9,One year,Electronic check,South,Yes,No
NOISY-01682,3,138.75,1,4,53.3,1,Two year,Electronic check,Northeast,No,No
NOISY-01683,16,89.2,0,2,5.7,4,One year,Bank transfer,Midwest,No,No
NOISY-01684,4,76.44,5,3,41.9,2,Month-to-month,Credit card,South,No,Yes
NOISY-01685,23,129.28,4,9,4.0,5,Month-to-month,Credit card,West,Yes,Yes
NOISY-01686,46,65.79,5,2,52.6,10,Two year,Bank transfer,South,No,No
NOISY-01687,63,38.94,3,7,17.3,5,Month-to-month,Mailed check,West,No,No
NOISY-01688,31,149.54,3,11,42.8,2,Two year,Electronic check,Midwest,Yes,Yes
NOISY-01689,61,64.77,1,4,21.5,10,Two year,Credit card,South,Yes,No
NOISY-01690,44,125.19,0,12,16.4,5,Month-to-month,Electronic check,Midwest,Yes,No
NOISY-01691,47,31.07,3,0,26.7,5,Two year,Mailed check,South,No,No
NOISY-01692,51,42.18,7,7,17.6,10,Month-to-month,Electronic check,Midwest,Yes,No
NOISY-01693,5,65.67,11,0,11.5,3,One year,Electronic check,West,Yes,No
NOISY-01694,22,59.04,4,8,56.7,9,Two year,Bank transfer,South,Yes,No
NOISY-01695,61,29.17,5,9,57.9,8,One year,Electronic check,West,Yes,No
NOISY-01696,8,159.73,5,8,13.8,7,Two year,Credit card,West,Yes,Yes
NOISY-01697,23,137.27,7,0,17.8,9,One year,Bank transfer,Midwest,No,No
NOISY-01698,35,64.96,3,8,56.0,3,One year,Electronic check,West,No,Yes
NOISY-01699,7,33.97,3,8,17.8,9,One year,Credit card,South,Yes,No
NOISY-01700,53,146.0,6,8,64.5,3,One year,Electronic check,West,Yes,No
NOISY-01701,60,135.96,6,0,36.8,1,Two year,Credit card,Northeast,Yes,No
NOISY-01702,23,105.96,2,16,5.8,3,Month-to-month,Electronic check,Midwest,No,Yes
NOISY-01703,48,130.83,2,15,8.3,10,Two year,Bank transfer,West,No,No
NOISY-01704,34,104.74,8,0,66.5,3,One year,Credit card,West,Yes,Yes
NOISY-01705,70,159.33,0,7,61.6,1,One year,Bank transfer,West,Yes,No
NOISY-01706,32,53.06,5,3,14.3,1,Two year,Mailed check,West,No,No
NOISY-01707,16,61.83,2,0,34.8,4,Month-to-month,Electronic check,South,No,No
NOISY-01708,45,118.11,2,7,42.1,8,Month-to-month,Electronic check,South,No,No
NOISY-01709,13,138.82,8,8,36.2,6,Month-to-month,Credit card,Midwest,No,Yes
NOISY-01710,16,135.76,0,0,32.5,5,Two year,Bank transfer,Northeast,No,No
NOISY-01711,35,67.35,0,0,32.7,7,Two year,Credit card,Midwest,No,No
NOISY-01712,37,82.33,0,3,4.9,3,Two year,Mailed check,South,No,No
NOISY-01713,54,68.15,8,14,23.5,2,Two year,Electronic check,Northeast,No,No
NOISY-01714,63,38.38,4,8,53.9,5,One year,Bank transfer,West,No,No
NOISY-01715,64,57.15,5,13,5.3,7,Two year,Electronic check,Midwest,No,No
NOISY-01716,8,31.07,1,7,49.9,4,One year,Credit card,Northeast,No,No
NOISY-01717,28,146.88,3,2,14.1,6,One year,Mailed check,South,Yes,No
NOISY-01718,46,58.25,2,5,39.7,7,Month-to-month,Bank transfer,Midwest,No,No
NOISY-01719,55,142.21,2,0,21.8,2,One year,Electronic check,West,No,No
NOISY-01720,44,90.25,3,0,27.3,10,Month-to-month,Electronic check,West,No,Yes
NOISY-01721,51,37.7,0,4,17.8,6,Two year,Electronic check,Midwest,Yes,No
NOISY-01722,33,149.46,4,0,9.9,10,Two year,Credit card,Northeast,Yes,No
NOISY-01723,29,37.69,7,4,38.8,6,Month-to-month,Mailed check,Midwest,No,Yes
NOISY-01724,51,98.69,6,2,44.6,3,Month-to-month,Bank transfer,Northeast,Yes,Yes
NOISY-01725,58,139.02,3,0,24.6,9,One year,Electronic check,Midwest,No,No
NOISY-01726,49,50.08,3,5,1,6,Two year,Credit card,South,Yes,No
NOISY-01727,16,59.77,4,0,13.1,8,One year,Mailed check,South,No,No
NOISY-01728,35,104.45,2,0,8.5,7,Month-to-month,Credit card,South,No,Yes
NOISY-01729,25,111.74,2,13,42.4,5,Month-to-month,Electronic check,South,Yes,No
NOISY-01730,58,118.77,1,13,39.6,7,Two year,Mailed check,West,Yes,Yes
NOISY-01731,12,53.35,1,1,12.4,6,Two year,Credit card,South,Yes,No
NOISY-01732,16,119.11,8,5,62.5,9,One year,Bank transfer,South,Yes,Yes
NOISY-01733,18,71.62,0,4,37.3,7,One year,Electronic check,Midwest,No,No
NOISY-01734,26,25.12,3,1,24.1,4,Month-to-month,Mailed check,Northeast,No,No
NOISY-01735,6,51.24,0,7,16.9,1,One year,Bank transfer,West,No,No
NOISY-01736,11,50.16,2,9,38.5,9,Two year,Mailed check,Northeast,No,No
NOISY-01737,25,150.73,1,5,62.7,7,Two year,Electronic check,South,No,No
NOISY-01738,71,74.81,2,8,17.3,2,Month-to-month,Mailed check,South,Yes,Yes
NOISY-01739,23,144.53,6,1,38.1,5,Month-to-month,Electronic check,Midwest,Yes,Yes
NOISY-01740,45,100.23,3,6,39.8,4,Month-to-month,Mailed check,Midwest,Yes,No
NOISY-01741,35,31.07,0,4,1,7,One year,Electronic check,South,No,No
NOISY-01742,39,127.74,3,10,31.8,9,One year,Credit card,Midwest,No,No
NOISY-01743,4,88.41,0,10,49.2,9,Month-to-month,Electronic check,Midwest,No,No
NOISY-01744,40,91.89,0,0,15.0,1,Two year,Bank transfer,Midwest,No,No
NOISY-01745,49,151.92,0,12,27.1,2,Month-to-month,Mailed check,South,No,Yes
NOISY-01746,37,87.52,0,0,1,1,Two year,Bank transfer,Midwest,Yes,No
NOISY-01747,35,92.21,4,2,35.7,7,Month-to-month,Credit card,Northeast,No,Yes
NOISY-01748,35,113.49,6,0,32.5,7,Two year,Bank transfer,West,No,No
NOISY-01749,66,89.65,4,0,64.4,3,Two year,Mailed check,Midwest,Yes,No
NOISY-01750,8,144.15,0,0,13.2,4,Two year,Mailed check,South,No,No
NOISY-01751,61,69.74,9,0,42.8,3,Two year,Bank transfer,Midwest,Yes,No
NOISY-01752,33,114.15,0,14,73.5,5,Two year,Electronic check,Midwest,Yes,Yes
NOISY-01753,55,121.87,0,0,55.7,5,One year,Credit card,West,Yes,No
NOISY-01754,47,51.68,8,4,14.0,7,Month-to-month,Mailed check,West,No,Yes
NOISY-01755,72,120.72,11,4,48.8,3,One year,Bank transfer,West,No,No
NOISY-01756,12,60.63,0,3,38.1,6,Month-to-month,Mailed check,South,Yes,No
NOISY-01757,61,68.03,1,6,40.8,6,Two year,Credit card,South,No,No
NOISY-01758,21,135.09,2,7,36.6,1,One year,Mailed check,Northeast,Yes,Yes
NOISY-01759,61,159.77,2,9,50.6,8,One year,Electronic check,South,Yes,Yes
NOISY-01760,28,37.66,3,2,64.7,8,One year,Bank transfer,Northeast,No,No
NOISY-01761,25,117.95,1,8,29.8,8,Month-to-month,Bank transfer,West,Yes,No
NOISY-01762,40,122.72,7,5,5.0,1,Month-to-month,Mailed check,West,No,Yes
NOISY-01763,30,79.52,0,5,48.8,4,Two year,Mailed check,West,No,No
NOISY-01764,51,46.67,4,5,37.3,10,Two year,Credit card,Midwest,No,No
NOISY-01765,5,152.79,0,0,14.6,9,One year,Mailed check,Northeast,Yes,No
NOISY-01766,10,45.83,0,12,31.9,7,Month-to-month,Electronic check,Northeast,No,Yes
NOISY-01767,41,35.96,0,1,29.7,10,Month-to-month,Electronic check,West,No,No
NOISY-01768,2,146.05,7,11,33.1,6,One year,Bank transfer,West,No,Yes
NOISY-01769,56,132.35,2,0,62.8,6,Month-to-month,Electronic check,West,Yes,No
NOISY-01770,41,47.83,5,1,32.8,3,One year,Electronic check,West,Yes,No
NOISY-01771,12,58.55,6,4,36.7,8,Month-to-month,Mailed check,Northeast,Yes,No
NOISY-01772,58,82.79,5,6,39.3,9,Month-to-month,Bank transfer,Northeast,No,Yes
NOISY-01773,21,120.34,1,0,49.1,7,One year,Bank transfer,Midwest,No,No
NOISY-01774,5,157.7,6,0,7.1,7,One year,Credit card,Midwest,No,Yes
NOISY-01775,26,69.77,8,1,1,8,Two year,Bank transfer,South,Yes,No
NOISY-01776,45,92.08,0,3,40.3,1,Two year,Bank transfer,Midwest,No,No
NOISY-01777,55,59.13,4,6,24.0,2,Month-to-month,Credit card,Northeast,No,No
NOISY-01778,38,136.6,3,0,20.1,2,Two year,Mailed check,Midwest,No,No
NOISY-01779,6,73.58,9,6,28.8,6,Month-to-month,Bank transfer,West,No,Yes
NOISY-01780,15,126.53,0,2,30.1,5,One year,Bank transfer,Northeast,No,No
NOISY-01781,72,144.08,0,0,1,6,Month-to-month,Electronic check,Midwest,No,No
NOISY-01782,67,136.15,5,1,32.2,4,Month-to-month,Bank transfer,South,No,No
NOISY-01783,14,110.91,5,2,30.1,1,One year,Bank transfer,Northeast,Yes,Yes
NOISY-01784,24,88.7,10,1,15.4,2,Two year,Electronic check,West,Yes,Yes
NOISY-01785,10,84.2,3,0,13.6,2,One year,Bank transfer,Midwest,Yes,No
NOISY-01786,65,32.22,3,3,6.1,10,Month-to-month,Mailed check,West,No,No
NOISY-01787,24,118.53,5,3,30.2,6,One year,Electronic check,South,No,Yes
NOISY-01788,18,90.09,0,0,30.9,10,Two year,Mailed check,West,No,No
NOISY-01789,6,36.9,2,8,43.4,1,Month-to-month,Mailed check,Northeast,No,Yes
NOISY-01790,35,93.57,0,13,21.1,7,Month-to-month,Electronic check,Midwest,No,Yes
NOISY-01791,17,96.76,5,1,1,5,Two year,Electronic check,Midwest,No,No
NOISY-01792,43,124.99,4,8,36.3,3,Two year,Mailed check,Northeast,No,No
NOISY-01793,52,98.46,4,6,28.1,8,Two year,Mailed check,West,No,No
NOISY-01794,68,80.2,3,10,14.9,7,Month-to-month,Mailed check,South,Yes,No
NOISY-01795,61,135.49,0,0,11.9,3,Two year,Electronic check,Northeast,Yes,No
NOISY-01796,26,132.0,4,7,13.5,5,Two year,Bank transfer,Northeast,No,No
NOISY-01797,9,119.29,2,3,66.9,3,Two year,Mailed check,Northeast,Yes,No
NOISY-01798,57,135.27,0,4,43.8,5,One year,Bank transfer,Midwest,Yes,Yes
NOISY-01799,49,88.7,1,9,32.1,7,Two year,Mailed check,Northeast,No,No
NOISY-01800,51,107.28,6,2,29.0,2,Month-to-month,Mailed check,West,Yes,Yes
