CustomerID,InvoiceDate,Product,Category,Quantity,UnitPrice,Discount,Revenue,Channel,Region,Promotion,Age,TenureMonths,SubscriptionPlan,AutoRenew,SatisfactionScore,SupportTickets90d,CustomerChurn
CUST-00030,2024-01-01 12:00:00,Cotton Tote,Accessories,4,15.51,0.0,62.03,Web,North,No,58,13,Essential,Yes,9.1,2,No
CUST-00266,2024-01-02 12:00:00,Travel Mug,Accessories,3,22.17,0.0,66.51,Mobile app,Central,No,34,3,Essential,Yes,8.3,1,Yes
CUST-00045,2024-01-02 17:00:00,Gift Candle,Home,2,17.53,0.0,35.05,Web,Central,Yes,57,17,Plus,Yes,5.4,0,Yes
CUST-00189,2024-01-03 08:00:00,Phone Stand,Electronics,3,16.53,0.0,49.59,Store,West,No,52,26,Plus,Yes,9.3,2,No
CUST-00007,2024-01-03 09:00:00,Granola Pack,Grocery,2,7.0,0.0,14.01,Web,North,No,26,10,Plus,No,4.9,2,Yes
CUST-00219,2024-01-03 09:00:00,Desk Notebook,Stationery,3,8.86,0.0,26.59,Mobile app,Central,No,30,35,Plus,No,6.1,3,No
CUST-00219,2024-01-04 09:00:00,Gift Candle,Home,4,18.05,0.0,72.21,Mobile app,Central,No,30,35,Plus,No,6.1,3,No
CUST-00085,2024-01-04 14:00:00,Cotton Tote,Accessories,1,14.62,0.0,14.62,Mobile app,East,No,48,42,Plus,Yes,6.4,0,No
CUST-00204,2024-01-04 20:00:00,Phone Stand,Electronics,4,18.09,0.0,72.36,Store,East,No,23,9,Plus,Yes,5.9,3,Yes
CUST-00195,2024-01-05 11:00:00,Phone Stand,Electronics,4,17.23,0.0,68.92,Mobile app,West,No,42,4,Plus,Yes,7.5,1,No
CUST-00274,2024-01-05 12:00:00,Desk Notebook,Stationery,3,8.71,0.0,26.13,Web,South,No,49,5,Plus,No,8.0,4,Yes
CUST-00138,2024-01-05 19:00:00,Wireless Charger,Electronics,1,26.42,0.0,26.42,Store,North,No,50,33,Premium,Yes,5.1,1,No
CUST-00258,2024-01-06 11:00:00,Wireless Charger,Electronics,2,30.65,0.0,61.3,Store,East,No,48,12,Essential,Yes,7.4,2,No
CUST-00218,2024-01-06 12:00:00,Cotton Tote,Accessories,4,15.1,0.0,60.38,Store,East,Yes,25,37,Essential,No,8.0,2,No
CUST-00125,2024-01-06 15:00:00,Herbal Tea,Beverages,2,6.78,0.0,13.57,Store,South,No,34,35,Essential,Yes,6.1,2,No
CUST-00119,2024-01-07 08:00:00,Everyday Coffee,Beverages,6,9.09,0.0,54.54,Web,West,No,52,11,Essential,Yes,7.0,3,No
CUST-00306,2024-01-07 09:00:00,Wireless Charger,Electronics,3,28.64,0.0,85.91,Web,West,No,27,18,Essential,Yes,8.9,2,No
CUST-00005,2024-01-07 14:00:00,Gift Candle,Home,5,18.58,0.0,92.89,Mobile app,North,No,44,37,Plus,No,4.4,0,Yes
CUST-00273,2024-01-07 14:00:00,Cotton Tote,Accessories,7,15.29,0.0,107.02,Web,West,No,58,19,Essential,Yes,6.5,2,No
CUST-00289,2024-01-08 13:00:00,Granola Pack,Grocery,2,6.4,0.05,12.16,Web,North,Yes,39,3,Premium,Yes,7.1,1,No
CUST-00036,2024-01-08 17:00:00,Desk Notebook,Stationery,4,8.88,0.0,35.51,Web,North,No,54,21,Essential,Yes,6.1,0,No
CUST-00224,2024-01-09 08:00:00,Granola Pack,Grocery,6,7.02,0.0,42.1,Web,East,No,41,27,Premium,Yes,6.4,0,No
CUST-00068,2024-01-09 11:00:00,Travel Mug,Accessories,4,22.1,0.0,88.41,Mobile app,East,Yes,62,7,Essential,Yes,8.1,2,No
CUST-00045,2024-01-09 16:00:00,Everyday Coffee,Beverages,3,7.81,0.0,23.42,Web,Central,No,57,17,Plus,Yes,5.4,0,Yes
CUST-00108,2024-01-09 18:00:00,Cotton Tote,Accessories,4,14.41,0.0,57.66,Mobile app,North,No,61,22,Plus,Yes,5.2,3,Yes
CUST-00020,2024-01-10 13:00:00,Wireless Charger,Electronics,9,28.26,0.0,254.34,Mobile app,East,No,34,29,Essential,Yes,7.9,2,No
CUST-00027,2024-01-11 10:00:00,Wireless Charger,Electronics,2,28.81,0.0,57.63,Store,South,No,33,9,Premium,Yes,8.2,3,No
CUST-00113,2024-01-12 08:00:00,Gift Candle,Home,2,17.56,0.0,35.13,Web,North,No,22,32,Essential,Yes,6.2,2,No
CUST-00275,2024-01-12 16:00:00,Cotton Tote,Accessories,1,14.31,0.0,14.31,Web,West,No,68,26,Plus,Yes,7.0,1,No
CUST-00189,2024-01-13 16:00:00,Travel Mug,Accessories,4,22.49,0.0,89.96,Store,West,No,52,26,Plus,Yes,9.3,2,No
CUST-00127,2024-01-13 17:00:00,Cotton Tote,Accessories,2,14.36,0.0,28.71,Store,South,No,52,4,Plus,Yes,5.5,1,Yes
CUST-00012,2024-01-13 18:00:00,Herbal Tea,Beverages,5,7.3,0.15,31.01,Web,East,Yes,21,30,Essential,Yes,7.8,1,No
CUST-00306,2024-01-13 21:00:00,Natural Soap Set,Personal Care,1,12.81,0.0,12.81,Web,West,No,27,18,Essential,Yes,8.9,2,No
CUST-00043,2024-01-14 08:00:00,Desk Notebook,Stationery,3,8.57,0.0,25.7,Web,South,No,57,12,Essential,Yes,5.7,1,Yes
CUST-00242,2024-01-14 18:00:00,Wireless Charger,Electronics,5,29.4,0.0,147.01,Store,North,No,34,18,Essential,No,6.1,0,Yes
CUST-00013,2024-01-15 08:00:00,Granola Pack,Grocery,7,6.68,0.0,46.73,Web,West,No,51,43,Plus,Yes,6.6,1,No
CUST-00188,2024-01-15 12:00:00,Phone Stand,Electronics,5,17.15,0.0,85.75,Mobile app,East,No,64,43,Plus,Yes,6.3,1,No
CUST-00090,2024-01-15 20:00:00,Travel Mug,Accessories,2,22.59,0.0,45.17,Web,East,No,62,21,Essential,No,7.9,2,Yes
CUST-00203,2024-01-16 13:00:00,Granola Pack,Grocery,3,6.85,0.0,20.54,Mobile app,West,No,60,6,Plus,Yes,5.9,1,Yes
CUST-00091,2024-01-16 19:00:00,Travel Mug,Accessories,3,22.77,0.0,68.31,Web,South,No,30,22,Essential,Yes,6.3,0,No
CUST-00157,2024-01-16 19:00:00,Granola Pack,Grocery,3,6.94,0.0,20.83,Web,South,No,66,3,Premium,Yes,7.1,1,No
CUST-00268,2024-01-16 20:00:00,Wireless Charger,Electronics,2,26.61,0.0,53.21,Mobile app,East,No,47,24,Plus,Yes,6.6,0,No
CUST-00238,2024-01-17 10:00:00,Wireless Charger,Electronics,5,28.65,0.05,136.08,Store,South,Yes,56,18,Essential,No,8.8,1,Yes
CUST-00258,2024-01-17 14:00:00,Gift Candle,Home,4,18.38,0.0,73.54,Store,East,Yes,48,12,Essential,Yes,7.4,2,No
CUST-00057,2024-01-17 19:00:00,Natural Soap Set,Personal Care,1,12.13,0.0,12.13,Web,South,No,23,3,Essential,Yes,8.3,0,No
CUST-00192,2024-01-18 09:00:00,Gift Candle,Home,3,16.61,0.0,49.82,Web,North,No,48,17,Essential,No,4.4,1,Yes
CUST-00197,2024-01-18 09:00:00,Cotton Tote,Accessories,2,14.31,0.0,28.62,Mobile app,East,No,61,33,Plus,Yes,4.2,2,No
CUST-00121,2024-01-18 10:00:00,Wireless Charger,Electronics,3,30.88,0.0,92.63,Store,North,Yes,39,37,Premium,No,6.8,2,No
CUST-00105,2024-01-18 17:00:00,Travel Mug,Accessories,3,22.07,0.0,66.21,Mobile app,West,No,48,46,Essential,No,7.4,2,No
CUST-00075,2024-01-18 20:00:00,Herbal Tea,Beverages,3,7.34,0.0,22.01,Store,South,Yes,66,38,Essential,Yes,8.0,2,No
CUST-00240,2024-01-19 12:00:00,Travel Mug,Accessories,3,21.15,0.0,63.45,Web,North,No,32,6,Plus,Yes,6.7,1,No
CUST-00125,2024-01-19 14:00:00,Everyday Coffee,Beverages,6,8.89,0.0,53.33,Store,South,No,34,35,Essential,Yes,6.1,2,No
CUST-00314,2024-01-19 15:00:00,Herbal Tea,Beverages,6,7.51,0.0,45.07,Mobile app,Central,No,24,44,Premium,Yes,7.0,2,No
CUST-00316,2024-01-19 15:00:00,Natural Soap Set,Personal Care,4,12.53,0.0,50.11,Store,West,No,32,43,Essential,No,7.7,3,No
CUST-00068,2024-01-20 15:00:00,Phone Stand,Electronics,2,17.77,0.0,35.53,Mobile app,East,No,62,7,Essential,Yes,8.1,2,No
CUST-00210,2024-01-20 16:00:00,Granola Pack,Grocery,2,7.36,0.0,14.73,Mobile app,East,No,51,11,Essential,Yes,8.4,1,Yes
CUST-00200,2024-01-21 10:00:00,Travel Mug,Accessories,2,24.79,0.0,49.59,Store,Central,Yes,26,3,Plus,Yes,7.3,3,No
CUST-00137,2024-01-21 13:00:00,Everyday Coffee,Beverages,1,8.37,0.0,8.37,Web,West,No,38,21,Essential,Yes,5.8,2,Yes
CUST-00264,2024-01-21 15:00:00,Travel Mug,Accessories,9,22.13,0.0,199.13,Web,North,No,63,40,Essential,Yes,9.3,0,No
CUST-00253,2024-01-21 17:00:00,Cotton Tote,Accessories,2,15.14,0.0,30.28,Web,Central,No,39,31,Essential,Yes,7.5,2,No
CUST-00313,2024-01-21 18:00:00,Phone Stand,Electronics,4,17.39,0.0,69.55,Web,East,No,67,31,Essential,No,7.0,3,No
CUST-00057,2024-01-22 09:00:00,Everyday Coffee,Beverages,1,8.61,0.0,8.61,Web,South,No,23,3,Essential,Yes,8.3,0,No
CUST-00137,2024-01-23 08:00:00,Desk Notebook,Stationery,3,8.37,0.0,25.11,Web,West,No,38,21,Essential,Yes,5.8,2,Yes
CUST-00223,2024-01-24 17:00:00,Herbal Tea,Beverages,6,6.72,0.0,40.34,Mobile app,North,No,30,37,Essential,Yes,7.2,3,No
CUST-00186,2024-01-24 19:00:00,Everyday Coffee,Beverages,7,8.34,0.0,58.38,Store,West,No,26,16,Essential,Yes,4.8,0,Yes
CUST-00106,2024-01-24 20:00:00,Cotton Tote,Accessories,4,14.54,0.0,58.17,Store,North,No,33,31,Essential,Yes,6.3,1,No
CUST-00070,2024-01-25 13:00:00,Natural Soap Set,Personal Care,3,13.12,0.0,39.35,Mobile app,North,Yes,62,28,Premium,Yes,6.8,1,No
CUST-00047,2024-01-25 14:00:00,Desk Notebook,Stationery,3,8.68,0.0,26.04,Web,South,No,24,13,Essential,No,7.7,2,Yes
CUST-00003,2024-01-26 14:00:00,Everyday Coffee,Beverages,6,7.91,0.0,47.47,Web,West,No,52,28,Plus,Yes,5.8,1,Yes
CUST-00248,2024-01-26 17:00:00,Granola Pack,Grocery,1,6.88,0.0,6.88,Web,East,No,42,34,Essential,Yes,5.9,0,No
CUST-00242,2024-01-26 21:00:00,Natural Soap Set,Personal Care,2,13.31,0.0,26.62,Store,North,No,34,18,Essential,No,6.1,0,Yes
CUST-00130,2024-01-27 09:00:00,Cotton Tote,Accessories,1,14.97,0.0,14.97,Mobile app,South,No,59,42,Plus,Yes,7.9,2,No
CUST-00291,2024-01-27 09:00:00,Desk Notebook,Stationery,1,8.76,0.0,8.76,Mobile app,East,Yes,60,3,Premium,Yes,6.8,4,No
CUST-00273,2024-01-27 16:00:00,Cotton Tote,Accessories,7,14.36,0.0,100.51,Web,West,No,58,19,Essential,Yes,6.5,2,No
CUST-00001,2024-01-27 20:00:00,Phone Stand,Electronics,1,17.35,0.0,17.35,Web,North,No,31,44,Plus,Yes,7.1,2,No
CUST-00320,2024-01-28 16:00:00,Herbal Tea,Beverages,5,6.9,0.15,29.33,Mobile app,South,Yes,42,34,Plus,Yes,7.8,2,No
CUST-00030,2024-01-28 20:00:00,Herbal Tea,Beverages,5,7.22,0.0,36.1,Web,North,No,58,13,Essential,Yes,9.1,2,No
CUST-00278,2024-01-28 21:00:00,Cotton Tote,Accessories,7,14.45,0.1,91.06,Web,Central,Yes,32,21,Essential,Yes,9.1,1,No
CUST-00254,2024-01-29 08:00:00,Desk Notebook,Stationery,4,8.89,0.0,35.54,Web,East,No,23,21,Plus,No,9.0,0,Yes
CUST-00195,2024-01-29 11:00:00,Travel Mug,Accessories,1,22.3,0.0,22.3,Mobile app,West,No,42,4,Plus,Yes,7.5,1,No
CUST-00278,2024-01-29 12:00:00,Travel Mug,Accessories,5,23.67,0.0,118.35,Web,Central,No,32,21,Essential,Yes,9.1,1,No
CUST-00103,2024-01-29 17:00:00,Everyday Coffee,Beverages,6,7.67,0.0,46.0,Web,West,No,33,12,Plus,Yes,8.4,1,Yes
CUST-00065,2024-01-30 08:00:00,Wireless Charger,Electronics,5,27.82,0.0,139.12,Store,West,No,27,39,Plus,Yes,7.6,0,No
CUST-00102,2024-01-30 13:00:00,Herbal Tea,Beverages,3,7.26,0.0,21.79,Mobile app,East,Yes,34,21,Essential,Yes,4.8,0,Yes
CUST-00221,2024-01-30 21:00:00,Wireless Charger,Electronics,5,29.31,0.0,146.56,Web,Central,No,61,30,Plus,Yes,6.1,3,No
CUST-00295,2024-02-01 11:00:00,Travel Mug,Accessories,4,22.19,0.0,88.76,Web,Central,No,59,32,Plus,Yes,8.5,1,No
CUST-00167,2024-02-02 08:00:00,Travel Mug,Accessories,2,21.84,0.0,43.69,Store,South,No,27,40,Plus,Yes,7.4,2,No
CUST-00118,2024-02-02 11:00:00,Phone Stand,Electronics,4,17.54,0.0,70.17,Web,North,No,37,20,Premium,Yes,6.2,2,No
CUST-00273,2024-02-02 15:00:00,Cotton Tote,Accessories,2,14.17,0.0,28.33,Web,West,Yes,58,19,Essential,Yes,6.5,2,No
CUST-00301,2024-02-02 18:00:00,Cotton Tote,Accessories,3,15.24,0.0,45.71,Web,North,No,29,25,Premium,No,6.1,2,No
CUST-00237,2024-02-02 21:00:00,Cotton Tote,Accessories,1,15.13,0.0,15.13,Web,North,No,62,26,Essential,Yes,5.6,1,Yes
CUST-00052,2024-02-03 16:00:00,Phone Stand,Electronics,4,17.88,0.0,71.52,Web,West,No,55,9,Plus,Yes,7.9,0,No
CUST-00293,2024-02-04 20:00:00,Granola Pack,Grocery,6,6.94,0.0,41.67,Web,Central,No,38,44,Plus,Yes,8.0,0,No
CUST-00043,2024-02-05 20:00:00,Granola Pack,Grocery,1,7.63,0.0,7.63,Web,South,No,57,12,Essential,Yes,5.7,1,Yes
CUST-00205,2024-02-06 11:00:00,Desk Notebook,Stationery,5,8.8,0.0,44.02,Web,East,No,55,45,Essential,Yes,5.2,0,No
CUST-00037,2024-02-06 12:00:00,Desk Notebook,Stationery,6,8.29,0.0,49.72,Mobile app,West,No,35,18,Plus,Yes,9.7,1,No
CUST-00241,2024-02-07 17:00:00,Travel Mug,Accessories,5,21.31,0.0,106.53,Mobile app,North,No,63,11,Premium,Yes,4.7,2,Yes
CUST-00218,2024-02-08 11:00:00,Wireless Charger,Electronics,6,30.14,0.0,180.83,Store,East,No,25,37,Essential,No,8.0,2,No
CUST-00053,2024-02-08 13:00:00,Granola Pack,Grocery,2,7.57,0.0,15.15,Web,North,No,25,25,Premium,No,8.6,1,No
CUST-00036,2024-02-08 14:00:00,Everyday Coffee,Beverages,3,8.14,0.0,24.43,Web,North,No,54,21,Essential,Yes,6.1,0,No
CUST-00234,2024-02-08 15:00:00,Natural Soap Set,Personal Care,4,12.58,0.0,50.33,Store,West,Yes,57,32,Essential,Yes,7.0,1,No
CUST-00091,2024-02-09 10:00:00,Gift Candle,Home,2,18.31,0.0,36.61,Web,South,No,30,22,Essential,Yes,6.3,0,No
CUST-00315,2024-02-10 08:00:00,Wireless Charger,Electronics,1,28.47,0.0,28.47,Mobile app,East,No,30,6,Essential,Yes,7.6,1,Yes
CUST-00066,2024-02-10 21:00:00,Everyday Coffee,Beverages,5,8.42,0.0,42.11,Web,North,No,38,20,Essential,No,8.6,1,Yes
CUST-00061,2024-02-11 08:00:00,Gift Candle,Home,5,17.89,0.0,89.43,Store,North,No,34,7,Essential,Yes,5.7,2,Yes
CUST-00120,2024-02-11 10:00:00,Herbal Tea,Beverages,3,6.99,0.0,20.98,Web,South,No,39,46,Essential,Yes,7.5,1,No
CUST-00317,2024-02-11 16:00:00,Granola Pack,Grocery,3,6.47,0.0,19.42,Store,North,No,54,14,Plus,Yes,5.4,0,Yes
CUST-00130,2024-02-11 17:00:00,Phone Stand,Electronics,4,17.37,0.0,69.47,Mobile app,South,No,59,42,Plus,Yes,7.9,2,No
CUST-00304,2024-02-11 18:00:00,Everyday Coffee,Beverages,4,8.6,0.0,34.4,Web,North,Yes,53,41,Plus,No,7.4,1,No
CUST-00219,2024-02-12 09:00:00,Granola Pack,Grocery,2,6.35,0.0,12.7,Mobile app,Central,No,30,35,Plus,No,6.1,3,No
CUST-00204,2024-02-12 11:00:00,Wireless Charger,Electronics,2,30.13,0.0,60.27,Store,East,No,23,9,Plus,Yes,5.9,3,Yes
CUST-00072,2024-02-12 14:00:00,Desk Notebook,Stationery,1,9.17,0.0,9.17,Web,North,No,31,2,Essential,No,8.6,0,Yes
CUST-00023,2024-02-12 15:00:00,Granola Pack,Grocery,4,6.82,0.0,27.27,Store,East,Yes,63,26,Premium,No,5.4,2,Yes
CUST-00100,2024-02-13 11:00:00,Granola Pack,Grocery,3,6.61,0.0,19.82,Web,West,No,51,32,Plus,No,7.2,4,Yes
CUST-00214,2024-02-13 15:00:00,Desk Notebook,Stationery,4,9.22,0.0,36.87,Store,Central,No,49,29,Essential,No,7.9,2,No
CUST-00294,2024-02-13 16:00:00,Granola Pack,Grocery,1,6.42,0.0,6.42,Web,Central,No,25,16,Premium,Yes,6.7,0,No
CUST-00089,2024-02-13 17:00:00,Wireless Charger,Electronics,1,29.33,0.0,29.33,Store,North,No,37,31,Plus,No,7.0,3,No
CUST-00257,2024-02-13 19:00:00,Cotton Tote,Accessories,2,13.82,0.0,27.64,Mobile app,North,Yes,61,7,Plus,Yes,10.0,2,No
CUST-00100,2024-02-13 20:00:00,Everyday Coffee,Beverages,4,8.04,0.0,32.17,Web,West,No,51,32,Plus,No,7.2,4,Yes
CUST-00063,2024-02-14 09:00:00,Travel Mug,Accessories,4,21.84,0.0,87.34,Web,East,No,32,23,Plus,Yes,7.6,2,No
CUST-00071,2024-02-14 12:00:00,Phone Stand,Electronics,3,17.09,0.0,51.28,Web,Central,No,66,46,Essential,Yes,6.9,1,No
CUST-00170,2024-02-14 13:00:00,Natural Soap Set,Personal Care,6,12.69,0.0,76.14,Web,South,No,55,8,Essential,Yes,8.8,0,Yes
CUST-00224,2024-02-14 15:00:00,Desk Notebook,Stationery,4,8.12,0.0,32.49,Web,East,No,41,27,Premium,Yes,6.4,0,No
CUST-00281,2024-02-14 15:00:00,Wireless Charger,Electronics,3,29.99,0.0,89.97,Store,North,No,32,11,Essential,No,7.0,2,Yes
CUST-00064,2024-02-15 12:00:00,Travel Mug,Accessories,4,22.71,0.0,90.83,Mobile app,North,No,67,30,Premium,Yes,6.1,1,No
CUST-00262,2024-02-15 12:00:00,Phone Stand,Electronics,4,16.76,0.0,67.03,Mobile app,Central,No,23,43,Plus,Yes,7.9,2,No
CUST-00191,2024-02-15 16:00:00,Everyday Coffee,Beverages,3,8.1,0.0,24.31,Store,East,No,44,10,Essential,No,8.5,0,Yes
CUST-00236,2024-02-15 18:00:00,Gift Candle,Home,4,16.79,0.0,67.16,Store,North,No,34,5,Plus,Yes,6.7,0,No
CUST-00264,2024-02-15 20:00:00,Travel Mug,Accessories,4,23.09,0.05,87.72,Web,North,Yes,63,40,Essential,Yes,9.3,0,No
CUST-00254,2024-02-15 21:00:00,Natural Soap Set,Personal Care,4,12.52,0.0,50.08,Web,East,No,23,21,Plus,No,9.0,0,Yes
CUST-00286,2024-02-16 09:00:00,Everyday Coffee,Beverages,2,8.59,0.0,17.18,Web,East,No,51,24,Plus,Yes,7.4,4,No
CUST-00164,2024-02-16 10:00:00,Everyday Coffee,Beverages,4,7.73,0.0,30.93,Mobile app,East,No,39,48,Essential,Yes,7.4,3,No
CUST-00148,2024-02-16 11:00:00,Everyday Coffee,Beverages,3,8.22,0.0,24.65,Web,South,No,59,47,Plus,Yes,8.9,2,No
CUST-00309,2024-02-16 11:00:00,Granola Pack,Grocery,4,6.75,0.0,27.01,Mobile app,West,Yes,47,31,Plus,No,6.6,1,Yes
CUST-00221,2024-02-16 21:00:00,Desk Notebook,Stationery,6,8.83,0.0,52.97,Web,Central,Yes,61,30,Plus,Yes,6.1,3,No
CUST-00068,2024-02-17 09:00:00,Travel Mug,Accessories,3,20.63,0.0,61.89,Mobile app,East,No,62,7,Essential,Yes,8.1,2,No
CUST-00096,2024-02-17 10:00:00,Travel Mug,Accessories,6,24.41,0.0,146.48,Web,West,No,23,21,Essential,Yes,6.5,3,No
CUST-00239,2024-02-18 11:00:00,Travel Mug,Accessories,6,21.42,0.0,128.52,Web,East,No,33,21,Essential,Yes,7.8,1,No
CUST-00119,2024-02-19 08:00:00,Herbal Tea,Beverages,2,6.48,0.0,12.95,Web,West,No,52,11,Essential,Yes,7.0,3,No
CUST-00043,2024-02-19 11:00:00,Cotton Tote,Accessories,3,14.38,0.0,43.14,Web,South,Yes,57,12,Essential,Yes,5.7,1,Yes
CUST-00083,2024-02-19 11:00:00,Granola Pack,Grocery,3,7.15,0.0,21.44,Web,Central,No,61,39,Plus,No,10.0,0,No
CUST-00159,2024-02-19 14:00:00,Granola Pack,Grocery,1,7.02,0.1,6.32,Web,South,Yes,21,32,Plus,No,6.5,1,No
CUST-00258,2024-02-20 10:00:00,Wireless Charger,Electronics,4,29.36,0.0,117.44,Store,East,No,48,12,Essential,Yes,7.4,2,No
CUST-00051,2024-02-20 14:00:00,Desk Notebook,Stationery,5,9.55,0.0,47.74,Store,East,No,36,20,Essential,Yes,8.9,1,No
CUST-00062,2024-02-20 14:00:00,Desk Notebook,Stationery,1,8.63,0.0,8.63,Web,Central,No,61,22,Plus,No,9.1,0,Yes
CUST-00094,2024-02-20 16:00:00,Phone Stand,Electronics,1,17.88,0.05,16.99,Store,East,Yes,26,36,Premium,No,5.2,0,Yes
CUST-00012,2024-02-20 17:00:00,Cotton Tote,Accessories,3,13.03,0.0,39.09,Web,East,No,21,30,Essential,Yes,7.8,1,No
CUST-00143,2024-02-20 18:00:00,Natural Soap Set,Personal Care,9,11.52,0.0,103.68,Store,North,No,52,43,Premium,Yes,7.3,2,No
CUST-00191,2024-02-20 19:00:00,Phone Stand,Electronics,3,17.88,0.0,53.63,Store,East,No,44,10,Essential,No,8.5,0,Yes
CUST-00095,2024-02-20 21:00:00,Cotton Tote,Accessories,4,14.59,0.0,58.36,Web,West,No,48,15,Plus,Yes,8.1,0,No
CUST-00151,2024-02-22 09:00:00,Gift Candle,Home,3,18.63,0.0,55.88,Store,North,No,63,29,Plus,Yes,5.6,1,No
CUST-00165,2024-02-22 19:00:00,Desk Notebook,Stationery,4,8.94,0.0,35.78,Web,West,No,50,37,Essential,Yes,6.7,0,No
CUST-00003,2024-02-22 21:00:00,Herbal Tea,Beverages,4,7.02,0.0,28.08,Web,West,No,52,28,Plus,Yes,5.8,1,Yes
CUST-00022,2024-02-23 12:00:00,Desk Notebook,Stationery,2,8.78,0.0,17.55,Web,North,No,41,30,Essential,Yes,7.7,1,No
CUST-00119,2024-02-23 14:00:00,Wireless Charger,Electronics,2,27.11,0.0,54.23,Web,West,No,52,11,Essential,Yes,7.0,3,No
CUST-00263,2024-02-24 08:00:00,Granola Pack,Grocery,6,6.72,0.0,40.32,Mobile app,East,No,43,15,Plus,Yes,7.5,1,No
CUST-00309,2024-02-24 15:00:00,Gift Candle,Home,1,17.7,0.0,17.7,Mobile app,West,No,47,31,Plus,No,6.6,1,Yes
CUST-00081,2024-02-24 21:00:00,Gift Candle,Home,3,18.1,0.0,54.31,Mobile app,South,No,27,21,Essential,Yes,7.2,2,No
CUST-00144,2024-02-25 09:00:00,Herbal Tea,Beverages,3,6.79,0.0,20.37,Web,Central,No,64,36,Plus,Yes,7.5,5,No
CUST-00184,2024-02-25 11:00:00,Granola Pack,Grocery,2,6.91,0.0,13.82,Web,North,No,48,44,Plus,No,6.5,3,No
CUST-00246,2024-02-25 11:00:00,Wireless Charger,Electronics,4,28.14,0.0,112.57,Store,North,No,24,18,Plus,No,8.6,2,Yes
CUST-00158,2024-02-25 12:00:00,Desk Notebook,Stationery,1,9.5,0.0,9.5,Mobile app,West,No,60,48,Plus,Yes,6.9,0,No
CUST-00039,2024-02-26 08:00:00,Granola Pack,Grocery,8,7.19,0.0,57.52,Web,Central,No,59,33,Premium,Yes,6.7,1,No
CUST-00160,2024-02-26 08:00:00,Wireless Charger,Electronics,3,29.28,0.0,87.83,Web,West,No,46,4,Plus,No,7.2,4,Yes
CUST-00167,2024-02-26 09:00:00,Granola Pack,Grocery,10,7.1,0.0,71.04,Store,South,No,27,40,Plus,Yes,7.4,2,No
CUST-00166,2024-02-26 12:00:00,Granola Pack,Grocery,6,6.72,0.05,38.29,Web,East,Yes,24,47,Essential,Yes,5.7,3,No
CUST-00284,2024-02-26 15:00:00,Cotton Tote,Accessories,2,14.25,0.1,25.65,Web,South,Yes,45,21,Premium,Yes,7.1,2,No
CUST-00214,2024-02-27 08:00:00,Desk Notebook,Stationery,5,8.48,0.0,42.41,Store,Central,No,49,29,Essential,No,7.9,2,No
CUST-00074,2024-02-27 11:00:00,Natural Soap Set,Personal Care,4,13.77,0.0,55.09,Mobile app,North,No,34,42,Essential,No,6.5,1,No
CUST-00017,2024-02-27 17:00:00,Herbal Tea,Beverages,1,7.05,0.0,7.05,Mobile app,West,No,35,29,Essential,Yes,8.0,0,No
CUST-00234,2024-02-27 18:00:00,Gift Candle,Home,2,17.16,0.0,34.32,Store,West,No,57,32,Essential,Yes,7.0,1,No
CUST-00213,2024-02-27 21:00:00,Desk Notebook,Stationery,1,8.99,0.0,8.99,Mobile app,East,No,26,3,Plus,Yes,7.2,0,Yes
CUST-00212,2024-02-28 12:00:00,Phone Stand,Electronics,1,17.4,0.0,17.4,Mobile app,North,Yes,48,14,Essential,Yes,3.5,1,Yes
CUST-00236,2024-02-28 12:00:00,Desk Notebook,Stationery,3,9.19,0.0,27.58,Store,North,No,34,5,Plus,Yes,6.7,0,No
CUST-00312,2024-02-28 13:00:00,Everyday Coffee,Beverages,1,9.06,0.0,9.06,Web,East,No,49,12,Essential,Yes,6.3,2,No
CUST-00143,2024-03-01 08:00:00,Everyday Coffee,Beverages,6,8.19,0.0,49.15,Store,North,No,52,43,Premium,Yes,7.3,2,No
CUST-00043,2024-03-01 10:00:00,Granola Pack,Grocery,4,7.08,0.0,28.33,Web,South,Yes,57,12,Essential,Yes,5.7,1,Yes
CUST-00275,2024-03-02 08:00:00,Wireless Charger,Electronics,3,28.2,0.0,84.59,Web,West,Yes,68,26,Plus,Yes,7.0,1,No
CUST-00011,2024-03-02 09:00:00,Gift Candle,Home,3,17.4,0.0,52.19,Web,South,No,22,26,Plus,Yes,6.3,2,No
CUST-00271,2024-03-02 09:00:00,Gift Candle,Home,3,18.68,0.0,56.04,Mobile app,North,No,22,48,Essential,Yes,5.2,1,No
CUST-00128,2024-03-02 13:00:00,Natural Soap Set,Personal Care,2,11.86,0.05,22.54,Mobile app,North,Yes,39,45,Plus,Yes,4.7,1,No
CUST-00288,2024-03-02 15:00:00,Natural Soap Set,Personal Care,3,12.4,0.0,37.2,Web,North,No,47,41,Plus,No,5.2,0,Yes
CUST-00127,2024-03-02 17:00:00,Granola Pack,Grocery,4,6.81,0.0,27.25,Store,South,No,52,4,Plus,Yes,5.5,1,Yes
CUST-00209,2024-03-02 18:00:00,Everyday Coffee,Beverages,4,9.0,0.0,36.0,Web,East,No,45,31,Essential,Yes,7.4,0,No
CUST-00265,2024-03-03 08:00:00,Desk Notebook,Stationery,2,8.73,0.0,17.46,Web,Central,No,35,46,Premium,Yes,8.6,1,No
CUST-00264,2024-03-03 14:00:00,Cotton Tote,Accessories,3,14.09,0.0,42.26,Web,North,No,63,40,Essential,Yes,9.3,0,No
CUST-00051,2024-03-03 18:00:00,Everyday Coffee,Beverages,6,8.09,0.0,48.53,Store,East,No,36,20,Essential,Yes,8.9,1,No
CUST-00182,2024-03-05 11:00:00,Everyday Coffee,Beverages,3,8.13,0.0,24.4,Web,West,No,59,37,Essential,No,5.5,0,Yes
CUST-00088,2024-03-05 12:00:00,Travel Mug,Accessories,2,22.71,0.0,45.43,Store,North,No,31,15,Essential,No,9.2,0,Yes
CUST-00118,2024-03-05 12:00:00,Wireless Charger,Electronics,4,28.85,0.0,115.4,Web,North,No,37,20,Premium,Yes,6.2,2,No
CUST-00314,2024-03-05 18:00:00,Natural Soap Set,Personal Care,4,11.62,0.0,46.49,Mobile app,Central,No,24,44,Premium,Yes,7.0,2,No
CUST-00191,2024-03-06 08:00:00,Phone Stand,Electronics,1,18.03,0.0,18.03,Store,East,No,44,10,Essential,No,8.5,0,Yes
CUST-00041,2024-03-06 09:00:00,Natural Soap Set,Personal Care,5,11.79,0.0,58.94,Mobile app,North,No,65,32,Premium,No,8.0,1,No
CUST-00107,2024-03-06 11:00:00,Natural Soap Set,Personal Care,4,11.69,0.05,44.42,Web,South,Yes,22,46,Essential,Yes,4.1,0,No
CUST-00055,2024-03-06 15:00:00,Granola Pack,Grocery,5,6.86,0.0,34.32,Web,Central,No,67,40,Plus,Yes,7.4,1,No
CUST-00139,2024-03-06 17:00:00,Travel Mug,Accessories,7,23.08,0.0,161.56,Web,Central,No,55,45,Essential,No,7.7,2,No
CUST-00287,2024-03-06 17:00:00,Wireless Charger,Electronics,4,26.99,0.0,107.97,Web,South,No,47,22,Essential,Yes,7.6,2,No
CUST-00313,2024-03-07 08:00:00,Natural Soap Set,Personal Care,10,12.89,0.0,128.93,Web,East,No,67,31,Essential,No,7.0,3,No
CUST-00242,2024-03-07 14:00:00,Wireless Charger,Electronics,5,30.84,0.0,154.18,Store,North,No,34,18,Essential,No,6.1,0,Yes
CUST-00125,2024-03-08 13:00:00,Gift Candle,Home,7,17.68,0.0,123.77,Store,South,No,34,35,Essential,Yes,6.1,2,No
CUST-00160,2024-03-08 14:00:00,Phone Stand,Electronics,3,18.45,0.0,55.35,Web,West,No,46,4,Plus,No,7.2,4,Yes
CUST-00313,2024-03-08 14:00:00,Natural Soap Set,Personal Care,2,12.65,0.0,25.3,Web,East,No,67,31,Essential,No,7.0,3,No
CUST-00281,2024-03-08 21:00:00,Cotton Tote,Accessories,2,14.48,0.0,28.95,Store,North,No,32,11,Essential,No,7.0,2,Yes
CUST-00218,2024-03-09 09:00:00,Travel Mug,Accessories,1,20.81,0.0,20.81,Store,East,No,25,37,Essential,No,8.0,2,No
CUST-00296,2024-03-09 13:00:00,Gift Candle,Home,8,16.36,0.0,130.86,Web,West,No,43,36,Essential,Yes,7.6,1,No
CUST-00054,2024-03-09 20:00:00,Gift Candle,Home,3,16.89,0.0,50.67,Mobile app,North,No,44,18,Essential,Yes,8.5,1,No
CUST-00215,2024-03-10 17:00:00,Everyday Coffee,Beverages,3,8.72,0.0,26.17,Web,North,No,25,17,Plus,Yes,4.8,2,Yes
CUST-00016,2024-03-10 20:00:00,Natural Soap Set,Personal Care,4,12.95,0.0,51.8,Mobile app,West,No,55,16,Essential,Yes,9.2,0,No
CUST-00238,2024-03-10 21:00:00,Gift Candle,Home,6,17.43,0.0,104.61,Store,South,No,56,18,Essential,No,8.8,1,Yes
CUST-00035,2024-03-11 15:00:00,Natural Soap Set,Personal Care,3,12.39,0.0,37.16,Mobile app,East,No,41,36,Essential,No,5.5,2,Yes
CUST-00199,2024-03-12 15:00:00,Wireless Charger,Electronics,4,31.51,0.0,126.02,Mobile app,North,No,23,48,Premium,Yes,8.9,1,No
CUST-00118,2024-03-12 19:00:00,Herbal Tea,Beverages,2,6.69,0.0,13.37,Web,North,No,37,20,Premium,Yes,6.2,2,No
CUST-00302,2024-03-13 09:00:00,Natural Soap Set,Personal Care,7,12.73,0.0,89.13,Web,West,No,48,45,Plus,Yes,7.7,0,No
CUST-00138,2024-03-13 12:00:00,Herbal Tea,Beverages,8,7.25,0.0,58.02,Store,North,No,50,33,Premium,Yes,5.1,1,No
CUST-00195,2024-03-13 17:00:00,Desk Notebook,Stationery,3,9.41,0.0,28.23,Mobile app,West,No,42,4,Plus,Yes,7.5,1,No
CUST-00312,2024-03-13 18:00:00,Natural Soap Set,Personal Care,4,12.66,0.0,50.63,Web,East,No,49,12,Essential,Yes,6.3,2,No
CUST-00073,2024-03-14 10:00:00,Gift Candle,Home,7,19.2,0.0,134.42,Mobile app,North,No,56,46,Essential,Yes,5.4,3,No
CUST-00235,2024-03-14 12:00:00,Herbal Tea,Beverages,9,7.64,0.0,68.74,Web,Central,Yes,43,7,Premium,No,7.2,1,No
CUST-00097,2024-03-15 08:00:00,Herbal Tea,Beverages,7,7.15,0.0,50.07,Mobile app,West,Yes,59,22,Essential,Yes,7.9,1,No
CUST-00091,2024-03-15 10:00:00,Granola Pack,Grocery,4,7.03,0.0,28.1,Web,South,No,30,22,Essential,Yes,6.3,0,No
CUST-00256,2024-03-15 11:00:00,Desk Notebook,Stationery,2,9.55,0.0,19.1,Mobile app,South,No,59,25,Essential,Yes,5.3,2,Yes
CUST-00101,2024-03-15 12:00:00,Granola Pack,Grocery,5,6.62,0.0,33.12,Mobile app,North,No,68,2,Plus,No,5.7,3,Yes
CUST-00289,2024-03-15 13:00:00,Phone Stand,Electronics,3,17.93,0.0,53.78,Web,North,No,39,3,Premium,Yes,7.1,1,No
CUST-00045,2024-03-15 15:00:00,Granola Pack,Grocery,1,6.73,0.0,6.73,Web,Central,No,57,17,Plus,Yes,5.4,0,Yes
CUST-00052,2024-03-15 16:00:00,Herbal Tea,Beverages,2,7.88,0.0,15.76,Web,West,No,55,9,Plus,Yes,7.9,0,No
CUST-00254,2024-03-15 20:00:00,Travel Mug,Accessories,5,23.69,0.0,118.43,Web,East,Yes,23,21,Plus,No,9.0,0,Yes
CUST-00214,2024-03-16 09:00:00,Natural Soap Set,Personal Care,6,13.0,0.0,78.02,Store,Central,No,49,29,Essential,No,7.9,2,No
CUST-00311,2024-03-16 10:00:00,Everyday Coffee,Beverages,4,8.99,0.0,35.94,Store,North,No,27,48,Essential,Yes,6.9,1,No
CUST-00061,2024-03-16 21:00:00,Natural Soap Set,Personal Care,4,12.95,0.05,49.21,Store,North,Yes,34,7,Essential,Yes,5.7,2,Yes
CUST-00293,2024-03-18 09:00:00,Desk Notebook,Stationery,4,8.73,0.0,34.92,Web,Central,Yes,38,44,Plus,Yes,8.0,0,No
CUST-00009,2024-03-18 11:00:00,Wireless Charger,Electronics,4,30.46,0.0,121.83,Mobile app,Central,No,37,6,Essential,Yes,8.1,3,Yes
CUST-00055,2024-03-18 13:00:00,Cotton Tote,Accessories,8,14.32,0.0,114.54,Web,Central,No,67,40,Plus,Yes,7.4,1,No
CUST-00135,2024-03-18 21:00:00,Gift Candle,Home,2,18.75,0.0,37.5,Web,Central,No,28,16,Essential,Yes,6.7,2,No
CUST-00284,2024-03-18 21:00:00,Travel Mug,Accessories,1,23.63,0.0,23.63,Web,South,No,45,21,Premium,Yes,7.1,2,No
CUST-00132,2024-03-19 10:00:00,Herbal Tea,Beverages,3,7.39,0.0,22.17,Web,North,No,45,33,Essential,Yes,8.9,2,No
CUST-00115,2024-03-19 12:00:00,Granola Pack,Grocery,3,7.28,0.0,21.83,Web,West,No,39,30,Essential,Yes,6.7,2,No
CUST-00199,2024-03-19 12:00:00,Phone Stand,Electronics,5,17.62,0.0,88.12,Mobile app,North,No,23,48,Premium,Yes,8.9,1,No
CUST-00068,2024-03-19 18:00:00,Wireless Charger,Electronics,2,28.46,0.0,56.92,Mobile app,East,No,62,7,Essential,Yes,8.1,2,No
CUST-00103,2024-03-19 19:00:00,Wireless Charger,Electronics,2,29.08,0.0,58.16,Web,West,Yes,33,12,Plus,Yes,8.4,1,Yes
CUST-00088,2024-03-19 20:00:00,Desk Notebook,Stationery,1,9.3,0.0,9.3,Store,North,No,31,15,Essential,No,9.2,0,Yes
CUST-00009,2024-03-21 10:00:00,Gift Candle,Home,1,19.33,0.0,19.33,Mobile app,Central,No,37,6,Essential,Yes,8.1,3,Yes
CUST-00023,2024-03-21 10:00:00,Everyday Coffee,Beverages,2,8.97,0.0,17.94,Store,East,No,63,26,Premium,No,5.4,2,Yes
CUST-00262,2024-03-21 12:00:00,Granola Pack,Grocery,6,6.3,0.0,37.82,Mobile app,Central,No,23,43,Plus,Yes,7.9,2,No
CUST-00295,2024-03-21 13:00:00,Desk Notebook,Stationery,2,9.03,0.0,18.05,Web,Central,No,59,32,Plus,Yes,8.5,1,No
CUST-00082,2024-03-21 17:00:00,Herbal Tea,Beverages,2,7.43,0.0,14.86,Mobile app,Central,No,38,26,Essential,Yes,5.6,0,No
CUST-00116,2024-03-22 13:00:00,Gift Candle,Home,3,18.3,0.0,54.9,Store,North,No,42,13,Essential,Yes,6.9,1,No
CUST-00035,2024-03-22 16:00:00,Everyday Coffee,Beverages,4,8.71,0.0,34.85,Mobile app,East,No,41,36,Essential,No,5.5,2,Yes
CUST-00293,2024-03-22 18:00:00,Natural Soap Set,Personal Care,7,13.19,0.0,92.34,Web,Central,No,38,44,Plus,Yes,8.0,0,No
CUST-00128,2024-03-23 18:00:00,Desk Notebook,Stationery,5,9.35,0.0,46.75,Mobile app,North,No,39,45,Plus,Yes,4.7,1,No
CUST-00065,2024-03-23 20:00:00,Phone Stand,Electronics,3,18.32,0.0,54.96,Store,West,No,27,39,Plus,Yes,7.6,0,No
CUST-00091,2024-03-23 21:00:00,Gift Candle,Home,4,18.77,0.0,75.07,Web,South,No,30,22,Essential,Yes,6.3,0,No
CUST-00315,2024-03-24 09:00:00,Granola Pack,Grocery,3,6.83,0.0,20.5,Mobile app,East,No,30,6,Essential,Yes,7.6,1,Yes
CUST-00144,2024-03-24 15:00:00,Desk Notebook,Stationery,5,8.99,0.0,44.93,Web,Central,No,64,36,Plus,Yes,7.5,5,No
CUST-00103,2024-03-24 16:00:00,Gift Candle,Home,5,18.83,0.0,94.13,Web,West,No,33,12,Plus,Yes,8.4,1,Yes
CUST-00157,2024-03-24 19:00:00,Natural Soap Set,Personal Care,2,12.52,0.0,25.03,Web,South,Yes,66,3,Premium,Yes,7.1,1,No
CUST-00228,2024-03-24 21:00:00,Gift Candle,Home,2,15.84,0.0,31.68,Web,South,No,24,10,Plus,Yes,8.2,0,No
CUST-00102,2024-03-25 08:00:00,Herbal Tea,Beverages,3,7.26,0.0,21.78,Mobile app,East,No,34,21,Essential,Yes,4.8,0,Yes
CUST-00071,2024-03-25 12:00:00,Everyday Coffee,Beverages,4,7.89,0.0,31.57,Web,Central,No,66,46,Essential,Yes,6.9,1,No
CUST-00275,2024-03-25 12:00:00,Phone Stand,Electronics,4,18.67,0.0,74.68,Web,West,No,68,26,Plus,Yes,7.0,1,No
CUST-00100,2024-03-25 16:00:00,Natural Soap Set,Personal Care,1,11.46,0.0,11.46,Web,West,No,51,32,Plus,No,7.2,4,Yes
CUST-00307,2024-03-25 16:00:00,Gift Candle,Home,2,18.48,0.0,36.97,Web,East,No,57,39,Essential,No,7.0,1,No
CUST-00032,2024-03-25 17:00:00,Travel Mug,Accessories,3,22.89,0.0,68.67,Mobile app,South,No,65,17,Essential,Yes,4.6,1,Yes
CUST-00120,2024-03-25 21:00:00,Desk Notebook,Stationery,3,9.68,0.0,29.03,Web,South,No,39,46,Essential,Yes,7.5,1,No
CUST-00155,2024-03-26 19:00:00,Cotton Tote,Accessories,1,14.34,0.0,14.34,Mobile app,West,No,60,40,Essential,Yes,8.3,0,No
CUST-00168,2024-03-26 19:00:00,Travel Mug,Accessories,2,20.69,0.0,41.39,Web,Central,No,53,33,Premium,Yes,5.7,1,No
CUST-00217,2024-03-27 09:00:00,Granola Pack,Grocery,3,6.45,0.0,19.35,Mobile app,North,No,24,20,Plus,Yes,7.3,0,No
CUST-00273,2024-03-27 09:00:00,Everyday Coffee,Beverages,4,8.36,0.1,30.11,Web,West,Yes,58,19,Essential,Yes,6.5,2,No
CUST-00085,2024-03-28 09:00:00,Herbal Tea,Beverages,8,6.51,0.0,52.12,Mobile app,East,Yes,48,42,Plus,Yes,6.4,0,No
CUST-00097,2024-03-28 10:00:00,Phone Stand,Electronics,2,17.41,0.0,34.82,Mobile app,West,No,59,22,Essential,Yes,7.9,1,No
CUST-00117,2024-03-28 12:00:00,Cotton Tote,Accessories,1,14.17,0.0,14.17,Web,East,No,44,17,Essential,Yes,6.1,0,No
CUST-00227,2024-03-28 13:00:00,Cotton Tote,Accessories,3,14.33,0.0,42.98,Store,East,No,47,39,Plus,Yes,8.6,1,No
CUST-00197,2024-03-29 08:00:00,Granola Pack,Grocery,3,6.44,0.0,19.31,Mobile app,East,No,61,33,Plus,Yes,4.2,2,No
CUST-00300,2024-03-29 08:00:00,Desk Notebook,Stationery,5,8.8,0.0,44.0,Web,South,No,31,14,Premium,Yes,8.2,1,No
CUST-00216,2024-03-29 14:00:00,Wireless Charger,Electronics,5,29.04,0.0,145.18,Web,North,No,60,39,Premium,No,7.6,3,No
CUST-00247,2024-03-29 14:00:00,Phone Stand,Electronics,9,16.96,0.0,152.6,Mobile app,North,No,65,27,Premium,No,7.2,2,No
CUST-00283,2024-03-29 16:00:00,Herbal Tea,Beverages,5,7.36,0.0,36.8,Web,East,No,44,21,Essential,No,6.2,1,Yes
CUST-00283,2024-03-29 16:00:00,Gift Candle,Home,6,18.56,0.0,111.34,Web,East,No,44,21,Essential,No,6.2,1,Yes
CUST-00127,2024-03-30 09:00:00,Cotton Tote,Accessories,2,14.91,0.0,29.81,Store,South,No,52,4,Plus,Yes,5.5,1,Yes
CUST-00112,2024-03-30 16:00:00,Herbal Tea,Beverages,5,7.47,0.0,37.33,Mobile app,South,No,33,14,Premium,No,4.9,2,Yes
CUST-00058,2024-03-30 19:00:00,Granola Pack,Grocery,2,7.24,0.0,14.49,Web,South,No,26,6,Essential,Yes,7.0,0,No
CUST-00311,2024-04-01 11:00:00,Granola Pack,Grocery,4,6.62,0.0,26.48,Store,North,Yes,27,48,Essential,Yes,6.9,1,No
CUST-00070,2024-04-01 12:00:00,Wireless Charger,Electronics,4,26.31,0.1,94.72,Mobile app,North,Yes,62,28,Premium,Yes,6.8,1,No
CUST-00081,2024-04-01 12:00:00,Phone Stand,Electronics,3,18.39,0.0,55.16,Mobile app,South,No,27,21,Essential,Yes,7.2,2,No
CUST-00247,2024-04-01 13:00:00,Wireless Charger,Electronics,3,27.53,0.0,82.59,Mobile app,North,No,65,27,Premium,No,7.2,2,No
CUST-00092,2024-04-01 19:00:00,Travel Mug,Accessories,2,22.37,0.0,44.74,Store,Central,No,36,39,Essential,No,9.6,1,No
CUST-00259,2024-04-02 15:00:00,Natural Soap Set,Personal Care,6,13.08,0.0,78.51,Store,North,No,47,25,Plus,Yes,6.6,1,No
CUST-00099,2024-04-03 09:00:00,Cotton Tote,Accessories,1,15.24,0.0,15.24,Store,North,No,50,28,Premium,No,7.4,0,No
CUST-00103,2024-04-03 13:00:00,Wireless Charger,Electronics,2,32.03,0.0,64.06,Web,West,No,33,12,Plus,Yes,8.4,1,Yes
CUST-00150,2024-04-03 14:00:00,Natural Soap Set,Personal Care,4,12.12,0.0,48.48,Web,South,No,31,17,Essential,Yes,7.9,2,No
CUST-00284,2024-04-03 19:00:00,Everyday Coffee,Beverages,2,8.37,0.0,16.75,Web,South,No,45,21,Premium,Yes,7.1,2,No
CUST-00019,2024-04-03 20:00:00,Herbal Tea,Beverages,3,6.79,0.05,19.37,Web,Central,Yes,57,3,Essential,No,5.3,0,Yes
CUST-00188,2024-04-04 11:00:00,Gift Candle,Home,2,17.51,0.0,35.02,Mobile app,East,No,64,43,Plus,Yes,6.3,1,No
CUST-00100,2024-04-04 12:00:00,Herbal Tea,Beverages,4,6.94,0.0,27.75,Web,West,No,51,32,Plus,No,7.2,4,Yes
CUST-00135,2024-04-04 12:00:00,Phone Stand,Electronics,4,17.81,0.0,71.22,Web,Central,Yes,28,16,Essential,Yes,6.7,2,No
CUST-00262,2024-04-04 18:00:00,Gift Candle,Home,2,18.76,0.15,31.9,Mobile app,Central,Yes,23,43,Plus,Yes,7.9,2,No
CUST-00002,2024-04-04 20:00:00,Desk Notebook,Stationery,4,9.32,0.0,37.28,Web,East,No,27,3,Plus,No,7.1,2,Yes
CUST-00209,2024-04-05 09:00:00,Herbal Tea,Beverages,3,7.16,0.0,21.48,Web,East,Yes,45,31,Essential,Yes,7.4,0,No
CUST-00085,2024-04-05 12:00:00,Herbal Tea,Beverages,4,7.18,0.0,28.71,Mobile app,East,No,48,42,Plus,Yes,6.4,0,No
CUST-00233,2024-04-05 15:00:00,Granola Pack,Grocery,6,7.07,0.0,42.41,Web,East,No,57,28,Essential,Yes,5.7,1,Yes
CUST-00087,2024-04-05 18:00:00,Gift Candle,Home,4,19.14,0.1,68.9,Mobile app,West,Yes,39,23,Essential,No,6.4,2,Yes
CUST-00054,2024-04-05 19:00:00,Cotton Tote,Accessories,5,13.89,0.0,69.43,Mobile app,North,Yes,44,18,Essential,Yes,8.5,1,No
CUST-00113,2024-04-06 16:00:00,Everyday Coffee,Beverages,1,8.53,0.0,8.53,Web,North,No,22,32,Essential,Yes,6.2,2,No
CUST-00065,2024-04-06 20:00:00,Cotton Tote,Accessories,2,14.38,0.0,28.76,Store,West,No,27,39,Plus,Yes,7.6,0,No
CUST-00213,2024-04-06 21:00:00,Everyday Coffee,Beverages,3,8.9,0.0,26.71,Mobile app,East,No,26,3,Plus,Yes,7.2,0,Yes
CUST-00253,2024-04-07 10:00:00,Wireless Charger,Electronics,3,30.4,0.0,91.21,Web,Central,No,39,31,Essential,Yes,7.5,2,No
CUST-00146,2024-04-07 15:00:00,Gift Candle,Home,6,17.42,0.0,104.5,Web,Central,No,57,31,Plus,Yes,10.0,0,No
CUST-00122,2024-04-08 11:00:00,Desk Notebook,Stationery,2,9.72,0.0,19.43,Web,North,No,61,24,Essential,No,9.5,3,Yes
CUST-00132,2024-04-08 14:00:00,Wireless Charger,Electronics,3,27.77,0.15,70.8,Web,North,Yes,45,33,Essential,Yes,8.9,2,No
CUST-00262,2024-04-08 15:00:00,Gift Candle,Home,7,17.62,0.0,123.36,Mobile app,Central,No,23,43,Plus,Yes,7.9,2,No
CUST-00242,2024-04-08 18:00:00,Herbal Tea,Beverages,3,7.36,0.0,22.08,Store,North,No,34,18,Essential,No,6.1,0,Yes
CUST-00248,2024-04-09 13:00:00,Travel Mug,Accessories,8,22.25,0.0,178.0,Web,East,No,42,34,Essential,Yes,5.9,0,No
CUST-00160,2024-04-09 14:00:00,Phone Stand,Electronics,1,17.9,0.0,17.9,Web,West,No,46,4,Plus,No,7.2,4,Yes
CUST-00014,2024-04-10 11:00:00,Cotton Tote,Accessories,4,14.83,0.0,59.32,Web,South,No,61,18,Essential,Yes,6.4,2,No
CUST-00126,2024-04-10 15:00:00,Natural Soap Set,Personal Care,2,12.15,0.0,24.3,Web,West,No,50,26,Essential,Yes,8.5,3,No
CUST-00041,2024-04-10 17:00:00,Everyday Coffee,Beverages,2,8.79,0.0,17.58,Mobile app,North,No,65,32,Premium,No,8.0,1,No
CUST-00315,2024-04-10 18:00:00,Natural Soap Set,Personal Care,1,12.1,0.05,11.5,Mobile app,East,Yes,30,6,Essential,Yes,7.6,1,Yes
CUST-00129,2024-04-10 21:00:00,Gift Candle,Home,4,17.96,0.0,71.84,Mobile app,South,No,43,36,Plus,No,5.6,0,Yes
CUST-00041,2024-04-11 08:00:00,Granola Pack,Grocery,5,6.45,0.0,32.27,Mobile app,North,No,65,32,Premium,No,8.0,1,No
CUST-00190,2024-04-11 09:00:00,Cotton Tote,Accessories,3,15.47,0.0,46.41,Web,East,Yes,56,14,Plus,Yes,5.4,4,Yes
CUST-00221,2024-04-11 09:00:00,Everyday Coffee,Beverages,4,8.14,0.0,32.55,Web,Central,Yes,61,30,Plus,Yes,6.1,3,No
CUST-00129,2024-04-11 14:00:00,Natural Soap Set,Personal Care,2,12.86,0.0,25.72,Mobile app,South,No,43,36,Plus,No,5.6,0,Yes
CUST-00076,2024-04-11 17:00:00,Cotton Tote,Accessories,3,14.89,0.0,44.68,Mobile app,West,No,54,39,Premium,Yes,5.2,1,No
CUST-00103,2024-04-12 08:00:00,Natural Soap Set,Personal Care,1,11.66,0.0,11.66,Web,West,No,33,12,Plus,Yes,8.4,1,Yes
CUST-00046,2024-04-12 09:00:00,Travel Mug,Accessories,2,23.56,0.0,47.12,Web,West,No,47,26,Premium,No,6.6,0,No
CUST-00102,2024-04-12 11:00:00,Herbal Tea,Beverages,5,6.96,0.0,34.79,Mobile app,East,Yes,34,21,Essential,Yes,4.8,0,Yes
CUST-00297,2024-04-12 14:00:00,Granola Pack,Grocery,4,6.69,0.0,26.78,Mobile app,East,No,58,21,Plus,Yes,5.6,0,Yes
CUST-00160,2024-04-12 16:00:00,Herbal Tea,Beverages,1,7.03,0.0,7.03,Web,West,Yes,46,4,Plus,No,7.2,4,Yes
CUST-00243,2024-04-12 17:00:00,Phone Stand,Electronics,2,18.73,0.0,37.46,Store,South,No,27,44,Plus,Yes,7.0,1,No
CUST-00275,2024-04-12 18:00:00,Travel Mug,Accessories,1,20.62,0.0,20.62,Web,West,No,68,26,Plus,Yes,7.0,1,No
CUST-00309,2024-04-12 20:00:00,Desk Notebook,Stationery,2,9.15,0.0,18.31,Mobile app,West,Yes,47,31,Plus,No,6.6,1,Yes
CUST-00212,2024-04-13 21:00:00,Phone Stand,Electronics,5,16.49,0.0,82.45,Mobile app,North,No,48,14,Essential,Yes,3.5,1,Yes
CUST-00112,2024-04-14 16:00:00,Herbal Tea,Beverages,1,7.3,0.0,7.3,Mobile app,South,No,33,14,Premium,No,4.9,2,Yes
CUST-00163,2024-04-15 09:00:00,Travel Mug,Accessories,1,22.61,0.0,22.61,Web,East,No,51,22,Essential,No,5.3,1,Yes
CUST-00043,2024-04-15 11:00:00,Granola Pack,Grocery,3,6.92,0.0,20.75,Web,South,No,57,12,Essential,Yes,5.7,1,Yes
CUST-00187,2024-04-15 13:00:00,Cotton Tote,Accessories,5,14.48,0.0,72.4,Mobile app,West,No,67,6,Plus,Yes,6.7,0,Yes
CUST-00055,2024-04-15 16:00:00,Cotton Tote,Accessories,4,15.37,0.0,61.5,Web,Central,No,67,40,Plus,Yes,7.4,1,No
CUST-00183,2024-04-16 19:00:00,Cotton Tote,Accessories,5,15.05,0.0,75.24,Web,South,No,52,5,Essential,Yes,6.7,0,No
CUST-00116,2024-04-17 09:00:00,Granola Pack,Grocery,4,6.5,0.0,26.01,Store,North,No,42,13,Essential,Yes,6.9,1,No
CUST-00027,2024-04-17 12:00:00,Travel Mug,Accessories,4,20.29,0.0,81.14,Store,South,No,33,9,Premium,Yes,8.2,3,No
CUST-00069,2024-04-17 15:00:00,Wireless Charger,Electronics,5,29.92,0.0,149.62,Mobile app,Central,No,48,33,Essential,No,6.8,0,No
CUST-00002,2024-04-18 08:00:00,Everyday Coffee,Beverages,1,8.65,0.0,8.65,Web,East,No,27,3,Plus,No,7.1,2,Yes
CUST-00032,2024-04-18 09:00:00,Natural Soap Set,Personal Care,3,13.54,0.0,40.61,Mobile app,South,No,65,17,Essential,Yes,4.6,1,Yes
CUST-00171,2024-04-18 09:00:00,Granola Pack,Grocery,5,6.71,0.0,33.54,Store,East,No,31,8,Essential,Yes,4.1,1,Yes
CUST-00215,2024-04-18 10:00:00,Travel Mug,Accessories,4,19.54,0.0,78.16,Web,North,No,25,17,Plus,Yes,4.8,2,Yes
CUST-00302,2024-04-18 10:00:00,Desk Notebook,Stationery,4,9.66,0.0,38.63,Web,West,No,48,45,Plus,Yes,7.7,0,No
CUST-00087,2024-04-18 11:00:00,Herbal Tea,Beverages,3,7.8,0.0,23.41,Mobile app,West,No,39,23,Essential,No,6.4,2,Yes
CUST-00069,2024-04-18 12:00:00,Desk Notebook,Stationery,1,8.34,0.0,8.34,Mobile app,Central,No,48,33,Essential,No,6.8,0,No
CUST-00045,2024-04-18 19:00:00,Gift Candle,Home,3,17.75,0.0,53.25,Web,Central,No,57,17,Plus,Yes,5.4,0,Yes
CUST-00150,2024-04-19 08:00:00,Natural Soap Set,Personal Care,1,12.14,0.0,12.14,Web,South,No,31,17,Essential,Yes,7.9,2,No
CUST-00206,2024-04-19 10:00:00,Herbal Tea,Beverages,4,6.71,0.0,26.85,Store,Central,No,29,37,Essential,Yes,8.7,1,No
CUST-00239,2024-04-19 13:00:00,Travel Mug,Accessories,5,21.77,0.0,108.87,Web,East,No,33,21,Essential,Yes,7.8,1,No
CUST-00089,2024-04-19 16:00:00,Phone Stand,Electronics,5,18.13,0.0,90.66,Store,North,No,37,31,Plus,No,7.0,3,No
CUST-00062,2024-04-19 19:00:00,Natural Soap Set,Personal Care,3,12.97,0.0,38.9,Web,Central,No,61,22,Plus,No,9.1,0,Yes
CUST-00093,2024-04-19 21:00:00,Everyday Coffee,Beverages,7,7.91,0.0,55.4,Web,West,No,24,38,Essential,Yes,7.2,3,No
CUST-00163,2024-04-20 19:00:00,Desk Notebook,Stationery,6,9.38,0.0,56.28,Web,East,No,51,22,Essential,No,5.3,1,Yes
CUST-00315,2024-04-21 18:00:00,Cotton Tote,Accessories,3,15.63,0.0,46.89,Mobile app,East,No,30,6,Essential,Yes,7.6,1,Yes
CUST-00014,2024-04-21 21:00:00,Desk Notebook,Stationery,9,8.21,0.0,73.86,Web,South,No,61,18,Essential,Yes,6.4,2,No
CUST-00101,2024-04-22 09:00:00,Wireless Charger,Electronics,2,29.09,0.0,58.18,Mobile app,North,No,68,2,Plus,No,5.7,3,Yes
CUST-00217,2024-04-22 11:00:00,Wireless Charger,Electronics,4,27.48,0.0,109.93,Mobile app,North,No,24,20,Plus,Yes,7.3,0,No
CUST-00156,2024-04-22 13:00:00,Desk Notebook,Stationery,4,9.5,0.0,37.99,Store,West,No,32,46,Plus,Yes,6.2,2,No
CUST-00211,2024-04-22 13:00:00,Desk Notebook,Stationery,6,9.27,0.0,55.6,Store,East,Yes,49,44,Plus,Yes,10.0,1,No
CUST-00114,2024-04-22 16:00:00,Everyday Coffee,Beverages,2,8.61,0.0,17.23,Mobile app,Central,No,28,26,Essential,Yes,6.5,4,No
CUST-00015,2024-04-22 18:00:00,Travel Mug,Accessories,4,21.33,0.0,85.34,Mobile app,North,No,52,13,Essential,Yes,6.5,2,No
CUST-00036,2024-04-23 13:00:00,Wireless Charger,Electronics,2,27.88,0.0,55.75,Web,North,No,54,21,Essential,Yes,6.1,0,No
CUST-00187,2024-04-23 14:00:00,Granola Pack,Grocery,4,7.12,0.0,28.47,Mobile app,West,No,67,6,Plus,Yes,6.7,0,Yes
CUST-00004,2024-04-23 20:00:00,Desk Notebook,Stationery,2,9.14,0.0,18.28,Web,North,No,49,46,Essential,Yes,7.5,1,No
CUST-00029,2024-04-24 09:00:00,Herbal Tea,Beverages,2,7.6,0.0,15.21,Web,Central,No,41,20,Plus,Yes,6.7,0,No
CUST-00108,2024-04-24 11:00:00,Everyday Coffee,Beverages,4,8.83,0.0,35.31,Mobile app,North,No,61,22,Plus,Yes,5.2,3,Yes
CUST-00224,2024-04-24 11:00:00,Granola Pack,Grocery,6,7.12,0.0,42.73,Web,East,No,41,27,Premium,Yes,6.4,0,No
CUST-00108,2024-04-24 13:00:00,Phone Stand,Electronics,3,17.47,0.0,52.4,Mobile app,North,No,61,22,Plus,Yes,5.2,3,Yes
CUST-00090,2024-04-24 18:00:00,Phone Stand,Electronics,3,17.88,0.0,53.63,Web,East,No,62,21,Essential,No,7.9,2,Yes
CUST-00185,2024-04-25 09:00:00,Phone Stand,Electronics,3,17.69,0.0,53.08,Store,Central,Yes,34,13,Essential,Yes,8.2,3,No
CUST-00255,2024-04-25 16:00:00,Herbal Tea,Beverages,4,7.2,0.0,28.8,Web,West,Yes,51,34,Plus,Yes,7.0,2,No
CUST-00060,2024-04-25 20:00:00,Cotton Tote,Accessories,2,15.74,0.0,31.48,Web,North,No,34,33,Plus,No,4.1,4,Yes
CUST-00113,2024-04-25 20:00:00,Herbal Tea,Beverages,1,7.0,0.05,6.65,Web,North,Yes,22,32,Essential,Yes,6.2,2,No
CUST-00268,2024-04-25 21:00:00,Herbal Tea,Beverages,3,6.97,0.0,20.91,Mobile app,East,No,47,24,Plus,Yes,6.6,0,No
CUST-00246,2024-04-26 08:00:00,Granola Pack,Grocery,2,7.17,0.0,14.35,Store,North,No,24,18,Plus,No,8.6,2,Yes
CUST-00276,2024-04-26 08:00:00,Herbal Tea,Beverages,4,7.32,0.0,29.28,Web,East,No,68,36,Premium,Yes,4.2,3,No
CUST-00101,2024-04-26 12:00:00,Herbal Tea,Beverages,1,6.83,0.0,6.83,Mobile app,North,No,68,2,Plus,No,5.7,3,Yes
CUST-00028,2024-04-26 18:00:00,Desk Notebook,Stationery,4,9.68,0.0,38.71,Web,Central,No,61,6,Plus,Yes,4.4,1,Yes
CUST-00248,2024-04-26 20:00:00,Herbal Tea,Beverages,2,7.26,0.0,14.51,Web,East,No,42,34,Essential,Yes,5.9,0,No
CUST-00081,2024-04-27 09:00:00,Everyday Coffee,Beverages,3,7.58,0.0,22.73,Mobile app,South,No,27,21,Essential,Yes,7.2,2,No
CUST-00075,2024-04-27 14:00:00,Phone Stand,Electronics,9,17.91,0.0,161.2,Store,South,No,66,38,Essential,Yes,8.0,2,No
CUST-00050,2024-04-27 16:00:00,Wireless Charger,Electronics,1,28.96,0.0,28.96,Web,Central,No,37,31,Essential,Yes,7.4,0,No
CUST-00085,2024-04-27 21:00:00,Everyday Coffee,Beverages,5,8.96,0.0,44.81,Mobile app,East,No,48,42,Plus,Yes,6.4,0,No
CUST-00176,2024-04-27 21:00:00,Phone Stand,Electronics,2,18.36,0.1,33.05,Store,West,Yes,57,46,Premium,Yes,7.5,2,No
CUST-00290,2024-04-27 21:00:00,Cotton Tote,Accessories,3,14.58,0.0,43.73,Web,South,Yes,37,37,Plus,Yes,8.6,0,No
CUST-00197,2024-04-28 09:00:00,Everyday Coffee,Beverages,5,8.21,0.0,41.06,Mobile app,East,Yes,61,33,Plus,Yes,4.2,2,No
CUST-00311,2024-04-28 09:00:00,Travel Mug,Accessories,1,20.39,0.0,20.39,Store,North,Yes,27,48,Essential,Yes,6.9,1,No
CUST-00153,2024-04-28 13:00:00,Herbal Tea,Beverages,4,7.35,0.0,29.41,Mobile app,East,No,51,15,Essential,No,7.6,2,Yes
CUST-00050,2024-04-28 19:00:00,Herbal Tea,Beverages,1,7.51,0.0,7.51,Web,Central,No,37,31,Essential,Yes,7.4,0,No
CUST-00092,2024-04-28 20:00:00,Travel Mug,Accessories,5,22.06,0.0,110.32,Store,Central,No,36,39,Essential,No,9.6,1,No
CUST-00037,2024-04-29 11:00:00,Desk Notebook,Stationery,1,8.39,0.0,8.39,Mobile app,West,No,35,18,Plus,Yes,9.7,1,No
CUST-00189,2024-04-29 11:00:00,Desk Notebook,Stationery,4,8.63,0.0,34.5,Store,West,No,52,26,Plus,Yes,9.3,2,No
CUST-00112,2024-04-29 13:00:00,Cotton Tote,Accessories,4,14.83,0.0,59.32,Mobile app,South,No,33,14,Premium,No,4.9,2,Yes
CUST-00308,2024-04-29 13:00:00,Phone Stand,Electronics,3,16.07,0.0,48.2,Mobile app,South,No,35,27,Plus,Yes,8.0,1,No
CUST-00089,2024-04-29 15:00:00,Everyday Coffee,Beverages,3,8.64,0.0,25.91,Store,North,No,37,31,Plus,No,7.0,3,No
CUST-00247,2024-04-29 20:00:00,Granola Pack,Grocery,5,7.14,0.0,35.68,Mobile app,North,No,65,27,Premium,No,7.2,2,No
CUST-00075,2024-04-29 21:00:00,Gift Candle,Home,4,18.57,0.0,74.27,Store,South,No,66,38,Essential,Yes,8.0,2,No
CUST-00279,2024-05-01 10:00:00,Everyday Coffee,Beverages,4,8.19,0.05,31.1,Web,North,Yes,34,19,Premium,No,4.4,2,Yes
CUST-00002,2024-05-01 11:00:00,Cotton Tote,Accessories,4,15.64,0.0,62.56,Web,East,No,27,3,Plus,No,7.1,2,Yes
CUST-00019,2024-05-01 21:00:00,Gift Candle,Home,4,18.43,0.0,73.72,Web,Central,No,57,3,Essential,No,5.3,0,Yes
CUST-00002,2024-05-02 14:00:00,Natural Soap Set,Personal Care,3,13.38,0.0,40.13,Web,East,No,27,3,Plus,No,7.1,2,Yes
CUST-00153,2024-05-02 16:00:00,Granola Pack,Grocery,5,7.25,0.0,36.24,Mobile app,East,No,51,15,Essential,No,7.6,2,Yes
CUST-00237,2024-05-02 16:00:00,Desk Notebook,Stationery,7,8.85,0.0,61.94,Web,North,No,62,26,Essential,Yes,5.6,1,Yes
CUST-00174,2024-05-03 08:00:00,Granola Pack,Grocery,3,7.03,0.0,21.08,Store,West,No,35,13,Plus,Yes,5.6,2,Yes
CUST-00015,2024-05-03 09:00:00,Wireless Charger,Electronics,3,30.19,0.0,90.57,Mobile app,North,No,52,13,Essential,Yes,6.5,2,No
CUST-00167,2024-05-03 13:00:00,Cotton Tote,Accessories,5,14.26,0.0,71.3,Store,South,No,27,40,Plus,Yes,7.4,2,No
CUST-00078,2024-05-03 17:00:00,Granola Pack,Grocery,6,6.51,0.0,39.05,Web,Central,Yes,35,19,Essential,Yes,7.8,0,No
CUST-00278,2024-05-03 18:00:00,Herbal Tea,Beverages,4,7.0,0.0,28.02,Web,Central,No,32,21,Essential,Yes,9.1,1,No
CUST-00320,2024-05-03 19:00:00,Granola Pack,Grocery,6,6.86,0.0,41.17,Mobile app,South,No,42,34,Plus,Yes,7.8,2,No
CUST-00053,2024-05-03 20:00:00,Everyday Coffee,Beverages,3,8.44,0.0,25.32,Web,North,No,25,25,Premium,No,8.6,1,No
CUST-00113,2024-05-04 09:00:00,Cotton Tote,Accessories,2,14.58,0.0,29.15,Web,North,No,22,32,Essential,Yes,6.2,2,No
CUST-00005,2024-05-04 15:00:00,Herbal Tea,Beverages,1,7.62,0.0,7.62,Mobile app,North,No,44,37,Plus,No,4.4,0,Yes
CUST-00228,2024-05-05 17:00:00,Wireless Charger,Electronics,2,29.76,0.0,59.52,Web,South,No,24,10,Plus,Yes,8.2,0,No
CUST-00307,2024-05-06 11:00:00,Natural Soap Set,Personal Care,2,11.76,0.0,23.52,Web,East,Yes,57,39,Essential,No,7.0,1,No
CUST-00218,2024-05-06 12:00:00,Cotton Tote,Accessories,2,14.88,0.0,29.77,Store,East,Yes,25,37,Essential,No,8.0,2,No
CUST-00049,2024-05-06 15:00:00,Cotton Tote,Accessories,4,14.89,0.0,59.56,Store,North,No,42,30,Premium,Yes,6.5,2,No
CUST-00269,2024-05-06 16:00:00,Granola Pack,Grocery,4,7.04,0.0,28.17,Web,West,No,25,20,Essential,Yes,6.4,2,No
CUST-00022,2024-05-07 12:00:00,Phone Stand,Electronics,1,17.14,0.0,17.14,Web,North,No,41,30,Essential,Yes,7.7,1,No
CUST-00261,2024-05-07 18:00:00,Wireless Charger,Electronics,3,30.5,0.0,91.5,Mobile app,Central,No,28,12,Plus,Yes,5.0,0,Yes
CUST-00178,2024-05-08 12:00:00,Granola Pack,Grocery,4,7.21,0.0,28.82,Mobile app,West,No,30,39,Essential,Yes,8.8,0,No
CUST-00125,2024-05-08 20:00:00,Herbal Tea,Beverages,4,8.0,0.0,32.01,Store,South,No,34,35,Essential,Yes,6.1,2,No
CUST-00113,2024-05-10 09:00:00,Everyday Coffee,Beverages,2,9.23,0.0,18.47,Web,North,No,22,32,Essential,Yes,6.2,2,No
CUST-00089,2024-05-10 14:00:00,Herbal Tea,Beverages,1,7.38,0.0,7.38,Store,North,No,37,31,Plus,No,7.0,3,No
CUST-00035,2024-05-10 18:00:00,Herbal Tea,Beverages,5,7.1,0.0,35.52,Mobile app,East,No,41,36,Essential,No,5.5,2,Yes
CUST-00064,2024-05-10 19:00:00,Cotton Tote,Accessories,5,14.55,0.05,69.09,Mobile app,North,Yes,67,30,Premium,Yes,6.1,1,No
CUST-00165,2024-05-11 08:00:00,Natural Soap Set,Personal Care,2,12.27,0.15,20.86,Web,West,Yes,50,37,Essential,Yes,6.7,0,No
CUST-00065,2024-05-11 09:00:00,Natural Soap Set,Personal Care,8,12.53,0.0,100.28,Store,West,No,27,39,Plus,Yes,7.6,0,No
CUST-00031,2024-05-11 14:00:00,Cotton Tote,Accessories,1,14.51,0.0,14.51,Web,East,No,30,33,Plus,Yes,8.7,2,No
CUST-00046,2024-05-11 19:00:00,Cotton Tote,Accessories,4,13.9,0.0,55.61,Web,West,Yes,47,26,Premium,No,6.6,0,No
CUST-00255,2024-05-12 09:00:00,Herbal Tea,Beverages,3,6.84,0.0,20.52,Web,West,No,51,34,Plus,Yes,7.0,2,No
CUST-00014,2024-05-12 11:00:00,Cotton Tote,Accessories,5,14.97,0.0,74.87,Web,South,No,61,18,Essential,Yes,6.4,2,No
CUST-00169,2024-05-12 12:00:00,Granola Pack,Grocery,3,7.14,0.05,20.36,Web,North,Yes,30,36,Essential,No,6.9,1,No
CUST-00034,2024-05-13 09:00:00,Natural Soap Set,Personal Care,2,13.08,0.0,26.15,Mobile app,Central,No,33,30,Premium,Yes,5.3,1,No
CUST-00273,2024-05-13 18:00:00,Wireless Charger,Electronics,5,30.18,0.0,150.89,Web,West,No,58,19,Essential,Yes,6.5,2,No
CUST-00215,2024-05-14 08:00:00,Travel Mug,Accessories,3,22.1,0.0,66.3,Web,North,No,25,17,Plus,Yes,4.8,2,Yes
CUST-00117,2024-05-14 12:00:00,Wireless Charger,Electronics,3,31.0,0.0,92.99,Web,East,No,44,17,Essential,Yes,6.1,0,No
CUST-00316,2024-05-14 14:00:00,Phone Stand,Electronics,5,18.45,0.0,92.27,Store,West,No,32,43,Essential,No,7.7,3,No
CUST-00168,2024-05-15 08:00:00,Phone Stand,Electronics,1,17.21,0.0,17.21,Web,Central,No,53,33,Premium,Yes,5.7,1,No
CUST-00091,2024-05-15 16:00:00,Everyday Coffee,Beverages,3,8.49,0.0,25.47,Web,South,No,30,22,Essential,Yes,6.3,0,No
CUST-00285,2024-05-15 16:00:00,Phone Stand,Electronics,2,16.93,0.0,33.85,Web,North,No,58,2,Plus,Yes,5.1,1,Yes
CUST-00190,2024-05-16 11:00:00,Travel Mug,Accessories,3,22.26,0.0,66.77,Web,East,No,56,14,Plus,Yes,5.4,4,Yes
CUST-00168,2024-05-17 13:00:00,Desk Notebook,Stationery,4,8.73,0.0,34.93,Web,Central,No,53,33,Premium,Yes,5.7,1,No
CUST-00268,2024-05-18 10:00:00,Everyday Coffee,Beverages,4,7.76,0.0,31.05,Mobile app,East,No,47,24,Plus,Yes,6.6,0,No
CUST-00238,2024-05-18 12:00:00,Desk Notebook,Stationery,3,8.83,0.0,26.49,Store,South,No,56,18,Essential,No,8.8,1,Yes
CUST-00044,2024-05-18 15:00:00,Wireless Charger,Electronics,5,29.08,0.0,145.38,Store,East,No,46,7,Plus,Yes,9.1,2,No
CUST-00146,2024-05-18 17:00:00,Travel Mug,Accessories,2,24.28,0.0,48.57,Web,Central,No,57,31,Plus,Yes,10.0,0,No
CUST-00061,2024-05-19 08:00:00,Gift Candle,Home,2,17.54,0.0,35.07,Store,North,No,34,7,Essential,Yes,5.7,2,Yes
CUST-00192,2024-05-20 12:00:00,Travel Mug,Accessories,3,22.5,0.0,67.51,Web,North,No,48,17,Essential,No,4.4,1,Yes
CUST-00117,2024-05-20 15:00:00,Natural Soap Set,Personal Care,2,12.53,0.0,25.05,Web,East,No,44,17,Essential,Yes,6.1,0,No
CUST-00143,2024-05-20 16:00:00,Herbal Tea,Beverages,2,7.76,0.0,15.52,Store,North,No,52,43,Premium,Yes,7.3,2,No
CUST-00163,2024-05-20 17:00:00,Natural Soap Set,Personal Care,1,12.56,0.0,12.56,Web,East,No,51,22,Essential,No,5.3,1,Yes
CUST-00080,2024-05-20 18:00:00,Travel Mug,Accessories,3,23.38,0.0,70.15,Mobile app,South,No,66,27,Premium,Yes,6.8,0,No
CUST-00091,2024-05-21 15:00:00,Herbal Tea,Beverages,4,7.42,0.0,29.67,Web,South,No,30,22,Essential,Yes,6.3,0,No
CUST-00101,2024-05-21 15:00:00,Gift Candle,Home,4,18.43,0.0,73.71,Mobile app,North,No,68,2,Plus,No,5.7,3,Yes
CUST-00279,2024-05-21 15:00:00,Natural Soap Set,Personal Care,3,12.12,0.0,36.36,Web,North,No,34,19,Premium,No,4.4,2,Yes
CUST-00089,2024-05-21 20:00:00,Travel Mug,Accessories,6,21.94,0.0,131.61,Store,North,No,37,31,Plus,No,7.0,3,No
CUST-00060,2024-05-22 18:00:00,Phone Stand,Electronics,1,17.76,0.0,17.76,Web,North,No,34,33,Plus,No,4.1,4,Yes
CUST-00285,2024-05-23 09:00:00,Everyday Coffee,Beverages,2,8.67,0.0,17.34,Web,North,No,58,2,Plus,Yes,5.1,1,Yes
CUST-00221,2024-05-23 18:00:00,Wireless Charger,Electronics,3,27.99,0.0,83.98,Web,Central,No,61,30,Plus,Yes,6.1,3,No
CUST-00258,2024-05-23 18:00:00,Natural Soap Set,Personal Care,3,12.97,0.0,38.91,Store,East,No,48,12,Essential,Yes,7.4,2,No
CUST-00271,2024-05-23 19:00:00,Everyday Coffee,Beverages,4,8.12,0.0,32.48,Mobile app,North,No,22,48,Essential,Yes,5.2,1,No
CUST-00160,2024-05-24 09:00:00,Gift Candle,Home,4,18.51,0.0,74.03,Web,West,No,46,4,Plus,No,7.2,4,Yes
CUST-00309,2024-05-24 11:00:00,Natural Soap Set,Personal Care,3,13.75,0.0,41.24,Mobile app,West,No,47,31,Plus,No,6.6,1,Yes
CUST-00034,2024-05-24 13:00:00,Natural Soap Set,Personal Care,1,12.87,0.0,12.87,Mobile app,Central,No,33,30,Premium,Yes,5.3,1,No
CUST-00081,2024-05-25 08:00:00,Natural Soap Set,Personal Care,3,12.62,0.0,37.87,Mobile app,South,No,27,21,Essential,Yes,7.2,2,No
CUST-00268,2024-05-25 14:00:00,Travel Mug,Accessories,2,21.8,0.0,43.59,Mobile app,East,No,47,24,Plus,Yes,6.6,0,No
CUST-00201,2024-05-25 17:00:00,Herbal Tea,Beverages,2,7.11,0.0,14.23,Mobile app,South,No,25,3,Premium,No,5.7,1,Yes
CUST-00207,2024-05-26 11:00:00,Desk Notebook,Stationery,4,9.25,0.05,35.15,Web,North,Yes,32,26,Premium,No,9.8,1,No
CUST-00237,2024-05-26 15:00:00,Herbal Tea,Beverages,2,7.83,0.0,15.66,Web,North,No,62,26,Essential,Yes,5.6,1,Yes
CUST-00051,2024-05-26 17:00:00,Gift Candle,Home,3,17.36,0.0,52.09,Store,East,No,36,20,Essential,Yes,8.9,1,No
CUST-00194,2024-05-26 20:00:00,Gift Candle,Home,5,17.17,0.0,85.85,Mobile app,Central,No,36,4,Premium,No,6.8,2,Yes
CUST-00095,2024-05-26 21:00:00,Phone Stand,Electronics,4,18.55,0.0,74.22,Web,West,No,48,15,Plus,Yes,8.1,0,No
CUST-00258,2024-05-27 08:00:00,Natural Soap Set,Personal Care,2,12.3,0.1,22.13,Store,East,Yes,48,12,Essential,Yes,7.4,2,No
CUST-00261,2024-05-27 10:00:00,Wireless Charger,Electronics,4,29.39,0.0,117.57,Mobile app,Central,No,28,12,Plus,Yes,5.0,0,Yes
CUST-00183,2024-05-27 15:00:00,Desk Notebook,Stationery,2,8.69,0.0,17.39,Web,South,No,52,5,Essential,Yes,6.7,0,No
CUST-00277,2024-05-27 16:00:00,Everyday Coffee,Beverages,4,8.38,0.0,33.54,Mobile app,East,No,38,42,Essential,Yes,7.1,1,No
CUST-00134,2024-05-27 19:00:00,Granola Pack,Grocery,5,6.88,0.0,34.39,Web,East,No,56,44,Plus,Yes,4.8,3,No
CUST-00190,2024-05-27 19:00:00,Herbal Tea,Beverages,6,6.72,0.0,40.35,Web,East,Yes,56,14,Plus,Yes,5.4,4,Yes
CUST-00006,2024-05-27 21:00:00,Herbal Tea,Beverages,1,6.78,0.0,6.78,Store,Central,No,35,12,Plus,Yes,7.0,1,No
CUST-00146,2024-05-28 08:00:00,Everyday Coffee,Beverages,4,8.74,0.0,34.97,Web,Central,No,57,31,Plus,Yes,10.0,0,No
CUST-00149,2024-05-29 12:00:00,Everyday Coffee,Beverages,3,8.36,0.0,25.08,Web,West,No,37,7,Premium,Yes,6.5,3,No
CUST-00214,2024-05-29 12:00:00,Desk Notebook,Stationery,1,9.26,0.0,9.26,Store,Central,No,49,29,Essential,No,7.9,2,No
CUST-00130,2024-05-29 13:00:00,Everyday Coffee,Beverages,4,8.41,0.1,30.28,Mobile app,South,Yes,59,42,Plus,Yes,7.9,2,No
CUST-00181,2024-05-29 19:00:00,Phone Stand,Electronics,3,16.48,0.0,49.43,Web,South,No,49,46,Premium,No,6.7,2,No
CUST-00306,2024-05-30 12:00:00,Natural Soap Set,Personal Care,6,11.31,0.0,67.89,Web,West,No,27,18,Essential,Yes,8.9,2,No
CUST-00124,2024-05-30 15:00:00,Everyday Coffee,Beverages,3,8.97,0.0,26.9,Mobile app,West,No,48,13,Essential,Yes,7.2,1,No
CUST-00090,2024-05-30 16:00:00,Cotton Tote,Accessories,3,14.9,0.0,44.7,Web,East,No,62,21,Essential,No,7.9,2,Yes
CUST-00017,2024-06-01 10:00:00,Gift Candle,Home,5,19.28,0.0,96.39,Mobile app,West,No,35,29,Essential,Yes,8.0,0,No
CUST-00094,2024-06-01 11:00:00,Travel Mug,Accessories,8,22.9,0.0,183.22,Store,East,No,26,36,Premium,No,5.2,0,Yes
CUST-00116,2024-06-01 12:00:00,Phone Stand,Electronics,6,17.39,0.0,104.34,Store,North,Yes,42,13,Essential,Yes,6.9,1,No
CUST-00002,2024-06-01 18:00:00,Granola Pack,Grocery,2,6.96,0.0,13.92,Web,East,No,27,3,Plus,No,7.1,2,Yes
CUST-00074,2024-06-01 18:00:00,Travel Mug,Accessories,3,21.6,0.0,64.79,Mobile app,North,No,34,42,Essential,No,6.5,1,No
CUST-00149,2024-06-01 21:00:00,Desk Notebook,Stationery,2,8.78,0.05,16.69,Web,West,Yes,37,7,Premium,Yes,6.5,3,No
CUST-00254,2024-06-02 11:00:00,Desk Notebook,Stationery,1,9.36,0.0,9.36,Web,East,No,23,21,Plus,No,9.0,0,Yes
CUST-00014,2024-06-02 14:00:00,Everyday Coffee,Beverages,3,8.24,0.0,24.71,Web,South,Yes,61,18,Essential,Yes,6.4,2,No
CUST-00029,2024-06-03 10:00:00,Granola Pack,Grocery,5,6.33,0.0,31.67,Web,Central,No,41,20,Plus,Yes,6.7,0,No
CUST-00187,2024-06-03 11:00:00,Cotton Tote,Accessories,3,15.31,0.0,45.93,Mobile app,West,No,67,6,Plus,Yes,6.7,0,Yes
CUST-00152,2024-06-03 13:00:00,Phone Stand,Electronics,1,16.61,0.0,16.61,Web,South,No,41,43,Essential,Yes,5.9,0,No
CUST-00121,2024-06-03 20:00:00,Phone Stand,Electronics,4,17.59,0.0,70.34,Store,North,No,39,37,Premium,No,6.8,2,No
CUST-00163,2024-06-03 21:00:00,Cotton Tote,Accessories,1,13.92,0.0,13.92,Web,East,No,51,22,Essential,No,5.3,1,Yes
CUST-00011,2024-06-04 10:00:00,Desk Notebook,Stationery,2,9.57,0.0,19.14,Web,South,No,22,26,Plus,Yes,6.3,2,No
CUST-00181,2024-06-04 16:00:00,Everyday Coffee,Beverages,6,8.39,0.0,50.32,Web,South,No,49,46,Premium,No,6.7,2,No
CUST-00154,2024-06-04 19:00:00,Herbal Tea,Beverages,2,6.68,0.0,13.36,Web,South,No,63,12,Premium,Yes,5.7,1,No
CUST-00255,2024-06-04 21:00:00,Phone Stand,Electronics,4,17.89,0.0,71.57,Web,West,Yes,51,34,Plus,Yes,7.0,2,No
CUST-00039,2024-06-05 08:00:00,Everyday Coffee,Beverages,7,8.22,0.0,57.56,Web,Central,No,59,33,Premium,Yes,6.7,1,No
CUST-00206,2024-06-05 09:00:00,Phone Stand,Electronics,7,18.71,0.0,130.94,Store,Central,No,29,37,Essential,Yes,8.7,1,No
CUST-00075,2024-06-05 12:00:00,Travel Mug,Accessories,1,23.61,0.0,23.61,Store,South,No,66,38,Essential,Yes,8.0,2,No
CUST-00217,2024-06-05 16:00:00,Everyday Coffee,Beverages,5,7.81,0.0,39.06,Mobile app,North,No,24,20,Plus,Yes,7.3,0,No
CUST-00278,2024-06-05 16:00:00,Natural Soap Set,Personal Care,3,12.13,0.0,36.4,Web,Central,Yes,32,21,Essential,Yes,9.1,1,No
CUST-00100,2024-06-05 20:00:00,Cotton Tote,Accessories,1,14.84,0.0,14.84,Web,West,No,51,32,Plus,No,7.2,4,Yes
CUST-00211,2024-06-05 20:00:00,Wireless Charger,Electronics,4,28.25,0.0,112.98,Store,East,No,49,44,Plus,Yes,10.0,1,No
CUST-00111,2024-06-05 21:00:00,Phone Stand,Electronics,1,17.05,0.0,17.05,Mobile app,South,No,66,4,Plus,Yes,6.5,1,No
CUST-00011,2024-06-06 08:00:00,Cotton Tote,Accessories,3,14.57,0.0,43.71,Web,South,Yes,22,26,Plus,Yes,6.3,2,No
CUST-00258,2024-06-06 15:00:00,Everyday Coffee,Beverages,4,9.17,0.0,36.7,Store,East,No,48,12,Essential,Yes,7.4,2,No
CUST-00110,2024-06-06 19:00:00,Wireless Charger,Electronics,4,29.5,0.0,118.01,Mobile app,North,No,22,16,Essential,No,5.9,2,Yes
CUST-00125,2024-06-06 20:00:00,Granola Pack,Grocery,7,6.97,0.0,48.77,Store,South,No,34,35,Essential,Yes,6.1,2,No
CUST-00166,2024-06-07 13:00:00,Travel Mug,Accessories,3,20.22,0.0,60.67,Web,East,No,24,47,Essential,Yes,5.7,3,No
CUST-00003,2024-06-07 14:00:00,Cotton Tote,Accessories,5,14.6,0.0,73.0,Web,West,No,52,28,Plus,Yes,5.8,1,Yes
CUST-00090,2024-06-07 16:00:00,Cotton Tote,Accessories,3,14.46,0.0,43.37,Web,East,No,62,21,Essential,No,7.9,2,Yes
CUST-00202,2024-06-07 18:00:00,Desk Notebook,Stationery,7,8.96,0.0,62.7,Store,North,No,26,27,Premium,Yes,8.3,2,No
CUST-00283,2024-06-07 19:00:00,Desk Notebook,Stationery,4,9.48,0.0,37.93,Web,East,No,44,21,Essential,No,6.2,1,Yes
CUST-00300,2024-06-08 13:00:00,Wireless Charger,Electronics,2,28.76,0.0,57.51,Web,South,No,31,14,Premium,Yes,8.2,1,No
CUST-00093,2024-06-08 14:00:00,Travel Mug,Accessories,1,20.94,0.0,20.94,Web,West,No,24,38,Essential,Yes,7.2,3,No
CUST-00121,2024-06-08 15:00:00,Granola Pack,Grocery,8,7.03,0.0,56.21,Store,North,No,39,37,Premium,No,6.8,2,No
CUST-00292,2024-06-08 19:00:00,Travel Mug,Accessories,4,20.98,0.0,83.93,Web,East,No,51,10,Essential,Yes,7.7,1,No
CUST-00096,2024-06-08 20:00:00,Natural Soap Set,Personal Care,3,12.46,0.0,37.37,Web,West,No,23,21,Essential,Yes,6.5,3,No
CUST-00318,2024-06-08 21:00:00,Cotton Tote,Accessories,1,13.99,0.0,13.99,Mobile app,North,No,42,36,Essential,No,6.1,0,No
CUST-00024,2024-06-09 09:00:00,Everyday Coffee,Beverages,4,8.6,0.0,34.39,Mobile app,East,No,29,34,Essential,Yes,9.8,2,No
CUST-00165,2024-06-09 09:00:00,Everyday Coffee,Beverages,3,8.34,0.0,25.01,Web,West,No,50,37,Essential,Yes,6.7,0,No
CUST-00039,2024-06-09 12:00:00,Everyday Coffee,Beverages,3,8.49,0.0,25.48,Web,Central,No,59,33,Premium,Yes,6.7,1,No
CUST-00009,2024-06-09 14:00:00,Gift Candle,Home,1,17.8,0.0,17.8,Mobile app,Central,No,37,6,Essential,Yes,8.1,3,Yes
CUST-00049,2024-06-10 09:00:00,Cotton Tote,Accessories,3,13.64,0.0,40.93,Store,North,No,42,30,Premium,Yes,6.5,2,No
CUST-00195,2024-06-10 09:00:00,Gift Candle,Home,1,17.21,0.0,17.21,Mobile app,West,No,42,4,Plus,Yes,7.5,1,No
CUST-00244,2024-06-10 10:00:00,Phone Stand,Electronics,6,16.57,0.0,99.4,Mobile app,West,No,43,36,Essential,Yes,8.2,3,No
CUST-00298,2024-06-10 10:00:00,Natural Soap Set,Personal Care,3,13.06,0.0,39.17,Store,East,No,42,21,Essential,Yes,7.8,6,Yes
CUST-00115,2024-06-10 16:00:00,Granola Pack,Grocery,3,6.58,0.05,18.75,Web,West,Yes,39,30,Essential,Yes,6.7,2,No
CUST-00245,2024-06-10 20:00:00,Cotton Tote,Accessories,5,14.21,0.0,71.06,Store,West,No,47,48,Essential,Yes,6.4,0,No
CUST-00293,2024-06-11 10:00:00,Desk Notebook,Stationery,6,9.0,0.0,54.01,Web,Central,No,38,44,Plus,Yes,8.0,0,No
CUST-00079,2024-06-11 15:00:00,Granola Pack,Grocery,8,7.11,0.05,54.06,Store,North,Yes,51,8,Essential,Yes,7.0,1,No
CUST-00311,2024-06-11 18:00:00,Wireless Charger,Electronics,5,28.6,0.0,143.0,Store,North,No,27,48,Essential,Yes,6.9,1,No
CUST-00065,2024-06-12 16:00:00,Cotton Tote,Accessories,4,14.73,0.0,58.91,Store,West,No,27,39,Plus,Yes,7.6,0,No
CUST-00187,2024-06-12 18:00:00,Everyday Coffee,Beverages,7,8.65,0.0,60.52,Mobile app,West,No,67,6,Plus,Yes,6.7,0,Yes
CUST-00203,2024-06-12 20:00:00,Granola Pack,Grocery,5,7.2,0.0,36.01,Mobile app,West,No,60,6,Plus,Yes,5.9,1,Yes
CUST-00099,2024-06-13 11:00:00,Granola Pack,Grocery,3,6.93,0.0,20.79,Store,North,No,50,28,Premium,No,7.4,0,No
CUST-00244,2024-06-13 12:00:00,Cotton Tote,Accessories,5,15.33,0.1,68.98,Mobile app,West,Yes,43,36,Essential,Yes,8.2,3,No
CUST-00192,2024-06-14 08:00:00,Wireless Charger,Electronics,1,26.93,0.0,26.93,Web,North,No,48,17,Essential,No,4.4,1,Yes
CUST-00236,2024-06-14 09:00:00,Wireless Charger,Electronics,5,27.25,0.05,129.43,Store,North,Yes,34,5,Plus,Yes,6.7,0,No
CUST-00260,2024-06-14 09:00:00,Cotton Tote,Accessories,3,13.96,0.0,41.87,Store,West,Yes,48,34,Essential,Yes,6.6,1,No
CUST-00184,2024-06-14 14:00:00,Phone Stand,Electronics,3,18.6,0.0,55.81,Web,North,No,48,44,Plus,No,6.5,3,No
CUST-00008,2024-06-14 15:00:00,Everyday Coffee,Beverages,2,7.88,0.0,15.77,Web,North,No,38,30,Plus,Yes,6.5,0,No
CUST-00229,2024-06-14 17:00:00,Everyday Coffee,Beverages,5,8.93,0.0,44.65,Web,South,No,55,3,Essential,Yes,6.0,0,No
CUST-00167,2024-06-15 09:00:00,Cotton Tote,Accessories,2,14.18,0.0,28.36,Store,South,No,27,40,Plus,Yes,7.4,2,No
CUST-00262,2024-06-15 15:00:00,Cotton Tote,Accessories,3,14.16,0.0,42.47,Mobile app,Central,No,23,43,Plus,Yes,7.9,2,No
CUST-00061,2024-06-17 14:00:00,Wireless Charger,Electronics,4,29.99,0.0,119.96,Store,North,No,34,7,Essential,Yes,5.7,2,Yes
CUST-00256,2024-06-17 18:00:00,Everyday Coffee,Beverages,3,7.46,0.0,22.37,Mobile app,South,No,59,25,Essential,Yes,5.3,2,Yes
CUST-00015,2024-06-18 18:00:00,Travel Mug,Accessories,3,21.9,0.0,65.69,Mobile app,North,No,52,13,Essential,Yes,6.5,2,No
CUST-00138,2024-06-19 10:00:00,Granola Pack,Grocery,2,6.66,0.0,13.31,Store,North,No,50,33,Premium,Yes,5.1,1,No
CUST-00286,2024-06-19 11:00:00,Phone Stand,Electronics,4,16.95,0.0,67.81,Web,East,No,51,24,Plus,Yes,7.4,4,No
CUST-00127,2024-06-19 18:00:00,Travel Mug,Accessories,5,23.06,0.0,115.31,Store,South,No,52,4,Plus,Yes,5.5,1,Yes
CUST-00122,2024-06-19 21:00:00,Gift Candle,Home,1,18.17,0.0,18.17,Web,North,No,61,24,Essential,No,9.5,3,Yes
CUST-00250,2024-06-20 11:00:00,Wireless Charger,Electronics,7,28.86,0.0,202.01,Web,Central,No,49,7,Essential,Yes,5.3,1,Yes
CUST-00155,2024-06-20 12:00:00,Desk Notebook,Stationery,2,9.8,0.0,19.61,Mobile app,West,Yes,60,40,Essential,Yes,8.3,0,No
CUST-00296,2024-06-20 12:00:00,Gift Candle,Home,6,17.57,0.0,105.41,Web,West,No,43,36,Essential,Yes,7.6,1,No
CUST-00066,2024-06-20 13:00:00,Wireless Charger,Electronics,4,28.66,0.0,114.65,Web,North,Yes,38,20,Essential,No,8.6,1,Yes
CUST-00138,2024-06-20 20:00:00,Herbal Tea,Beverages,7,7.04,0.0,49.31,Store,North,No,50,33,Premium,Yes,5.1,1,No
CUST-00032,2024-06-21 09:00:00,Granola Pack,Grocery,4,7.06,0.0,28.24,Mobile app,South,No,65,17,Essential,Yes,4.6,1,Yes
CUST-00089,2024-06-21 11:00:00,Cotton Tote,Accessories,2,14.56,0.0,29.12,Store,North,No,37,31,Plus,No,7.0,3,No
CUST-00025,2024-06-21 12:00:00,Granola Pack,Grocery,3,6.37,0.0,19.1,Store,South,No,33,26,Plus,No,4.6,3,Yes
CUST-00287,2024-06-21 12:00:00,Natural Soap Set,Personal Care,2,11.89,0.0,23.79,Web,South,No,47,22,Essential,Yes,7.6,2,No
CUST-00219,2024-06-21 16:00:00,Everyday Coffee,Beverages,1,8.6,0.0,8.6,Mobile app,Central,No,30,35,Plus,No,6.1,3,No
CUST-00215,2024-06-21 17:00:00,Phone Stand,Electronics,2,16.42,0.0,32.84,Web,North,No,25,17,Plus,Yes,4.8,2,Yes
CUST-00230,2024-06-21 19:00:00,Phone Stand,Electronics,3,18.22,0.05,51.91,Web,Central,Yes,26,42,Premium,No,6.5,3,No
CUST-00212,2024-06-22 10:00:00,Natural Soap Set,Personal Care,3,12.22,0.0,36.65,Mobile app,North,Yes,48,14,Essential,Yes,3.5,1,Yes
CUST-00090,2024-06-22 18:00:00,Gift Candle,Home,3,16.75,0.0,50.25,Web,East,Yes,62,21,Essential,No,7.9,2,Yes
CUST-00319,2024-06-22 21:00:00,Travel Mug,Accessories,1,20.39,0.0,20.39,Mobile app,East,No,59,11,Plus,Yes,7.6,1,No
CUST-00235,2024-06-23 10:00:00,Granola Pack,Grocery,2,6.93,0.0,13.86,Web,Central,Yes,43,7,Premium,No,7.2,1,No
CUST-00124,2024-06-23 12:00:00,Travel Mug,Accessories,5,21.75,0.0,108.76,Mobile app,West,No,48,13,Essential,Yes,7.2,1,No
CUST-00136,2024-06-23 12:00:00,Herbal Tea,Beverages,2,6.99,0.0,13.98,Mobile app,Central,No,64,37,Essential,Yes,9.6,2,No
CUST-00040,2024-06-23 17:00:00,Natural Soap Set,Personal Care,5,11.75,0.0,58.76,Mobile app,North,No,46,6,Essential,Yes,6.5,2,No
CUST-00073,2024-06-23 19:00:00,Phone Stand,Electronics,3,17.78,0.0,53.33,Mobile app,North,No,56,46,Essential,Yes,5.4,3,No
CUST-00137,2024-06-24 11:00:00,Granola Pack,Grocery,4,6.85,0.0,27.41,Web,West,No,38,21,Essential,Yes,5.8,2,Yes
CUST-00044,2024-06-25 09:00:00,Phone Stand,Electronics,3,17.53,0.05,49.96,Store,East,Yes,46,7,Plus,Yes,9.1,2,No
CUST-00151,2024-06-25 11:00:00,Phone Stand,Electronics,4,17.02,0.0,68.07,Store,North,Yes,63,29,Plus,Yes,5.6,1,No
CUST-00015,2024-06-25 13:00:00,Travel Mug,Accessories,3,22.23,0.0,66.69,Mobile app,North,No,52,13,Essential,Yes,6.5,2,No
CUST-00077,2024-06-25 14:00:00,Desk Notebook,Stationery,2,8.89,0.0,17.78,Web,East,No,45,8,Essential,Yes,4.7,2,Yes
CUST-00206,2024-06-25 16:00:00,Travel Mug,Accessories,2,22.42,0.0,44.84,Store,Central,No,29,37,Essential,Yes,8.7,1,No
CUST-00225,2024-06-26 08:00:00,Desk Notebook,Stationery,2,8.7,0.0,17.4,Mobile app,North,No,31,33,Plus,No,4.9,1,Yes
CUST-00053,2024-06-27 14:00:00,Gift Candle,Home,3,17.49,0.0,52.47,Web,North,No,25,25,Premium,No,8.6,1,No
CUST-00198,2024-06-27 14:00:00,Phone Stand,Electronics,2,18.25,0.0,36.5,Web,Central,No,39,27,Plus,No,4.7,4,Yes
CUST-00016,2024-06-27 17:00:00,Herbal Tea,Beverages,1,7.12,0.0,7.12,Mobile app,West,No,55,16,Essential,Yes,9.2,0,No
CUST-00193,2024-06-27 17:00:00,Natural Soap Set,Personal Care,3,13.3,0.0,39.91,Web,East,No,54,21,Essential,Yes,7.5,0,No
CUST-00208,2024-06-27 18:00:00,Desk Notebook,Stationery,3,9.51,0.0,28.53,Store,West,No,32,8,Essential,Yes,5.6,0,Yes
CUST-00117,2024-06-27 20:00:00,Phone Stand,Electronics,3,18.51,0.0,55.54,Web,East,No,44,17,Essential,Yes,6.1,0,No
CUST-00212,2024-06-28 12:00:00,Cotton Tote,Accessories,6,14.52,0.0,87.1,Mobile app,North,No,48,14,Essential,Yes,3.5,1,Yes
CUST-00095,2024-06-29 08:00:00,Phone Stand,Electronics,2,16.01,0.0,32.03,Web,West,No,48,15,Plus,Yes,8.1,0,No
CUST-00106,2024-06-29 08:00:00,Desk Notebook,Stationery,6,9.6,0.0,57.62,Store,North,No,33,31,Essential,Yes,6.3,1,No
CUST-00032,2024-06-29 14:00:00,Gift Candle,Home,5,17.66,0.0,88.29,Mobile app,South,No,65,17,Essential,Yes,4.6,1,Yes
CUST-00071,2024-06-29 14:00:00,Desk Notebook,Stationery,3,9.76,0.0,29.28,Web,Central,No,66,46,Essential,Yes,6.9,1,No
CUST-00203,2024-06-29 18:00:00,Granola Pack,Grocery,3,6.96,0.0,20.87,Mobile app,West,No,60,6,Plus,Yes,5.9,1,Yes
CUST-00259,2024-07-01 08:00:00,Natural Soap Set,Personal Care,7,11.73,0.0,82.09,Store,North,No,47,25,Plus,Yes,6.6,1,No
CUST-00282,2024-07-01 09:00:00,Herbal Tea,Beverages,7,7.05,0.0,49.33,Web,Central,No,48,2,Plus,Yes,5.1,0,Yes
CUST-00273,2024-07-01 20:00:00,Cotton Tote,Accessories,2,15.27,0.0,30.55,Web,West,No,58,19,Essential,Yes,6.5,2,No
CUST-00117,2024-07-02 14:00:00,Cotton Tote,Accessories,6,14.01,0.0,84.07,Web,East,No,44,17,Essential,Yes,6.1,0,No
CUST-00268,2024-07-02 14:00:00,Wireless Charger,Electronics,5,30.14,0.0,150.69,Mobile app,East,No,47,24,Plus,Yes,6.6,0,No
CUST-00133,2024-07-02 19:00:00,Natural Soap Set,Personal Care,3,11.75,0.0,35.24,Mobile app,North,Yes,24,42,Plus,Yes,7.0,4,No
CUST-00075,2024-07-03 11:00:00,Everyday Coffee,Beverages,3,9.06,0.0,27.17,Store,South,No,66,38,Essential,Yes,8.0,2,No
CUST-00261,2024-07-03 20:00:00,Desk Notebook,Stationery,4,8.83,0.0,35.32,Mobile app,Central,No,28,12,Plus,Yes,5.0,0,Yes
CUST-00093,2024-07-04 09:00:00,Travel Mug,Accessories,4,21.67,0.0,86.67,Web,West,No,24,38,Essential,Yes,7.2,3,No
CUST-00212,2024-07-04 10:00:00,Travel Mug,Accessories,3,22.09,0.0,66.26,Mobile app,North,No,48,14,Essential,Yes,3.5,1,Yes
CUST-00066,2024-07-04 11:00:00,Phone Stand,Electronics,3,17.58,0.0,52.73,Web,North,No,38,20,Essential,No,8.6,1,Yes
CUST-00157,2024-07-04 14:00:00,Gift Candle,Home,1,18.8,0.0,18.8,Web,South,No,66,3,Premium,Yes,7.1,1,No
CUST-00121,2024-07-06 16:00:00,Granola Pack,Grocery,1,6.69,0.0,6.69,Store,North,No,39,37,Premium,No,6.8,2,No
CUST-00256,2024-07-06 21:00:00,Everyday Coffee,Beverages,3,8.94,0.0,26.82,Mobile app,South,No,59,25,Essential,Yes,5.3,2,Yes
CUST-00095,2024-07-07 18:00:00,Desk Notebook,Stationery,3,9.23,0.0,27.7,Web,West,No,48,15,Plus,Yes,8.1,0,No
CUST-00215,2024-07-07 18:00:00,Everyday Coffee,Beverages,2,8.69,0.0,17.37,Web,North,No,25,17,Plus,Yes,4.8,2,Yes
CUST-00062,2024-07-07 19:00:00,Herbal Tea,Beverages,3,7.47,0.0,22.4,Web,Central,No,61,22,Plus,No,9.1,0,Yes
CUST-00162,2024-07-07 20:00:00,Phone Stand,Electronics,3,17.9,0.0,53.71,Web,West,No,31,17,Premium,Yes,10.0,0,No
CUST-00086,2024-07-07 21:00:00,Cotton Tote,Accessories,2,14.41,0.0,28.82,Mobile app,South,No,54,4,Plus,No,4.9,3,Yes
CUST-00232,2024-07-08 10:00:00,Phone Stand,Electronics,4,16.39,0.0,65.56,Web,East,No,39,21,Essential,Yes,8.0,1,No
CUST-00040,2024-07-08 12:00:00,Herbal Tea,Beverages,3,7.71,0.0,23.14,Mobile app,North,No,46,6,Essential,Yes,6.5,2,No
CUST-00065,2024-07-08 15:00:00,Granola Pack,Grocery,4,6.8,0.0,27.21,Store,West,No,27,39,Plus,Yes,7.6,0,No
CUST-00055,2024-07-08 19:00:00,Wireless Charger,Electronics,6,28.06,0.0,168.37,Web,Central,No,67,40,Plus,Yes,7.4,1,No
CUST-00184,2024-07-08 20:00:00,Desk Notebook,Stationery,2,8.21,0.0,16.41,Web,North,No,48,44,Plus,No,6.5,3,No
CUST-00129,2024-07-09 15:00:00,Herbal Tea,Beverages,6,6.89,0.0,41.35,Mobile app,South,No,43,36,Plus,No,5.6,0,Yes
CUST-00009,2024-07-10 13:00:00,Travel Mug,Accessories,2,22.45,0.0,44.9,Mobile app,Central,No,37,6,Essential,Yes,8.1,3,Yes
CUST-00261,2024-07-10 18:00:00,Gift Candle,Home,1,17.04,0.0,17.04,Mobile app,Central,No,28,12,Plus,Yes,5.0,0,Yes
CUST-00226,2024-07-11 15:00:00,Cotton Tote,Accessories,1,14.3,0.0,14.3,Web,West,No,24,18,Essential,No,9.4,2,Yes
CUST-00042,2024-07-11 18:00:00,Natural Soap Set,Personal Care,5,12.43,0.0,62.17,Web,North,No,26,30,Essential,Yes,8.0,0,No
CUST-00260,2024-07-12 11:00:00,Cotton Tote,Accessories,6,14.62,0.0,87.73,Store,West,No,48,34,Essential,Yes,6.6,1,No
CUST-00231,2024-07-12 12:00:00,Granola Pack,Grocery,3,6.86,0.0,20.58,Store,West,No,42,41,Essential,Yes,9.4,2,No
CUST-00141,2024-07-12 14:00:00,Phone Stand,Electronics,4,17.97,0.0,71.88,Store,North,No,30,48,Plus,Yes,8.5,2,No
CUST-00042,2024-07-12 17:00:00,Herbal Tea,Beverages,7,6.97,0.0,48.77,Web,North,No,26,30,Essential,Yes,8.0,0,No
CUST-00186,2024-07-12 18:00:00,Cotton Tote,Accessories,2,15.02,0.1,27.04,Store,West,Yes,26,16,Essential,Yes,4.8,0,Yes
CUST-00082,2024-07-12 20:00:00,Wireless Charger,Electronics,3,28.26,0.0,84.78,Mobile app,Central,Yes,38,26,Essential,Yes,5.6,0,No
CUST-00298,2024-07-12 20:00:00,Travel Mug,Accessories,2,22.3,0.0,44.59,Store,East,Yes,42,21,Essential,Yes,7.8,6,Yes
CUST-00135,2024-07-13 13:00:00,Desk Notebook,Stationery,3,8.82,0.0,26.45,Web,Central,No,28,16,Essential,Yes,6.7,2,No
CUST-00150,2024-07-13 14:00:00,Natural Soap Set,Personal Care,5,12.32,0.0,61.62,Web,South,No,31,17,Essential,Yes,7.9,2,No
CUST-00223,2024-07-13 20:00:00,Phone Stand,Electronics,2,18.03,0.05,34.25,Mobile app,North,Yes,30,37,Essential,Yes,7.2,3,No
CUST-00155,2024-07-14 21:00:00,Cotton Tote,Accessories,2,14.75,0.0,29.51,Mobile app,West,No,60,40,Essential,Yes,8.3,0,No
CUST-00124,2024-07-15 10:00:00,Granola Pack,Grocery,4,6.82,0.0,27.29,Mobile app,West,No,48,13,Essential,Yes,7.2,1,No
CUST-00156,2024-07-15 12:00:00,Wireless Charger,Electronics,4,29.83,0.0,119.33,Store,West,No,32,46,Plus,Yes,6.2,2,No
CUST-00262,2024-07-15 13:00:00,Phone Stand,Electronics,4,17.23,0.0,68.92,Mobile app,Central,Yes,23,43,Plus,Yes,7.9,2,No
CUST-00023,2024-07-15 18:00:00,Everyday Coffee,Beverages,3,8.05,0.0,24.15,Store,East,No,63,26,Premium,No,5.4,2,Yes
CUST-00062,2024-07-15 20:00:00,Phone Stand,Electronics,3,18.28,0.0,54.84,Web,Central,No,61,22,Plus,No,9.1,0,Yes
CUST-00069,2024-07-16 10:00:00,Natural Soap Set,Personal Care,4,13.1,0.0,52.38,Mobile app,Central,No,48,33,Essential,No,6.8,0,No
CUST-00253,2024-07-16 11:00:00,Wireless Charger,Electronics,2,28.34,0.0,56.67,Web,Central,No,39,31,Essential,Yes,7.5,2,No
CUST-00235,2024-07-16 18:00:00,Everyday Coffee,Beverages,5,8.14,0.0,40.71,Web,Central,No,43,7,Premium,No,7.2,1,No
CUST-00092,2024-07-16 19:00:00,Gift Candle,Home,1,18.39,0.0,18.39,Store,Central,No,36,39,Essential,No,9.6,1,No
CUST-00118,2024-07-16 19:00:00,Wireless Charger,Electronics,4,30.32,0.0,121.29,Web,North,No,37,20,Premium,Yes,6.2,2,No
CUST-00040,2024-07-17 08:00:00,Granola Pack,Grocery,3,7.49,0.0,22.46,Mobile app,North,No,46,6,Essential,Yes,6.5,2,No
CUST-00066,2024-07-17 08:00:00,Desk Notebook,Stationery,3,9.62,0.0,28.85,Web,North,No,38,20,Essential,No,8.6,1,Yes
CUST-00059,2024-07-17 14:00:00,Gift Candle,Home,5,17.63,0.0,88.16,Web,North,No,66,23,Plus,No,9.3,0,Yes
CUST-00316,2024-07-18 21:00:00,Gift Candle,Home,5,18.12,0.0,90.59,Store,West,No,32,43,Essential,No,7.7,3,No
CUST-00267,2024-07-19 08:00:00,Granola Pack,Grocery,5,6.64,0.0,33.22,Web,Central,No,68,48,Plus,Yes,8.8,0,No
CUST-00018,2024-07-19 10:00:00,Gift Candle,Home,4,18.8,0.0,75.2,Store,East,No,57,24,Plus,Yes,7.7,0,No
CUST-00016,2024-07-19 12:00:00,Travel Mug,Accessories,6,21.98,0.0,131.9,Mobile app,West,No,55,16,Essential,Yes,9.2,0,No
CUST-00203,2024-07-19 16:00:00,Herbal Tea,Beverages,6,7.11,0.0,42.67,Mobile app,West,No,60,6,Plus,Yes,5.9,1,Yes
CUST-00268,2024-07-19 16:00:00,Wireless Charger,Electronics,3,30.66,0.0,91.98,Mobile app,East,No,47,24,Plus,Yes,6.6,0,No
CUST-00271,2024-07-19 20:00:00,Granola Pack,Grocery,2,6.83,0.0,13.67,Mobile app,North,No,22,48,Essential,Yes,5.2,1,No
CUST-00265,2024-07-20 09:00:00,Gift Candle,Home,8,18.82,0.0,150.54,Web,Central,No,35,46,Premium,Yes,8.6,1,No
CUST-00274,2024-07-20 12:00:00,Everyday Coffee,Beverages,3,8.57,0.0,25.7,Web,South,No,49,5,Plus,No,8.0,4,Yes
CUST-00035,2024-07-20 13:00:00,Phone Stand,Electronics,5,18.31,0.0,91.57,Mobile app,East,Yes,41,36,Essential,No,5.5,2,Yes
CUST-00034,2024-07-20 17:00:00,Gift Candle,Home,4,17.93,0.0,71.74,Mobile app,Central,No,33,30,Premium,Yes,5.3,1,No
CUST-00251,2024-07-21 17:00:00,Granola Pack,Grocery,3,6.61,0.0,19.83,Web,South,No,65,32,Essential,No,4.8,0,Yes
CUST-00298,2024-07-22 09:00:00,Herbal Tea,Beverages,3,7.63,0.0,22.88,Store,East,No,42,21,Essential,Yes,7.8,6,Yes
CUST-00043,2024-07-22 13:00:00,Granola Pack,Grocery,5,6.85,0.0,34.25,Web,South,No,57,12,Essential,Yes,5.7,1,Yes
CUST-00258,2024-07-22 13:00:00,Wireless Charger,Electronics,2,29.34,0.0,58.69,Store,East,No,48,12,Essential,Yes,7.4,2,No
CUST-00294,2024-07-22 17:00:00,Everyday Coffee,Beverages,6,8.05,0.0,48.31,Web,Central,No,25,16,Premium,Yes,6.7,0,No
CUST-00232,2024-07-22 19:00:00,Herbal Tea,Beverages,3,7.46,0.0,22.37,Web,East,No,39,21,Essential,Yes,8.0,1,No
CUST-00315,2024-07-23 09:00:00,Natural Soap Set,Personal Care,5,12.63,0.0,63.17,Mobile app,East,No,30,6,Essential,Yes,7.6,1,Yes
CUST-00009,2024-07-23 15:00:00,Cotton Tote,Accessories,3,15.05,0.0,45.14,Mobile app,Central,Yes,37,6,Essential,Yes,8.1,3,Yes
CUST-00249,2024-07-23 20:00:00,Phone Stand,Electronics,3,18.56,0.0,55.69,Store,Central,No,51,26,Plus,Yes,2.9,2,Yes
CUST-00152,2024-07-24 17:00:00,Everyday Coffee,Beverages,2,8.3,0.0,16.6,Web,South,No,41,43,Essential,Yes,5.9,0,No
CUST-00135,2024-07-24 18:00:00,Granola Pack,Grocery,3,6.84,0.0,20.53,Web,Central,No,28,16,Essential,Yes,6.7,2,No
CUST-00064,2024-07-24 19:00:00,Travel Mug,Accessories,6,22.36,0.0,134.17,Mobile app,North,No,67,30,Premium,Yes,6.1,1,No
CUST-00254,2024-07-24 20:00:00,Herbal Tea,Beverages,6,7.1,0.0,42.62,Web,East,No,23,21,Plus,No,9.0,0,Yes
CUST-00237,2024-07-25 11:00:00,Natural Soap Set,Personal Care,5,13.02,0.0,65.09,Web,North,No,62,26,Essential,Yes,5.6,1,Yes
CUST-00120,2024-07-25 16:00:00,Cotton Tote,Accessories,4,14.25,0.0,56.99,Web,South,No,39,46,Essential,Yes,7.5,1,No
CUST-00311,2024-07-25 21:00:00,Phone Stand,Electronics,5,17.86,0.0,89.29,Store,North,No,27,48,Essential,Yes,6.9,1,No
CUST-00267,2024-07-26 08:00:00,Gift Candle,Home,2,18.18,0.0,36.37,Web,Central,No,68,48,Plus,Yes,8.8,0,No
CUST-00149,2024-07-26 14:00:00,Gift Candle,Home,9,19.03,0.0,171.26,Web,West,No,37,7,Premium,Yes,6.5,3,No
CUST-00055,2024-07-26 17:00:00,Natural Soap Set,Personal Care,4,12.69,0.0,50.76,Web,Central,No,67,40,Plus,Yes,7.4,1,No
CUST-00220,2024-07-26 18:00:00,Wireless Charger,Electronics,8,30.15,0.0,241.23,Web,North,No,39,36,Premium,Yes,7.6,0,No
CUST-00160,2024-07-27 12:00:00,Herbal Tea,Beverages,2,6.97,0.0,13.95,Web,West,No,46,4,Plus,No,7.2,4,Yes
CUST-00021,2024-07-27 20:00:00,Travel Mug,Accessories,3,21.89,0.0,65.66,Web,Central,No,21,37,Plus,Yes,5.1,0,Yes
CUST-00281,2024-07-28 18:00:00,Everyday Coffee,Beverages,1,8.79,0.0,8.79,Store,North,No,32,11,Essential,No,7.0,2,Yes
CUST-00204,2024-07-29 12:00:00,Gift Candle,Home,4,17.83,0.0,71.31,Store,East,No,23,9,Plus,Yes,5.9,3,Yes
CUST-00222,2024-07-29 21:00:00,Granola Pack,Grocery,5,6.44,0.0,32.18,Web,East,No,24,34,Essential,Yes,7.8,3,No
CUST-00225,2024-07-29 21:00:00,Natural Soap Set,Personal Care,5,11.79,0.0,58.96,Mobile app,North,No,31,33,Plus,No,4.9,1,Yes
CUST-00300,2024-07-30 12:00:00,Everyday Coffee,Beverages,2,9.16,0.0,18.31,Web,South,No,31,14,Premium,Yes,8.2,1,No
CUST-00112,2024-08-01 09:00:00,Phone Stand,Electronics,4,17.96,0.0,71.82,Mobile app,South,No,33,14,Premium,No,4.9,2,Yes
CUST-00189,2024-08-01 12:00:00,Cotton Tote,Accessories,5,15.11,0.0,75.55,Store,West,No,52,26,Plus,Yes,9.3,2,No
CUST-00151,2024-08-01 20:00:00,Herbal Tea,Beverages,5,6.67,0.0,33.37,Store,North,No,63,29,Plus,Yes,5.6,1,No
CUST-00115,2024-08-02 08:00:00,Natural Soap Set,Personal Care,4,11.02,0.0,44.1,Web,West,No,39,30,Essential,Yes,6.7,2,No
CUST-00281,2024-08-03 11:00:00,Wireless Charger,Electronics,5,28.53,0.0,142.65,Store,North,No,32,11,Essential,No,7.0,2,Yes
CUST-00317,2024-08-03 14:00:00,Phone Stand,Electronics,4,17.1,0.0,68.39,Store,North,No,54,14,Plus,Yes,5.4,0,Yes
CUST-00073,2024-08-03 18:00:00,Phone Stand,Electronics,1,17.52,0.0,17.52,Mobile app,North,No,56,46,Essential,Yes,5.4,3,No
CUST-00143,2024-08-04 08:00:00,Granola Pack,Grocery,5,6.65,0.0,33.24,Store,North,No,52,43,Premium,Yes,7.3,2,No
CUST-00169,2024-08-04 12:00:00,Everyday Coffee,Beverages,2,8.42,0.0,16.84,Web,North,No,30,36,Essential,No,6.9,1,No
CUST-00180,2024-08-04 17:00:00,Everyday Coffee,Beverages,3,8.87,0.05,25.28,Mobile app,West,Yes,46,22,Plus,Yes,7.9,3,No
CUST-00245,2024-08-05 18:00:00,Herbal Tea,Beverages,3,7.47,0.0,22.4,Store,West,No,47,48,Essential,Yes,6.4,0,No
CUST-00117,2024-08-06 09:00:00,Everyday Coffee,Beverages,3,8.35,0.0,25.04,Web,East,No,44,17,Essential,Yes,6.1,0,No
CUST-00039,2024-08-06 11:00:00,Phone Stand,Electronics,5,17.52,0.0,87.59,Web,Central,No,59,33,Premium,Yes,6.7,1,No
CUST-00220,2024-08-06 15:00:00,Natural Soap Set,Personal Care,5,11.94,0.0,59.72,Web,North,No,39,36,Premium,Yes,7.6,0,No
CUST-00208,2024-08-07 10:00:00,Granola Pack,Grocery,6,6.98,0.0,41.89,Store,West,Yes,32,8,Essential,Yes,5.6,0,Yes
CUST-00038,2024-08-07 13:00:00,Natural Soap Set,Personal Care,5,12.74,0.0,63.69,Web,North,No,27,16,Premium,Yes,7.2,1,No
CUST-00122,2024-08-07 18:00:00,Phone Stand,Electronics,4,18.21,0.0,72.83,Web,North,No,61,24,Essential,No,9.5,3,Yes
CUST-00189,2024-08-07 19:00:00,Wireless Charger,Electronics,3,26.9,0.0,80.69,Store,West,No,52,26,Plus,Yes,9.3,2,No
CUST-00259,2024-08-09 08:00:00,Wireless Charger,Electronics,4,27.51,0.0,110.04,Store,North,No,47,25,Plus,Yes,6.6,1,No
CUST-00307,2024-08-09 10:00:00,Wireless Charger,Electronics,4,29.65,0.0,118.62,Web,East,No,57,39,Essential,No,7.0,1,No
CUST-00082,2024-08-09 12:00:00,Travel Mug,Accessories,4,22.66,0.0,90.66,Mobile app,Central,No,38,26,Essential,Yes,5.6,0,No
CUST-00092,2024-08-09 15:00:00,Travel Mug,Accessories,1,23.48,0.0,23.48,Store,Central,No,36,39,Essential,No,9.6,1,No
CUST-00259,2024-08-09 17:00:00,Phone Stand,Electronics,2,17.91,0.0,35.83,Store,North,No,47,25,Plus,Yes,6.6,1,No
CUST-00173,2024-08-10 10:00:00,Desk Notebook,Stationery,4,8.97,0.0,35.88,Mobile app,North,No,22,35,Plus,Yes,7.6,2,No
CUST-00308,2024-08-10 20:00:00,Wireless Charger,Electronics,4,29.17,0.0,116.68,Mobile app,South,Yes,35,27,Plus,Yes,8.0,1,No
CUST-00021,2024-08-11 12:00:00,Everyday Coffee,Beverages,3,8.71,0.0,26.13,Web,Central,No,21,37,Plus,Yes,5.1,0,Yes
CUST-00207,2024-08-11 12:00:00,Wireless Charger,Electronics,3,28.47,0.0,85.42,Web,North,No,32,26,Premium,No,9.8,1,No
CUST-00142,2024-08-11 13:00:00,Everyday Coffee,Beverages,2,8.17,0.0,16.34,Store,East,Yes,33,9,Plus,Yes,6.5,4,Yes
CUST-00130,2024-08-11 15:00:00,Natural Soap Set,Personal Care,6,12.3,0.0,73.8,Mobile app,South,No,59,42,Plus,Yes,7.9,2,No
CUST-00069,2024-08-11 16:00:00,Everyday Coffee,Beverages,5,8.13,0.0,40.65,Mobile app,Central,No,48,33,Essential,No,6.8,0,No
CUST-00141,2024-08-12 12:00:00,Herbal Tea,Beverages,9,6.99,0.0,62.92,Store,North,No,30,48,Plus,Yes,8.5,2,No
CUST-00153,2024-08-12 12:00:00,Wireless Charger,Electronics,4,29.24,0.0,116.94,Mobile app,East,No,51,15,Essential,No,7.6,2,Yes
CUST-00290,2024-08-12 12:00:00,Granola Pack,Grocery,3,7.16,0.0,21.48,Web,South,No,37,37,Plus,Yes,8.6,0,No
CUST-00089,2024-08-12 20:00:00,Granola Pack,Grocery,2,6.63,0.0,13.26,Store,North,Yes,37,31,Plus,No,7.0,3,No
CUST-00045,2024-08-14 13:00:00,Everyday Coffee,Beverages,3,8.45,0.0,25.35,Web,Central,No,57,17,Plus,Yes,5.4,0,Yes
CUST-00151,2024-08-14 15:00:00,Gift Candle,Home,3,17.98,0.0,53.93,Store,North,No,63,29,Plus,Yes,5.6,1,No
CUST-00264,2024-08-14 15:00:00,Phone Stand,Electronics,6,16.96,0.0,101.74,Web,North,Yes,63,40,Essential,Yes,9.3,0,No
CUST-00184,2024-08-14 17:00:00,Gift Candle,Home,2,17.7,0.0,35.4,Web,North,No,48,44,Plus,No,6.5,3,No
CUST-00008,2024-08-14 19:00:00,Phone Stand,Electronics,5,17.46,0.0,87.29,Web,North,No,38,30,Plus,Yes,6.5,0,No
CUST-00191,2024-08-15 15:00:00,Herbal Tea,Beverages,3,7.0,0.0,21.0,Store,East,No,44,10,Essential,No,8.5,0,Yes
CUST-00272,2024-08-15 15:00:00,Cotton Tote,Accessories,6,13.83,0.0,82.96,Web,South,Yes,64,28,Plus,Yes,6.8,0,No
CUST-00283,2024-08-15 21:00:00,Desk Notebook,Stationery,2,9.13,0.0,18.27,Web,East,No,44,21,Essential,No,6.2,1,Yes
CUST-00029,2024-08-16 12:00:00,Cotton Tote,Accessories,4,14.16,0.0,56.64,Web,Central,No,41,20,Plus,Yes,6.7,0,No
CUST-00045,2024-08-16 13:00:00,Natural Soap Set,Personal Care,2,12.92,0.0,25.84,Web,Central,Yes,57,17,Plus,Yes,5.4,0,Yes
CUST-00250,2024-08-16 15:00:00,Natural Soap Set,Personal Care,1,12.47,0.0,12.47,Web,Central,No,49,7,Essential,Yes,5.3,1,Yes
CUST-00142,2024-08-16 16:00:00,Granola Pack,Grocery,2,6.95,0.05,13.2,Store,East,Yes,33,9,Plus,Yes,6.5,4,Yes
CUST-00209,2024-08-16 17:00:00,Natural Soap Set,Personal Care,3,12.75,0.0,38.24,Web,East,No,45,31,Essential,Yes,7.4,0,No
CUST-00222,2024-08-18 14:00:00,Natural Soap Set,Personal Care,3,13.06,0.0,39.17,Web,East,No,24,34,Essential,Yes,7.8,3,No
CUST-00229,2024-08-18 20:00:00,Phone Stand,Electronics,3,17.22,0.0,51.67,Web,South,No,55,3,Essential,Yes,6.0,0,No
CUST-00185,2024-08-19 15:00:00,Cotton Tote,Accessories,6,14.45,0.0,86.7,Store,Central,No,34,13,Essential,Yes,8.2,3,No
CUST-00216,2024-08-19 15:00:00,Granola Pack,Grocery,3,6.2,0.0,18.6,Web,North,No,60,39,Premium,No,7.6,3,No
CUST-00224,2024-08-19 21:00:00,Granola Pack,Grocery,4,7.08,0.0,28.32,Web,East,No,41,27,Premium,Yes,6.4,0,No
CUST-00181,2024-08-20 13:00:00,Travel Mug,Accessories,3,19.57,0.0,58.7,Web,South,No,49,46,Premium,No,6.7,2,No
CUST-00061,2024-08-20 16:00:00,Phone Stand,Electronics,4,16.74,0.0,66.98,Store,North,No,34,7,Essential,Yes,5.7,2,Yes
CUST-00086,2024-08-21 08:00:00,Gift Candle,Home,5,18.37,0.0,91.83,Mobile app,South,No,54,4,Plus,No,4.9,3,Yes
CUST-00035,2024-08-21 11:00:00,Phone Stand,Electronics,1,17.45,0.0,17.45,Mobile app,East,No,41,36,Essential,No,5.5,2,Yes
CUST-00003,2024-08-21 12:00:00,Cotton Tote,Accessories,4,14.79,0.0,59.16,Web,West,No,52,28,Plus,Yes,5.8,1,Yes
CUST-00161,2024-08-21 12:00:00,Natural Soap Set,Personal Care,6,12.26,0.0,73.54,Web,South,No,21,23,Premium,No,8.6,2,No
CUST-00111,2024-08-22 08:00:00,Granola Pack,Grocery,2,7.3,0.0,14.61,Mobile app,South,No,66,4,Plus,Yes,6.5,1,No
CUST-00301,2024-08-22 08:00:00,Herbal Tea,Beverages,1,7.13,0.0,7.13,Web,North,No,29,25,Premium,No,6.1,2,No
CUST-00279,2024-08-22 10:00:00,Granola Pack,Grocery,5,6.67,0.0,33.37,Web,North,No,34,19,Premium,No,4.4,2,Yes
CUST-00252,2024-08-22 15:00:00,Everyday Coffee,Beverages,5,8.31,0.0,41.56,Mobile app,Central,No,60,20,Plus,No,6.8,0,Yes
CUST-00234,2024-08-22 17:00:00,Gift Candle,Home,5,19.18,0.0,95.92,Store,West,No,57,32,Essential,Yes,7.0,1,No
CUST-00077,2024-08-22 19:00:00,Phone Stand,Electronics,8,18.89,0.0,151.09,Web,East,Yes,45,8,Essential,Yes,4.7,2,Yes
CUST-00212,2024-08-23 08:00:00,Cotton Tote,Accessories,4,14.66,0.0,58.66,Mobile app,North,Yes,48,14,Essential,Yes,3.5,1,Yes
CUST-00318,2024-08-23 10:00:00,Granola Pack,Grocery,1,6.81,0.0,6.81,Mobile app,North,No,42,36,Essential,No,6.1,0,No
CUST-00049,2024-08-23 14:00:00,Everyday Coffee,Beverages,4,8.58,0.0,34.33,Store,North,No,42,30,Premium,Yes,6.5,2,No
CUST-00075,2024-08-23 18:00:00,Natural Soap Set,Personal Care,2,12.4,0.0,24.79,Store,South,No,66,38,Essential,Yes,8.0,2,No
CUST-00079,2024-08-24 13:00:00,Phone Stand,Electronics,3,18.41,0.15,46.94,Store,North,Yes,51,8,Essential,Yes,7.0,1,No
CUST-00304,2024-08-24 14:00:00,Wireless Charger,Electronics,3,29.54,0.0,88.62,Web,North,No,53,41,Plus,No,7.4,1,No
CUST-00236,2024-08-24 21:00:00,Travel Mug,Accessories,3,21.19,0.0,63.58,Store,North,No,34,5,Plus,Yes,6.7,0,No
CUST-00149,2024-08-25 10:00:00,Travel Mug,Accessories,1,21.94,0.0,21.94,Web,West,No,37,7,Premium,Yes,6.5,3,No
CUST-00035,2024-08-25 13:00:00,Everyday Coffee,Beverages,3,8.37,0.0,25.1,Mobile app,East,No,41,36,Essential,No,5.5,2,Yes
CUST-00056,2024-08-25 15:00:00,Everyday Coffee,Beverages,4,8.0,0.0,32.02,Web,East,No,40,46,Essential,Yes,7.9,1,No
CUST-00271,2024-08-25 21:00:00,Cotton Tote,Accessories,3,15.09,0.0,45.27,Mobile app,North,No,22,48,Essential,Yes,5.2,1,No
CUST-00245,2024-08-26 10:00:00,Gift Candle,Home,2,17.62,0.0,35.23,Store,West,No,47,48,Essential,Yes,6.4,0,No
CUST-00316,2024-08-26 10:00:00,Natural Soap Set,Personal Care,3,12.04,0.0,36.12,Store,West,No,32,43,Essential,No,7.7,3,No
CUST-00001,2024-08-26 11:00:00,Granola Pack,Grocery,7,6.53,0.0,45.72,Web,North,No,31,44,Plus,Yes,7.1,2,No
CUST-00243,2024-08-26 11:00:00,Desk Notebook,Stationery,4,9.09,0.0,36.37,Store,South,Yes,27,44,Plus,Yes,7.0,1,No
CUST-00040,2024-08-26 12:00:00,Everyday Coffee,Beverages,6,8.87,0.0,53.23,Mobile app,North,No,46,6,Essential,Yes,6.5,2,No
CUST-00167,2024-08-26 17:00:00,Desk Notebook,Stationery,4,8.77,0.0,35.08,Store,South,No,27,40,Plus,Yes,7.4,2,No
CUST-00083,2024-08-27 08:00:00,Phone Stand,Electronics,6,16.92,0.0,101.51,Web,Central,No,61,39,Plus,No,10.0,0,No
CUST-00054,2024-08-27 09:00:00,Everyday Coffee,Beverages,3,8.89,0.15,22.66,Mobile app,North,Yes,44,18,Essential,Yes,8.5,1,No
CUST-00233,2024-08-27 14:00:00,Everyday Coffee,Beverages,7,8.05,0.0,56.32,Web,East,No,57,28,Essential,Yes,5.7,1,Yes
CUST-00069,2024-08-27 21:00:00,Herbal Tea,Beverages,2,7.52,0.0,15.05,Mobile app,Central,No,48,33,Essential,No,6.8,0,No
CUST-00154,2024-08-28 09:00:00,Herbal Tea,Beverages,1,7.14,0.0,7.14,Web,South,No,63,12,Premium,Yes,5.7,1,No
CUST-00192,2024-08-28 11:00:00,Travel Mug,Accessories,2,21.38,0.0,42.77,Web,North,No,48,17,Essential,No,4.4,1,Yes
CUST-00105,2024-08-28 15:00:00,Cotton Tote,Accessories,5,14.38,0.0,71.9,Mobile app,West,Yes,48,46,Essential,No,7.4,2,No
CUST-00143,2024-08-28 15:00:00,Phone Stand,Electronics,1,17.23,0.0,17.23,Store,North,No,52,43,Premium,Yes,7.3,2,No
CUST-00269,2024-08-28 18:00:00,Everyday Coffee,Beverages,1,8.55,0.0,8.55,Web,West,No,25,20,Essential,Yes,6.4,2,No
CUST-00100,2024-08-29 12:00:00,Travel Mug,Accessories,4,23.38,0.0,93.51,Web,West,No,51,32,Plus,No,7.2,4,Yes
CUST-00134,2024-08-29 16:00:00,Gift Candle,Home,2,19.24,0.0,38.48,Web,East,No,56,44,Plus,Yes,4.8,3,No
CUST-00269,2024-08-29 16:00:00,Cotton Tote,Accessories,1,15.03,0.0,15.03,Web,West,No,25,20,Essential,Yes,6.4,2,No
CUST-00128,2024-08-30 18:00:00,Wireless Charger,Electronics,3,26.79,0.0,80.37,Mobile app,North,No,39,45,Plus,Yes,4.7,1,No
CUST-00132,2024-08-30 20:00:00,Travel Mug,Accessories,1,22.88,0.0,22.88,Web,North,No,45,33,Essential,Yes,8.9,2,No
CUST-00048,2024-09-01 08:00:00,Cotton Tote,Accessories,3,14.61,0.05,41.64,Web,North,Yes,37,34,Plus,Yes,9.5,0,No
CUST-00150,2024-09-01 09:00:00,Natural Soap Set,Personal Care,4,12.31,0.0,49.23,Web,South,No,31,17,Essential,Yes,7.9,2,No
CUST-00019,2024-09-01 15:00:00,Desk Notebook,Stationery,3,8.81,0.0,26.44,Web,Central,No,57,3,Essential,No,5.3,0,Yes
CUST-00228,2024-09-02 12:00:00,Natural Soap Set,Personal Care,5,12.45,0.0,62.24,Web,South,No,24,10,Plus,Yes,8.2,0,No
CUST-00087,2024-09-02 20:00:00,Cotton Tote,Accessories,4,14.51,0.1,52.22,Mobile app,West,Yes,39,23,Essential,No,6.4,2,Yes
CUST-00209,2024-09-03 08:00:00,Granola Pack,Grocery,5,6.77,0.0,33.83,Web,East,No,45,31,Essential,Yes,7.4,0,No
CUST-00167,2024-09-03 09:00:00,Gift Candle,Home,9,17.45,0.0,157.05,Store,South,Yes,27,40,Plus,Yes,7.4,2,No
CUST-00038,2024-09-03 12:00:00,Cotton Tote,Accessories,3,13.56,0.0,40.67,Web,North,No,27,16,Premium,Yes,7.2,1,No
CUST-00286,2024-09-03 13:00:00,Travel Mug,Accessories,5,22.05,0.0,110.27,Web,East,No,51,24,Plus,Yes,7.4,4,No
CUST-00276,2024-09-03 18:00:00,Natural Soap Set,Personal Care,8,12.96,0.05,98.47,Web,East,Yes,68,36,Premium,Yes,4.2,3,No
CUST-00136,2024-09-03 19:00:00,Herbal Tea,Beverages,2,7.11,0.0,14.22,Mobile app,Central,No,64,37,Essential,Yes,9.6,2,No
CUST-00257,2024-09-04 09:00:00,Granola Pack,Grocery,6,6.68,0.0,40.1,Mobile app,North,No,61,7,Plus,Yes,10.0,2,No
CUST-00287,2024-09-04 09:00:00,Everyday Coffee,Beverages,4,8.68,0.0,34.73,Web,South,No,47,22,Essential,Yes,7.6,2,No
CUST-00264,2024-09-04 11:00:00,Travel Mug,Accessories,6,20.54,0.0,123.27,Web,North,No,63,40,Essential,Yes,9.3,0,No
CUST-00256,2024-09-04 12:00:00,Cotton Tote,Accessories,2,13.81,0.0,27.62,Mobile app,South,No,59,25,Essential,Yes,5.3,2,Yes
CUST-00125,2024-09-04 14:00:00,Phone Stand,Electronics,5,17.7,0.0,88.51,Store,South,No,34,35,Essential,Yes,6.1,2,No
CUST-00066,2024-09-04 20:00:00,Herbal Tea,Beverages,4,7.72,0.0,30.89,Web,North,No,38,20,Essential,No,8.6,1,Yes
CUST-00271,2024-09-05 14:00:00,Everyday Coffee,Beverages,6,8.88,0.0,53.27,Mobile app,North,No,22,48,Essential,Yes,5.2,1,No
CUST-00289,2024-09-06 11:00:00,Wireless Charger,Electronics,3,26.5,0.0,79.5,Web,North,No,39,3,Premium,Yes,7.1,1,No
CUST-00113,2024-09-06 16:00:00,Herbal Tea,Beverages,4,6.68,0.05,25.39,Web,North,Yes,22,32,Essential,Yes,6.2,2,No
CUST-00080,2024-09-06 18:00:00,Cotton Tote,Accessories,2,14.95,0.0,29.89,Mobile app,South,No,66,27,Premium,Yes,6.8,0,No
CUST-00277,2024-09-06 18:00:00,Natural Soap Set,Personal Care,2,12.28,0.0,24.56,Mobile app,East,No,38,42,Essential,Yes,7.1,1,No
CUST-00260,2024-09-06 20:00:00,Natural Soap Set,Personal Care,3,11.45,0.0,34.36,Store,West,Yes,48,34,Essential,Yes,6.6,1,No
CUST-00320,2024-09-07 08:00:00,Desk Notebook,Stationery,3,9.11,0.0,27.32,Mobile app,South,No,42,34,Plus,Yes,7.8,2,No
CUST-00211,2024-09-08 13:00:00,Phone Stand,Electronics,1,18.28,0.0,18.28,Store,East,No,49,44,Plus,Yes,10.0,1,No
CUST-00084,2024-09-08 16:00:00,Everyday Coffee,Beverages,5,8.12,0.0,40.6,Web,South,No,56,48,Premium,Yes,5.6,2,No
CUST-00041,2024-09-09 12:00:00,Granola Pack,Grocery,6,6.06,0.0,36.35,Mobile app,North,No,65,32,Premium,No,8.0,1,No
CUST-00305,2024-09-09 16:00:00,Phone Stand,Electronics,3,16.28,0.0,48.84,Mobile app,East,No,54,22,Plus,Yes,8.8,2,No
CUST-00054,2024-09-10 14:00:00,Natural Soap Set,Personal Care,5,12.88,0.0,64.38,Mobile app,North,No,44,18,Essential,Yes,8.5,1,No
CUST-00067,2024-09-10 18:00:00,Phone Stand,Electronics,1,18.94,0.0,18.94,Web,North,No,44,6,Premium,Yes,6.2,0,No
CUST-00125,2024-09-10 19:00:00,Cotton Tote,Accessories,6,13.66,0.0,81.96,Store,South,Yes,34,35,Essential,Yes,6.1,2,No
CUST-00289,2024-09-10 19:00:00,Wireless Charger,Electronics,4,26.45,0.0,105.81,Web,North,No,39,3,Premium,Yes,7.1,1,No
CUST-00230,2024-09-11 08:00:00,Wireless Charger,Electronics,5,28.85,0.0,144.23,Web,Central,No,26,42,Premium,No,6.5,3,No
CUST-00284,2024-09-11 12:00:00,Cotton Tote,Accessories,2,14.13,0.0,28.26,Web,South,No,45,21,Premium,Yes,7.1,2,No
CUST-00057,2024-09-11 20:00:00,Natural Soap Set,Personal Care,1,12.5,0.0,12.5,Web,South,No,23,3,Essential,Yes,8.3,0,No
CUST-00235,2024-09-11 20:00:00,Granola Pack,Grocery,5,6.63,0.0,33.13,Web,Central,No,43,7,Premium,No,7.2,1,No
CUST-00017,2024-09-11 21:00:00,Travel Mug,Accessories,1,20.99,0.0,20.99,Mobile app,West,No,35,29,Essential,Yes,8.0,0,No
CUST-00158,2024-09-12 13:00:00,Herbal Tea,Beverages,1,7.38,0.0,7.38,Mobile app,West,No,60,48,Plus,Yes,6.9,0,No
CUST-00193,2024-09-12 17:00:00,Everyday Coffee,Beverages,2,8.11,0.0,16.23,Web,East,No,54,21,Essential,Yes,7.5,0,No
CUST-00027,2024-09-13 12:00:00,Everyday Coffee,Beverages,4,7.97,0.0,31.89,Store,South,No,33,9,Premium,Yes,8.2,3,No
CUST-00186,2024-09-14 08:00:00,Everyday Coffee,Beverages,1,8.25,0.0,8.25,Store,West,No,26,16,Essential,Yes,4.8,0,Yes
CUST-00279,2024-09-14 13:00:00,Wireless Charger,Electronics,2,28.32,0.0,56.64,Web,North,No,34,19,Premium,No,4.4,2,Yes
CUST-00298,2024-09-14 13:00:00,Cotton Tote,Accessories,4,13.61,0.0,54.46,Store,East,No,42,21,Essential,Yes,7.8,6,Yes
CUST-00317,2024-09-14 19:00:00,Gift Candle,Home,2,17.4,0.0,34.8,Store,North,No,54,14,Plus,Yes,5.4,0,Yes
CUST-00169,2024-09-14 20:00:00,Gift Candle,Home,7,18.17,0.0,127.22,Web,North,No,30,36,Essential,No,6.9,1,No
CUST-00164,2024-09-15 10:00:00,Phone Stand,Electronics,3,17.34,0.0,52.02,Mobile app,East,No,39,48,Essential,Yes,7.4,3,No
CUST-00216,2024-09-15 14:00:00,Everyday Coffee,Beverages,6,8.57,0.0,51.4,Web,North,Yes,60,39,Premium,No,7.6,3,No
CUST-00023,2024-09-16 10:00:00,Granola Pack,Grocery,2,6.96,0.0,13.92,Store,East,No,63,26,Premium,No,5.4,2,Yes
CUST-00006,2024-09-16 11:00:00,Travel Mug,Accessories,3,22.48,0.0,67.44,Store,Central,No,35,12,Plus,Yes,7.0,1,No
CUST-00044,2024-09-16 11:00:00,Wireless Charger,Electronics,1,30.7,0.0,30.7,Store,East,No,46,7,Plus,Yes,9.1,2,No
CUST-00081,2024-09-16 16:00:00,Natural Soap Set,Personal Care,2,12.16,0.0,24.32,Mobile app,South,No,27,21,Essential,Yes,7.2,2,No
CUST-00191,2024-09-17 11:00:00,Wireless Charger,Electronics,4,27.3,0.0,109.2,Store,East,No,44,10,Essential,No,8.5,0,Yes
CUST-00312,2024-09-17 14:00:00,Phone Stand,Electronics,2,17.92,0.0,35.84,Web,East,No,49,12,Essential,Yes,6.3,2,No
CUST-00247,2024-09-17 16:00:00,Gift Candle,Home,4,18.45,0.0,73.79,Mobile app,North,No,65,27,Premium,No,7.2,2,No
CUST-00067,2024-09-17 18:00:00,Everyday Coffee,Beverages,1,8.49,0.0,8.49,Web,North,No,44,6,Premium,Yes,6.2,0,No
CUST-00308,2024-09-18 12:00:00,Cotton Tote,Accessories,3,15.47,0.0,46.4,Mobile app,South,Yes,35,27,Plus,Yes,8.0,1,No
CUST-00245,2024-09-18 14:00:00,Granola Pack,Grocery,1,6.46,0.0,6.46,Store,West,No,47,48,Essential,Yes,6.4,0,No
CUST-00134,2024-09-18 17:00:00,Phone Stand,Electronics,3,18.31,0.0,54.92,Web,East,No,56,44,Plus,Yes,4.8,3,No
CUST-00182,2024-09-18 18:00:00,Desk Notebook,Stationery,3,10.02,0.0,30.05,Web,West,Yes,59,37,Essential,No,5.5,0,Yes
CUST-00190,2024-09-18 21:00:00,Phone Stand,Electronics,6,16.52,0.0,99.13,Web,East,No,56,14,Plus,Yes,5.4,4,Yes
CUST-00037,2024-09-19 11:00:00,Natural Soap Set,Personal Care,3,13.11,0.0,39.33,Mobile app,West,Yes,35,18,Plus,Yes,9.7,1,No
CUST-00239,2024-09-19 12:00:00,Everyday Coffee,Beverages,4,8.92,0.0,35.68,Web,East,No,33,21,Essential,Yes,7.8,1,No
CUST-00035,2024-09-19 21:00:00,Gift Candle,Home,5,17.78,0.0,88.92,Mobile app,East,No,41,36,Essential,No,5.5,2,Yes
CUST-00197,2024-09-19 21:00:00,Everyday Coffee,Beverages,2,8.16,0.0,16.31,Mobile app,East,No,61,33,Plus,Yes,4.2,2,No
CUST-00261,2024-09-20 11:00:00,Phone Stand,Electronics,1,18.43,0.0,18.43,Mobile app,Central,No,28,12,Plus,Yes,5.0,0,Yes
CUST-00195,2024-09-20 12:00:00,Gift Candle,Home,5,16.73,0.0,83.64,Mobile app,West,No,42,4,Plus,Yes,7.5,1,No
CUST-00260,2024-09-20 20:00:00,Everyday Coffee,Beverages,3,8.96,0.0,26.88,Store,West,No,48,34,Essential,Yes,6.6,1,No
CUST-00276,2024-09-21 20:00:00,Everyday Coffee,Beverages,5,9.04,0.0,45.19,Web,East,No,68,36,Premium,Yes,4.2,3,No
CUST-00183,2024-09-22 09:00:00,Natural Soap Set,Personal Care,2,11.77,0.0,23.53,Web,South,No,52,5,Essential,Yes,6.7,0,No
CUST-00309,2024-09-22 14:00:00,Granola Pack,Grocery,5,6.56,0.0,32.82,Mobile app,West,No,47,31,Plus,No,6.6,1,Yes
CUST-00119,2024-09-22 17:00:00,Everyday Coffee,Beverages,4,8.25,0.0,33.0,Web,West,No,52,11,Essential,Yes,7.0,3,No
CUST-00227,2024-09-22 20:00:00,Everyday Coffee,Beverages,4,7.91,0.0,31.65,Store,East,No,47,39,Plus,Yes,8.6,1,No
CUST-00191,2024-09-22 21:00:00,Granola Pack,Grocery,3,6.81,0.0,20.44,Store,East,No,44,10,Essential,No,8.5,0,Yes
CUST-00034,2024-09-23 08:00:00,Granola Pack,Grocery,7,6.59,0.0,46.14,Mobile app,Central,No,33,30,Premium,Yes,5.3,1,No
CUST-00097,2024-09-23 13:00:00,Herbal Tea,Beverages,7,7.54,0.0,52.76,Mobile app,West,No,59,22,Essential,Yes,7.9,1,No
CUST-00009,2024-09-23 19:00:00,Desk Notebook,Stationery,3,9.0,0.0,27.01,Mobile app,Central,No,37,6,Essential,Yes,8.1,3,Yes
CUST-00006,2024-09-23 20:00:00,Phone Stand,Electronics,7,17.66,0.0,123.65,Store,Central,No,35,12,Plus,Yes,7.0,1,No
CUST-00095,2024-09-23 20:00:00,Wireless Charger,Electronics,3,30.18,0.0,90.53,Web,West,No,48,15,Plus,Yes,8.1,0,No
CUST-00071,2024-09-23 21:00:00,Herbal Tea,Beverages,5,7.48,0.0,37.4,Web,Central,No,66,46,Essential,Yes,6.9,1,No
CUST-00105,2024-09-24 12:00:00,Wireless Charger,Electronics,2,30.41,0.0,60.83,Mobile app,West,No,48,46,Essential,No,7.4,2,No
CUST-00044,2024-09-24 16:00:00,Desk Notebook,Stationery,5,8.85,0.0,44.25,Store,East,No,46,7,Plus,Yes,9.1,2,No
CUST-00318,2024-09-25 09:00:00,Phone Stand,Electronics,5,16.68,0.0,83.38,Mobile app,North,No,42,36,Essential,No,6.1,0,No
CUST-00134,2024-09-25 10:00:00,Desk Notebook,Stationery,4,8.96,0.0,35.82,Web,East,No,56,44,Plus,Yes,4.8,3,No
CUST-00237,2024-09-25 13:00:00,Phone Stand,Electronics,1,17.0,0.0,17.0,Web,North,No,62,26,Essential,Yes,5.6,1,Yes
CUST-00112,2024-09-25 17:00:00,Phone Stand,Electronics,3,17.24,0.0,51.73,Mobile app,South,No,33,14,Premium,No,4.9,2,Yes
CUST-00285,2024-09-26 12:00:00,Cotton Tote,Accessories,4,14.37,0.05,54.61,Web,North,Yes,58,2,Plus,Yes,5.1,1,Yes
CUST-00303,2024-09-26 13:00:00,Wireless Charger,Electronics,3,31.06,0.0,93.18,Web,South,No,56,13,Plus,Yes,9.0,1,No
CUST-00212,2024-09-26 16:00:00,Desk Notebook,Stationery,5,9.09,0.0,45.44,Mobile app,North,No,48,14,Essential,Yes,3.5,1,Yes
CUST-00229,2024-09-26 18:00:00,Phone Stand,Electronics,4,16.91,0.0,67.63,Web,South,No,55,3,Essential,Yes,6.0,0,No
CUST-00275,2024-09-27 11:00:00,Natural Soap Set,Personal Care,4,12.57,0.0,50.29,Web,West,Yes,68,26,Plus,Yes,7.0,1,No
CUST-00169,2024-09-27 17:00:00,Everyday Coffee,Beverages,4,8.33,0.0,33.31,Web,North,No,30,36,Essential,No,6.9,1,No
CUST-00234,2024-09-27 17:00:00,Herbal Tea,Beverages,1,6.76,0.0,6.76,Store,West,No,57,32,Essential,Yes,7.0,1,No
CUST-00246,2024-09-28 10:00:00,Granola Pack,Grocery,3,6.84,0.0,20.51,Store,North,No,24,18,Plus,No,8.6,2,Yes
CUST-00143,2024-10-01 13:00:00,Desk Notebook,Stationery,2,8.89,0.0,17.79,Store,North,No,52,43,Premium,Yes,7.3,2,No
CUST-00177,2024-10-01 15:00:00,Herbal Tea,Beverages,1,6.96,0.0,6.96,Web,Central,No,24,47,Premium,No,6.5,1,No
CUST-00201,2024-10-01 18:00:00,Cotton Tote,Accessories,2,14.75,0.0,29.51,Mobile app,South,Yes,25,3,Premium,No,5.7,1,Yes
CUST-00005,2024-10-02 11:00:00,Granola Pack,Grocery,1,6.59,0.0,6.59,Mobile app,North,No,44,37,Plus,No,4.4,0,Yes
CUST-00225,2024-10-02 15:00:00,Herbal Tea,Beverages,1,6.73,0.0,6.73,Mobile app,North,No,31,33,Plus,No,4.9,1,Yes
CUST-00196,2024-10-02 21:00:00,Natural Soap Set,Personal Care,3,13.02,0.0,39.06,Mobile app,Central,No,48,9,Plus,Yes,6.0,3,No
CUST-00118,2024-10-03 09:00:00,Cotton Tote,Accessories,4,15.18,0.0,60.72,Web,North,No,37,20,Premium,Yes,6.2,2,No
CUST-00020,2024-10-03 11:00:00,Granola Pack,Grocery,5,7.14,0.0,35.7,Mobile app,East,No,34,29,Essential,Yes,7.9,2,No
CUST-00257,2024-10-03 14:00:00,Wireless Charger,Electronics,2,29.41,0.0,58.83,Mobile app,North,No,61,7,Plus,Yes,10.0,2,No
CUST-00153,2024-10-03 16:00:00,Cotton Tote,Accessories,1,14.6,0.0,14.6,Mobile app,East,No,51,15,Essential,No,7.6,2,Yes
CUST-00192,2024-10-04 09:00:00,Desk Notebook,Stationery,3,9.47,0.0,28.4,Web,North,No,48,17,Essential,No,4.4,1,Yes
CUST-00178,2024-10-04 16:00:00,Travel Mug,Accessories,4,23.65,0.0,94.59,Mobile app,West,No,30,39,Essential,Yes,8.8,0,No
CUST-00137,2024-10-05 08:00:00,Gift Candle,Home,4,19.64,0.0,78.54,Web,West,No,38,21,Essential,Yes,5.8,2,Yes
CUST-00240,2024-10-05 08:00:00,Phone Stand,Electronics,3,18.63,0.05,53.11,Web,North,Yes,32,6,Plus,Yes,6.7,1,No
CUST-00261,2024-10-05 10:00:00,Gift Candle,Home,2,18.43,0.0,36.86,Mobile app,Central,No,28,12,Plus,Yes,5.0,0,Yes
CUST-00256,2024-10-05 13:00:00,Granola Pack,Grocery,3,6.91,0.0,20.72,Mobile app,South,No,59,25,Essential,Yes,5.3,2,Yes
CUST-00029,2024-10-05 14:00:00,Travel Mug,Accessories,5,20.38,0.0,101.89,Web,Central,No,41,20,Plus,Yes,6.7,0,No
CUST-00046,2024-10-05 15:00:00,Everyday Coffee,Beverages,3,8.57,0.0,25.71,Web,West,No,47,26,Premium,No,6.6,0,No
CUST-00154,2024-10-05 16:00:00,Desk Notebook,Stationery,6,9.66,0.0,57.94,Web,South,No,63,12,Premium,Yes,5.7,1,No
CUST-00002,2024-10-05 19:00:00,Desk Notebook,Stationery,2,9.41,0.0,18.83,Web,East,No,27,3,Plus,No,7.1,2,Yes
CUST-00038,2024-10-05 20:00:00,Travel Mug,Accessories,3,22.79,0.0,68.37,Web,North,No,27,16,Premium,Yes,7.2,1,No
CUST-00262,2024-10-05 21:00:00,Herbal Tea,Beverages,1,6.85,0.0,6.85,Mobile app,Central,No,23,43,Plus,Yes,7.9,2,No
CUST-00206,2024-10-07 12:00:00,Phone Stand,Electronics,5,17.36,0.0,86.79,Store,Central,No,29,37,Essential,Yes,8.7,1,No
CUST-00134,2024-10-07 17:00:00,Granola Pack,Grocery,5,7.0,0.0,34.98,Web,East,No,56,44,Plus,Yes,4.8,3,No
CUST-00223,2024-10-07 21:00:00,Granola Pack,Grocery,3,6.55,0.0,19.65,Mobile app,North,No,30,37,Essential,Yes,7.2,3,No
CUST-00318,2024-10-07 21:00:00,Herbal Tea,Beverages,2,7.83,0.0,15.66,Mobile app,North,No,42,36,Essential,No,6.1,0,No
CUST-00212,2024-10-08 15:00:00,Herbal Tea,Beverages,3,7.42,0.0,22.26,Mobile app,North,No,48,14,Essential,Yes,3.5,1,Yes
CUST-00227,2024-10-09 08:00:00,Desk Notebook,Stationery,1,9.57,0.0,9.57,Store,East,No,47,39,Plus,Yes,8.6,1,No
CUST-00177,2024-10-09 15:00:00,Desk Notebook,Stationery,4,8.97,0.0,35.86,Web,Central,No,24,47,Premium,No,6.5,1,No
CUST-00202,2024-10-09 21:00:00,Natural Soap Set,Personal Care,2,13.15,0.1,23.68,Store,North,Yes,26,27,Premium,Yes,8.3,2,No
CUST-00166,2024-10-10 09:00:00,Phone Stand,Electronics,4,16.29,0.0,65.17,Web,East,No,24,47,Essential,Yes,5.7,3,No
CUST-00026,2024-10-10 20:00:00,Wireless Charger,Electronics,4,29.82,0.0,119.26,Store,East,No,49,14,Essential,Yes,8.8,1,No
CUST-00254,2024-10-11 11:00:00,Travel Mug,Accessories,1,23.64,0.0,23.64,Web,East,No,23,21,Plus,No,9.0,0,Yes
CUST-00104,2024-10-11 13:00:00,Wireless Charger,Electronics,3,28.15,0.0,84.46,Store,Central,No,61,7,Premium,Yes,6.8,4,No
CUST-00033,2024-10-12 20:00:00,Desk Notebook,Stationery,6,8.09,0.0,48.53,Web,North,No,37,28,Plus,No,6.3,3,Yes
CUST-00285,2024-10-12 20:00:00,Cotton Tote,Accessories,6,14.53,0.0,87.21,Web,North,No,58,2,Plus,Yes,5.1,1,Yes
CUST-00023,2024-10-13 13:00:00,Phone Stand,Electronics,3,17.61,0.0,52.84,Store,East,No,63,26,Premium,No,5.4,2,Yes
CUST-00046,2024-10-13 20:00:00,Phone Stand,Electronics,3,18.35,0.0,55.04,Web,West,No,47,26,Premium,No,6.6,0,No
CUST-00311,2024-10-14 16:00:00,Cotton Tote,Accessories,1,15.3,0.0,15.3,Store,North,No,27,48,Essential,Yes,6.9,1,No
CUST-00263,2024-10-14 17:00:00,Phone Stand,Electronics,3,18.26,0.0,54.79,Mobile app,East,No,43,15,Plus,Yes,7.5,1,No
CUST-00066,2024-10-14 21:00:00,Cotton Tote,Accessories,6,14.26,0.0,85.56,Web,North,No,38,20,Essential,No,8.6,1,Yes
CUST-00294,2024-10-15 15:00:00,Gift Candle,Home,6,18.39,0.0,110.33,Web,Central,Yes,25,16,Premium,Yes,6.7,0,No
CUST-00296,2024-10-15 16:00:00,Gift Candle,Home,3,18.16,0.0,54.47,Web,West,No,43,36,Essential,Yes,7.6,1,No
CUST-00214,2024-10-15 17:00:00,Herbal Tea,Beverages,3,7.31,0.0,21.94,Store,Central,No,49,29,Essential,No,7.9,2,No
CUST-00304,2024-10-15 18:00:00,Travel Mug,Accessories,4,22.49,0.0,89.97,Web,North,No,53,41,Plus,No,7.4,1,No
CUST-00163,2024-10-15 19:00:00,Desk Notebook,Stationery,3,9.01,0.0,27.02,Web,East,No,51,22,Essential,No,5.3,1,Yes
CUST-00278,2024-10-15 21:00:00,Granola Pack,Grocery,2,6.95,0.0,13.91,Web,Central,No,32,21,Essential,Yes,9.1,1,No
CUST-00172,2024-10-16 10:00:00,Cotton Tote,Accessories,5,13.44,0.0,67.22,Mobile app,North,No,22,2,Plus,No,7.4,0,Yes
CUST-00286,2024-10-16 15:00:00,Everyday Coffee,Beverages,1,8.04,0.0,8.04,Web,East,No,51,24,Plus,Yes,7.4,4,No
CUST-00057,2024-10-16 18:00:00,Gift Candle,Home,4,19.14,0.0,76.54,Web,South,No,23,3,Essential,Yes,8.3,0,No
CUST-00259,2024-10-16 18:00:00,Phone Stand,Electronics,6,17.05,0.0,102.33,Store,North,No,47,25,Plus,Yes,6.6,1,No
CUST-00241,2024-10-17 13:00:00,Gift Candle,Home,7,17.18,0.0,120.26,Mobile app,North,No,63,11,Premium,Yes,4.7,2,Yes
CUST-00121,2024-10-17 17:00:00,Natural Soap Set,Personal Care,3,12.09,0.0,36.28,Store,North,No,39,37,Premium,No,6.8,2,No
CUST-00212,2024-10-17 20:00:00,Granola Pack,Grocery,2,7.15,0.0,14.31,Mobile app,North,No,48,14,Essential,Yes,3.5,1,Yes
CUST-00222,2024-10-18 08:00:00,Desk Notebook,Stationery,6,9.56,0.0,57.38,Web,East,No,24,34,Essential,Yes,7.8,3,No
CUST-00070,2024-10-18 11:00:00,Granola Pack,Grocery,4,6.99,0.0,27.95,Mobile app,North,No,62,28,Premium,Yes,6.8,1,No
CUST-00166,2024-10-18 11:00:00,Herbal Tea,Beverages,4,6.92,0.0,27.67,Web,East,No,24,47,Essential,Yes,5.7,3,No
CUST-00127,2024-10-18 16:00:00,Cotton Tote,Accessories,4,14.25,0.0,56.99,Store,South,No,52,4,Plus,Yes,5.5,1,Yes
CUST-00113,2024-10-19 08:00:00,Everyday Coffee,Beverages,6,9.38,0.0,56.3,Web,North,No,22,32,Essential,Yes,6.2,2,No
CUST-00060,2024-10-19 14:00:00,Granola Pack,Grocery,4,6.9,0.0,27.61,Web,North,No,34,33,Plus,No,4.1,4,Yes
CUST-00130,2024-10-19 15:00:00,Gift Candle,Home,4,18.27,0.0,73.07,Mobile app,South,No,59,42,Plus,Yes,7.9,2,No
CUST-00289,2024-10-19 20:00:00,Herbal Tea,Beverages,5,7.8,0.0,39.02,Web,North,No,39,3,Premium,Yes,7.1,1,No
CUST-00290,2024-10-19 20:00:00,Cotton Tote,Accessories,7,14.2,0.0,99.42,Web,South,No,37,37,Plus,Yes,8.6,0,No
CUST-00304,2024-10-20 08:00:00,Natural Soap Set,Personal Care,2,12.14,0.0,24.28,Web,North,No,53,41,Plus,No,7.4,1,No
CUST-00106,2024-10-20 11:00:00,Granola Pack,Grocery,8,6.9,0.0,55.17,Store,North,No,33,31,Essential,Yes,6.3,1,No
CUST-00130,2024-10-20 11:00:00,Travel Mug,Accessories,5,21.07,0.0,105.33,Mobile app,South,No,59,42,Plus,Yes,7.9,2,No
CUST-00273,2024-10-20 11:00:00,Granola Pack,Grocery,5,6.67,0.0,33.35,Web,West,No,58,19,Essential,Yes,6.5,2,No
CUST-00004,2024-10-20 16:00:00,Phone Stand,Electronics,6,17.78,0.0,106.71,Web,North,Yes,49,46,Essential,Yes,7.5,1,No
CUST-00028,2024-10-20 19:00:00,Cotton Tote,Accessories,3,15.5,0.0,46.49,Web,Central,No,61,6,Plus,Yes,4.4,1,Yes
CUST-00155,2024-10-21 13:00:00,Everyday Coffee,Beverages,4,8.19,0.0,32.75,Mobile app,West,No,60,40,Essential,Yes,8.3,0,No
CUST-00184,2024-10-21 13:00:00,Cotton Tote,Accessories,8,14.93,0.0,119.46,Web,North,No,48,44,Plus,No,6.5,3,No
CUST-00081,2024-10-22 11:00:00,Everyday Coffee,Beverages,4,8.56,0.0,34.26,Mobile app,South,No,27,21,Essential,Yes,7.2,2,No
CUST-00279,2024-10-23 09:00:00,Gift Candle,Home,4,18.71,0.0,74.85,Web,North,No,34,19,Premium,No,4.4,2,Yes
CUST-00120,2024-10-23 12:00:00,Everyday Coffee,Beverages,1,8.16,0.0,8.16,Web,South,No,39,46,Essential,Yes,7.5,1,No
CUST-00301,2024-10-24 08:00:00,Travel Mug,Accessories,4,22.15,0.0,88.59,Web,North,No,29,25,Premium,No,6.1,2,No
CUST-00264,2024-10-24 09:00:00,Wireless Charger,Electronics,4,29.39,0.0,117.56,Web,North,No,63,40,Essential,Yes,9.3,0,No
CUST-00205,2024-10-24 12:00:00,Travel Mug,Accessories,8,22.01,0.0,176.12,Web,East,No,55,45,Essential,Yes,5.2,0,No
CUST-00185,2024-10-24 13:00:00,Travel Mug,Accessories,3,21.19,0.0,63.58,Store,Central,No,34,13,Essential,Yes,8.2,3,No
CUST-00280,2024-10-24 21:00:00,Travel Mug,Accessories,4,22.51,0.0,90.04,Mobile app,East,No,52,46,Plus,No,5.9,2,Yes
CUST-00312,2024-10-25 10:00:00,Herbal Tea,Beverages,2,7.08,0.0,14.16,Web,East,No,49,12,Essential,Yes,6.3,2,No
CUST-00065,2024-10-25 12:00:00,Gift Candle,Home,4,18.0,0.0,72.0,Store,West,No,27,39,Plus,Yes,7.6,0,No
CUST-00305,2024-10-25 18:00:00,Natural Soap Set,Personal Care,5,12.45,0.0,62.24,Mobile app,East,No,54,22,Plus,Yes,8.8,2,No
CUST-00134,2024-10-26 11:00:00,Gift Candle,Home,7,17.91,0.0,125.34,Web,East,Yes,56,44,Plus,Yes,4.8,3,No
CUST-00317,2024-10-26 15:00:00,Gift Candle,Home,6,16.32,0.0,97.93,Store,North,No,54,14,Plus,Yes,5.4,0,Yes
CUST-00118,2024-10-27 08:00:00,Herbal Tea,Beverages,4,7.75,0.0,31.0,Web,North,No,37,20,Premium,Yes,6.2,2,No
CUST-00258,2024-10-27 12:00:00,Gift Candle,Home,4,17.13,0.0,68.52,Store,East,Yes,48,12,Essential,Yes,7.4,2,No
CUST-00245,2024-10-27 13:00:00,Natural Soap Set,Personal Care,3,12.88,0.0,38.65,Store,West,No,47,48,Essential,Yes,6.4,0,No
CUST-00132,2024-10-29 08:00:00,Travel Mug,Accessories,6,21.14,0.0,126.81,Web,North,No,45,33,Essential,Yes,8.9,2,No
CUST-00253,2024-10-29 18:00:00,Natural Soap Set,Personal Care,1,12.19,0.0,12.19,Web,Central,No,39,31,Essential,Yes,7.5,2,No
CUST-00309,2024-10-30 14:00:00,Desk Notebook,Stationery,5,8.9,0.0,44.48,Mobile app,West,Yes,47,31,Plus,No,6.6,1,Yes
CUST-00009,2024-11-01 18:00:00,Cotton Tote,Accessories,2,15.63,0.0,31.27,Mobile app,Central,No,37,6,Essential,Yes,8.1,3,Yes
CUST-00053,2024-11-01 20:00:00,Gift Candle,Home,3,17.49,0.0,52.47,Web,North,No,25,25,Premium,No,8.6,1,No
CUST-00086,2024-11-02 17:00:00,Cotton Tote,Accessories,1,15.95,0.1,14.35,Mobile app,South,Yes,54,4,Plus,No,4.9,3,Yes
CUST-00152,2024-11-02 19:00:00,Cotton Tote,Accessories,1,14.74,0.0,14.74,Web,South,No,41,43,Essential,Yes,5.9,0,No
CUST-00188,2024-11-03 08:00:00,Cotton Tote,Accessories,4,14.32,0.0,57.28,Mobile app,East,No,64,43,Plus,Yes,6.3,1,No
CUST-00017,2024-11-03 21:00:00,Wireless Charger,Electronics,2,27.2,0.0,54.4,Mobile app,West,No,35,29,Essential,Yes,8.0,0,No
CUST-00031,2024-11-04 08:00:00,Travel Mug,Accessories,3,21.23,0.0,63.68,Web,East,No,30,33,Plus,Yes,8.7,2,No
CUST-00278,2024-11-04 11:00:00,Natural Soap Set,Personal Care,1,12.37,0.0,12.37,Web,Central,No,32,21,Essential,Yes,9.1,1,No
CUST-00007,2024-11-04 16:00:00,Everyday Coffee,Beverages,2,8.21,0.0,16.43,Web,North,Yes,26,10,Plus,No,4.9,2,Yes
CUST-00311,2024-11-04 21:00:00,Herbal Tea,Beverages,6,7.28,0.0,43.69,Store,North,No,27,48,Essential,Yes,6.9,1,No
CUST-00283,2024-11-05 10:00:00,Everyday Coffee,Beverages,2,9.35,0.0,18.71,Web,East,No,44,21,Essential,No,6.2,1,Yes
CUST-00102,2024-11-05 14:00:00,Gift Candle,Home,3,18.68,0.0,56.04,Mobile app,East,No,34,21,Essential,Yes,4.8,0,Yes
CUST-00248,2024-11-05 14:00:00,Phone Stand,Electronics,6,19.9,0.0,119.37,Web,East,No,42,34,Essential,Yes,5.9,0,No
CUST-00036,2024-11-05 17:00:00,Desk Notebook,Stationery,6,9.08,0.0,54.5,Web,North,Yes,54,21,Essential,Yes,6.1,0,No
CUST-00158,2024-11-05 18:00:00,Everyday Coffee,Beverages,3,9.28,0.0,27.85,Mobile app,West,No,60,48,Plus,Yes,6.9,0,No
CUST-00191,2024-11-05 21:00:00,Cotton Tote,Accessories,2,14.4,0.0,28.8,Store,East,Yes,44,10,Essential,No,8.5,0,Yes
CUST-00084,2024-11-06 11:00:00,Desk Notebook,Stationery,4,8.73,0.0,34.9,Web,South,No,56,48,Premium,Yes,5.6,2,No
CUST-00025,2024-11-06 17:00:00,Phone Stand,Electronics,4,18.35,0.0,73.41,Store,South,No,33,26,Plus,No,4.6,3,Yes
CUST-00280,2024-11-06 18:00:00,Travel Mug,Accessories,2,22.72,0.0,45.43,Mobile app,East,No,52,46,Plus,No,5.9,2,Yes
CUST-00007,2024-11-07 08:00:00,Phone Stand,Electronics,2,18.71,0.0,37.42,Web,North,No,26,10,Plus,No,4.9,2,Yes
CUST-00050,2024-11-07 13:00:00,Granola Pack,Grocery,6,7.09,0.0,42.53,Web,Central,No,37,31,Essential,Yes,7.4,0,No
CUST-00236,2024-11-07 13:00:00,Cotton Tote,Accessories,1,14.41,0.0,14.41,Store,North,No,34,5,Plus,Yes,6.7,0,No
CUST-00029,2024-11-07 14:00:00,Travel Mug,Accessories,4,23.48,0.0,93.91,Web,Central,Yes,41,20,Plus,Yes,6.7,0,No
CUST-00315,2024-11-07 16:00:00,Natural Soap Set,Personal Care,4,13.03,0.0,52.14,Mobile app,East,No,30,6,Essential,Yes,7.6,1,Yes
CUST-00293,2024-11-08 15:00:00,Cotton Tote,Accessories,2,13.68,0.0,27.37,Web,Central,No,38,44,Plus,Yes,8.0,0,No
CUST-00319,2024-11-08 20:00:00,Herbal Tea,Beverages,2,7.1,0.0,14.19,Mobile app,East,No,59,11,Plus,Yes,7.6,1,No
CUST-00015,2024-11-09 13:00:00,Travel Mug,Accessories,5,22.18,0.0,110.88,Mobile app,North,No,52,13,Essential,Yes,6.5,2,No
CUST-00198,2024-11-09 13:00:00,Granola Pack,Grocery,7,6.87,0.0,48.12,Web,Central,No,39,27,Plus,No,4.7,4,Yes
CUST-00003,2024-11-09 16:00:00,Herbal Tea,Beverages,3,7.28,0.0,21.85,Web,West,No,52,28,Plus,Yes,5.8,1,Yes
CUST-00182,2024-11-09 21:00:00,Natural Soap Set,Personal Care,7,12.13,0.0,84.89,Web,West,No,59,37,Essential,No,5.5,0,Yes
CUST-00034,2024-11-10 14:00:00,Everyday Coffee,Beverages,2,8.2,0.0,16.4,Mobile app,Central,Yes,33,30,Premium,Yes,5.3,1,No
CUST-00230,2024-11-10 14:00:00,Phone Stand,Electronics,4,18.04,0.0,72.14,Web,Central,No,26,42,Premium,No,6.5,3,No
CUST-00018,2024-11-10 20:00:00,Cotton Tote,Accessories,3,14.85,0.15,37.87,Store,East,Yes,57,24,Plus,Yes,7.7,0,No
CUST-00228,2024-11-11 08:00:00,Granola Pack,Grocery,1,6.89,0.0,6.89,Web,South,No,24,10,Plus,Yes,8.2,0,No
CUST-00148,2024-11-12 08:00:00,Desk Notebook,Stationery,2,8.81,0.0,17.61,Web,South,No,59,47,Plus,Yes,8.9,2,No
CUST-00216,2024-11-12 08:00:00,Desk Notebook,Stationery,1,9.18,0.0,9.18,Web,North,No,60,39,Premium,No,7.6,3,No
CUST-00306,2024-11-12 11:00:00,Travel Mug,Accessories,2,20.73,0.0,41.45,Web,West,No,27,18,Essential,Yes,8.9,2,No
CUST-00039,2024-11-12 14:00:00,Desk Notebook,Stationery,5,9.67,0.0,48.35,Web,Central,No,59,33,Premium,Yes,6.7,1,No
CUST-00202,2024-11-12 18:00:00,Travel Mug,Accessories,6,23.21,0.0,139.27,Store,North,No,26,27,Premium,Yes,8.3,2,No
CUST-00094,2024-11-13 09:00:00,Travel Mug,Accessories,2,22.3,0.0,44.61,Store,East,No,26,36,Premium,No,5.2,0,Yes
CUST-00090,2024-11-13 12:00:00,Travel Mug,Accessories,4,21.04,0.0,84.14,Web,East,No,62,21,Essential,No,7.9,2,Yes
CUST-00013,2024-11-14 10:00:00,Granola Pack,Grocery,2,6.69,0.1,12.04,Web,West,Yes,51,43,Plus,Yes,6.6,1,No
CUST-00042,2024-11-14 19:00:00,Travel Mug,Accessories,2,22.52,0.1,40.54,Web,North,Yes,26,30,Essential,Yes,8.0,0,No
CUST-00060,2024-11-14 19:00:00,Cotton Tote,Accessories,3,14.91,0.0,44.73,Web,North,No,34,33,Plus,No,4.1,4,Yes
CUST-00090,2024-11-15 09:00:00,Phone Stand,Electronics,1,16.49,0.1,14.84,Web,East,Yes,62,21,Essential,No,7.9,2,Yes
CUST-00037,2024-11-15 14:00:00,Cotton Tote,Accessories,3,14.34,0.1,38.71,Mobile app,West,Yes,35,18,Plus,Yes,9.7,1,No
CUST-00139,2024-11-15 18:00:00,Herbal Tea,Beverages,4,7.3,0.0,29.22,Web,Central,No,55,45,Essential,No,7.7,2,No
CUST-00301,2024-11-16 09:00:00,Granola Pack,Grocery,2,7.11,0.0,14.22,Web,North,No,29,25,Premium,No,6.1,2,No
CUST-00231,2024-11-16 20:00:00,Natural Soap Set,Personal Care,1,12.02,0.0,12.02,Store,West,No,42,41,Essential,Yes,9.4,2,No
CUST-00296,2024-11-16 20:00:00,Cotton Tote,Accessories,2,13.94,0.0,27.88,Web,West,Yes,43,36,Essential,Yes,7.6,1,No
CUST-00152,2024-11-17 15:00:00,Cotton Tote,Accessories,4,14.99,0.0,59.98,Web,South,No,41,43,Essential,Yes,5.9,0,No
CUST-00075,2024-11-17 21:00:00,Wireless Charger,Electronics,5,27.3,0.0,136.52,Store,South,No,66,38,Essential,Yes,8.0,2,No
CUST-00169,2024-11-18 11:00:00,Granola Pack,Grocery,5,6.8,0.0,34.01,Web,North,Yes,30,36,Essential,No,6.9,1,No
CUST-00068,2024-11-18 16:00:00,Herbal Tea,Beverages,3,6.71,0.0,20.13,Mobile app,East,No,62,7,Essential,Yes,8.1,2,No
CUST-00103,2024-11-19 19:00:00,Natural Soap Set,Personal Care,1,13.3,0.0,13.3,Web,West,No,33,12,Plus,Yes,8.4,1,Yes
CUST-00127,2024-11-19 19:00:00,Granola Pack,Grocery,3,7.05,0.0,21.15,Store,South,No,52,4,Plus,Yes,5.5,1,Yes
CUST-00258,2024-11-19 20:00:00,Gift Candle,Home,1,18.12,0.0,18.12,Store,East,No,48,12,Essential,Yes,7.4,2,No
CUST-00013,2024-11-20 12:00:00,Travel Mug,Accessories,2,22.32,0.0,44.63,Web,West,No,51,43,Plus,Yes,6.6,1,No
CUST-00131,2024-11-20 12:00:00,Everyday Coffee,Beverages,6,8.47,0.0,50.8,Mobile app,Central,No,35,47,Plus,Yes,5.3,1,No
CUST-00116,2024-11-21 12:00:00,Herbal Tea,Beverages,4,7.68,0.0,30.72,Store,North,No,42,13,Essential,Yes,6.9,1,No
CUST-00018,2024-11-21 15:00:00,Desk Notebook,Stationery,2,9.11,0.0,18.22,Store,East,No,57,24,Plus,Yes,7.7,0,No
CUST-00248,2024-11-21 17:00:00,Herbal Tea,Beverages,2,7.47,0.0,14.94,Web,East,No,42,34,Essential,Yes,5.9,0,No
CUST-00265,2024-11-21 18:00:00,Everyday Coffee,Beverages,6,8.23,0.0,49.38,Web,Central,No,35,46,Premium,Yes,8.6,1,No
CUST-00046,2024-11-21 19:00:00,Travel Mug,Accessories,4,23.05,0.0,92.19,Web,West,Yes,47,26,Premium,No,6.6,0,No
CUST-00305,2024-11-21 19:00:00,Desk Notebook,Stationery,4,8.9,0.0,35.61,Mobile app,East,No,54,22,Plus,Yes,8.8,2,No
CUST-00024,2024-11-21 20:00:00,Wireless Charger,Electronics,4,27.54,0.0,110.18,Mobile app,East,No,29,34,Essential,Yes,9.8,2,No
CUST-00032,2024-11-22 10:00:00,Travel Mug,Accessories,2,20.13,0.0,40.26,Mobile app,South,No,65,17,Essential,Yes,4.6,1,Yes
CUST-00295,2024-11-22 11:00:00,Travel Mug,Accessories,4,22.01,0.0,88.06,Web,Central,No,59,32,Plus,Yes,8.5,1,No
CUST-00031,2024-11-22 12:00:00,Herbal Tea,Beverages,3,7.38,0.0,22.14,Web,East,Yes,30,33,Plus,Yes,8.7,2,No
CUST-00204,2024-11-22 12:00:00,Cotton Tote,Accessories,2,15.07,0.0,30.14,Store,East,Yes,23,9,Plus,Yes,5.9,3,Yes
CUST-00184,2024-11-23 10:00:00,Everyday Coffee,Beverages,3,8.02,0.0,24.07,Web,North,Yes,48,44,Plus,No,6.5,3,No
CUST-00180,2024-11-23 15:00:00,Herbal Tea,Beverages,1,7.59,0.0,7.59,Mobile app,West,No,46,22,Plus,Yes,7.9,3,No
CUST-00255,2024-11-23 18:00:00,Natural Soap Set,Personal Care,4,13.4,0.0,53.61,Web,West,No,51,34,Plus,Yes,7.0,2,No
CUST-00116,2024-11-24 09:00:00,Desk Notebook,Stationery,8,8.91,0.0,71.29,Store,North,No,42,13,Essential,Yes,6.9,1,No
CUST-00234,2024-11-24 12:00:00,Wireless Charger,Electronics,3,29.25,0.0,87.74,Store,West,No,57,32,Essential,Yes,7.0,1,No
CUST-00296,2024-11-24 18:00:00,Desk Notebook,Stationery,6,9.1,0.0,54.62,Web,West,No,43,36,Essential,Yes,7.6,1,No
CUST-00246,2024-11-24 21:00:00,Wireless Charger,Electronics,2,30.77,0.0,61.54,Store,North,Yes,24,18,Plus,No,8.6,2,Yes
CUST-00060,2024-11-25 10:00:00,Everyday Coffee,Beverages,5,8.77,0.0,43.86,Web,North,No,34,33,Plus,No,4.1,4,Yes
CUST-00186,2024-11-25 11:00:00,Desk Notebook,Stationery,3,8.53,0.0,25.58,Store,West,No,26,16,Essential,Yes,4.8,0,Yes
CUST-00212,2024-11-25 16:00:00,Desk Notebook,Stationery,2,9.05,0.05,17.19,Mobile app,North,Yes,48,14,Essential,Yes,3.5,1,Yes
CUST-00308,2024-11-26 10:00:00,Desk Notebook,Stationery,3,9.93,0.0,29.8,Mobile app,South,No,35,27,Plus,Yes,8.0,1,No
CUST-00187,2024-11-26 15:00:00,Wireless Charger,Electronics,3,30.53,0.0,91.59,Mobile app,West,No,67,6,Plus,Yes,6.7,0,Yes
CUST-00068,2024-11-27 11:00:00,Natural Soap Set,Personal Care,2,12.77,0.0,25.55,Mobile app,East,No,62,7,Essential,Yes,8.1,2,No
CUST-00062,2024-11-27 15:00:00,Wireless Charger,Electronics,3,30.22,0.0,90.67,Web,Central,No,61,22,Plus,No,9.1,0,Yes
CUST-00111,2024-11-28 14:00:00,Phone Stand,Electronics,6,16.69,0.0,100.14,Mobile app,South,Yes,66,4,Plus,Yes,6.5,1,No
CUST-00271,2024-11-28 14:00:00,Natural Soap Set,Personal Care,3,12.14,0.0,36.42,Mobile app,North,No,22,48,Essential,Yes,5.2,1,No
CUST-00155,2024-11-29 11:00:00,Granola Pack,Grocery,3,6.39,0.0,19.16,Mobile app,West,No,60,40,Essential,Yes,8.3,0,No
CUST-00257,2024-11-29 14:00:00,Granola Pack,Grocery,6,6.68,0.0,40.09,Mobile app,North,No,61,7,Plus,Yes,10.0,2,No
CUST-00024,2024-11-29 17:00:00,Desk Notebook,Stationery,2,9.43,0.0,18.86,Mobile app,East,No,29,34,Essential,Yes,9.8,2,No
CUST-00212,2024-11-29 20:00:00,Herbal Tea,Beverages,3,7.12,0.0,21.36,Mobile app,North,No,48,14,Essential,Yes,3.5,1,Yes
CUST-00113,2024-12-01 11:00:00,Gift Candle,Home,1,19.53,0.0,19.53,Web,North,No,22,32,Essential,Yes,6.2,2,No
CUST-00130,2024-12-01 13:00:00,Natural Soap Set,Personal Care,1,12.07,0.1,10.86,Mobile app,South,Yes,59,42,Plus,Yes,7.9,2,No
CUST-00319,2024-12-01 17:00:00,Herbal Tea,Beverages,3,6.73,0.0,20.18,Mobile app,East,No,59,11,Plus,Yes,7.6,1,No
CUST-00287,2024-12-01 19:00:00,Granola Pack,Grocery,2,6.82,0.0,13.63,Web,South,No,47,22,Essential,Yes,7.6,2,No
CUST-00088,2024-12-03 14:00:00,Cotton Tote,Accessories,4,14.56,0.0,58.23,Store,North,No,31,15,Essential,No,9.2,0,Yes
CUST-00190,2024-12-03 21:00:00,Everyday Coffee,Beverages,2,8.47,0.0,16.93,Web,East,No,56,14,Plus,Yes,5.4,4,Yes
CUST-00116,2024-12-05 08:00:00,Desk Notebook,Stationery,7,9.0,0.0,63.0,Store,North,No,42,13,Essential,Yes,6.9,1,No
CUST-00157,2024-12-05 16:00:00,Everyday Coffee,Beverages,2,9.1,0.0,18.21,Web,South,No,66,3,Premium,Yes,7.1,1,No
CUST-00133,2024-12-06 09:00:00,Cotton Tote,Accessories,3,14.53,0.0,43.59,Mobile app,North,No,24,42,Plus,Yes,7.0,4,No
CUST-00076,2024-12-06 10:00:00,Wireless Charger,Electronics,6,28.82,0.0,172.94,Mobile app,West,No,54,39,Premium,Yes,5.2,1,No
CUST-00077,2024-12-06 10:00:00,Desk Notebook,Stationery,1,9.5,0.0,9.5,Web,East,No,45,8,Essential,Yes,4.7,2,Yes
CUST-00118,2024-12-06 10:00:00,Phone Stand,Electronics,5,16.64,0.0,83.19,Web,North,No,37,20,Premium,Yes,6.2,2,No
CUST-00187,2024-12-06 10:00:00,Gift Candle,Home,5,17.0,0.0,84.99,Mobile app,West,No,67,6,Plus,Yes,6.7,0,Yes
CUST-00042,2024-12-07 09:00:00,Everyday Coffee,Beverages,3,8.72,0.1,23.55,Web,North,Yes,26,30,Essential,Yes,8.0,0,No
CUST-00026,2024-12-07 10:00:00,Granola Pack,Grocery,3,6.3,0.0,18.89,Store,East,Yes,49,14,Essential,Yes,8.8,1,No
CUST-00065,2024-12-07 15:00:00,Phone Stand,Electronics,6,16.6,0.0,99.62,Store,West,No,27,39,Plus,Yes,7.6,0,No
CUST-00060,2024-12-07 19:00:00,Desk Notebook,Stationery,1,8.77,0.0,8.77,Web,North,No,34,33,Plus,No,4.1,4,Yes
CUST-00226,2024-12-07 19:00:00,Natural Soap Set,Personal Care,1,12.16,0.0,12.16,Web,West,No,24,18,Essential,No,9.4,2,Yes
CUST-00297,2024-12-07 21:00:00,Everyday Coffee,Beverages,4,8.44,0.0,33.75,Mobile app,East,No,58,21,Plus,Yes,5.6,0,Yes
CUST-00169,2024-12-08 18:00:00,Desk Notebook,Stationery,3,8.21,0.0,24.62,Web,North,Yes,30,36,Essential,No,6.9,1,No
CUST-00093,2024-12-09 09:00:00,Cotton Tote,Accessories,5,13.68,0.0,68.38,Web,West,No,24,38,Essential,Yes,7.2,3,No
CUST-00282,2024-12-09 15:00:00,Phone Stand,Electronics,6,16.39,0.0,98.31,Web,Central,No,48,2,Plus,Yes,5.1,0,Yes
CUST-00026,2024-12-09 18:00:00,Cotton Tote,Accessories,3,14.52,0.15,37.04,Store,East,Yes,49,14,Essential,Yes,8.8,1,No
CUST-00044,2024-12-09 18:00:00,Natural Soap Set,Personal Care,6,12.78,0.0,76.68,Store,East,Yes,46,7,Plus,Yes,9.1,2,No
CUST-00078,2024-12-09 20:00:00,Wireless Charger,Electronics,4,28.45,0.0,113.79,Web,Central,No,35,19,Essential,Yes,7.8,0,No
CUST-00307,2024-12-10 14:00:00,Cotton Tote,Accessories,2,14.79,0.0,29.59,Web,East,No,57,39,Essential,No,7.0,1,No
CUST-00273,2024-12-10 17:00:00,Natural Soap Set,Personal Care,1,11.77,0.0,11.77,Web,West,No,58,19,Essential,Yes,6.5,2,No
CUST-00214,2024-12-10 20:00:00,Gift Candle,Home,1,19.23,0.0,19.23,Store,Central,Yes,49,29,Essential,No,7.9,2,No
CUST-00151,2024-12-10 21:00:00,Herbal Tea,Beverages,3,7.2,0.0,21.61,Store,North,Yes,63,29,Plus,Yes,5.6,1,No
CUST-00319,2024-12-11 09:00:00,Cotton Tote,Accessories,2,13.71,0.05,26.06,Mobile app,East,Yes,59,11,Plus,Yes,7.6,1,No
CUST-00041,2024-12-11 11:00:00,Travel Mug,Accessories,4,23.12,0.0,92.46,Mobile app,North,No,65,32,Premium,No,8.0,1,No
CUST-00138,2024-12-11 12:00:00,Herbal Tea,Beverages,6,6.75,0.0,40.48,Store,North,No,50,33,Premium,Yes,5.1,1,No
CUST-00272,2024-12-11 16:00:00,Granola Pack,Grocery,4,6.2,0.0,24.78,Web,South,No,64,28,Plus,Yes,6.8,0,No
CUST-00005,2024-12-12 15:00:00,Granola Pack,Grocery,4,6.74,0.0,26.96,Mobile app,North,No,44,37,Plus,No,4.4,0,Yes
CUST-00155,2024-12-12 16:00:00,Travel Mug,Accessories,2,22.9,0.0,45.81,Mobile app,West,No,60,40,Essential,Yes,8.3,0,No
CUST-00289,2024-12-12 17:00:00,Granola Pack,Grocery,1,6.94,0.05,6.59,Web,North,Yes,39,3,Premium,Yes,7.1,1,No
CUST-00198,2024-12-13 10:00:00,Herbal Tea,Beverages,2,7.26,0.0,14.51,Web,Central,No,39,27,Plus,No,4.7,4,Yes
CUST-00001,2024-12-13 15:00:00,Travel Mug,Accessories,1,21.23,0.0,21.23,Web,North,Yes,31,44,Plus,Yes,7.1,2,No
CUST-00188,2024-12-13 16:00:00,Cotton Tote,Accessories,7,14.45,0.0,101.16,Mobile app,East,No,64,43,Plus,Yes,6.3,1,No
CUST-00096,2024-12-14 10:00:00,Herbal Tea,Beverages,2,6.91,0.0,13.82,Web,West,No,23,21,Essential,Yes,6.5,3,No
CUST-00304,2024-12-14 13:00:00,Herbal Tea,Beverages,3,6.96,0.0,20.88,Web,North,No,53,41,Plus,No,7.4,1,No
CUST-00260,2024-12-14 15:00:00,Herbal Tea,Beverages,4,7.26,0.15,24.68,Store,West,Yes,48,34,Essential,Yes,6.6,1,No
CUST-00116,2024-12-16 09:00:00,Herbal Tea,Beverages,3,7.19,0.0,21.58,Store,North,No,42,13,Essential,Yes,6.9,1,No
CUST-00104,2024-12-16 12:00:00,Granola Pack,Grocery,4,6.85,0.0,27.41,Store,Central,No,61,7,Premium,Yes,6.8,4,No
CUST-00256,2024-12-16 16:00:00,Cotton Tote,Accessories,6,13.93,0.0,83.57,Mobile app,South,No,59,25,Essential,Yes,5.3,2,Yes
CUST-00314,2024-12-17 14:00:00,Herbal Tea,Beverages,3,7.05,0.0,21.14,Mobile app,Central,No,24,44,Premium,Yes,7.0,2,No
CUST-00265,2024-12-18 14:00:00,Herbal Tea,Beverages,1,7.25,0.0,7.25,Web,Central,No,35,46,Premium,Yes,8.6,1,No
CUST-00133,2024-12-18 15:00:00,Wireless Charger,Electronics,4,28.28,0.0,113.12,Mobile app,North,No,24,42,Plus,Yes,7.0,4,No
CUST-00031,2024-12-18 17:00:00,Travel Mug,Accessories,5,21.18,0.0,105.9,Web,East,No,30,33,Plus,Yes,8.7,2,No
CUST-00270,2024-12-18 17:00:00,Travel Mug,Accessories,1,21.63,0.0,21.63,Web,South,No,46,18,Plus,Yes,6.9,0,No
CUST-00217,2024-12-19 11:00:00,Phone Stand,Electronics,2,17.49,0.0,34.99,Mobile app,North,No,24,20,Plus,Yes,7.3,0,No
CUST-00153,2024-12-19 12:00:00,Gift Candle,Home,1,18.73,0.0,18.73,Mobile app,East,No,51,15,Essential,No,7.6,2,Yes
CUST-00218,2024-12-19 13:00:00,Desk Notebook,Stationery,2,9.52,0.1,17.13,Store,East,Yes,25,37,Essential,No,8.0,2,No
CUST-00143,2024-12-19 15:00:00,Herbal Tea,Beverages,2,7.18,0.0,14.36,Store,North,No,52,43,Premium,Yes,7.3,2,No
CUST-00001,2024-12-19 16:00:00,Desk Notebook,Stationery,4,9.43,0.0,37.73,Web,North,No,31,44,Plus,Yes,7.1,2,No
CUST-00306,2024-12-19 20:00:00,Granola Pack,Grocery,5,7.05,0.0,35.27,Web,West,No,27,18,Essential,Yes,8.9,2,No
CUST-00030,2024-12-20 08:00:00,Desk Notebook,Stationery,4,9.33,0.0,37.33,Web,North,Yes,58,13,Essential,Yes,9.1,2,No
CUST-00213,2024-12-20 08:00:00,Natural Soap Set,Personal Care,4,11.91,0.0,47.65,Mobile app,East,No,26,3,Plus,Yes,7.2,0,Yes
CUST-00249,2024-12-20 11:00:00,Everyday Coffee,Beverages,1,9.31,0.0,9.31,Store,Central,No,51,26,Plus,Yes,2.9,2,Yes
CUST-00284,2024-12-20 12:00:00,Natural Soap Set,Personal Care,4,12.37,0.0,49.46,Web,South,No,45,21,Premium,Yes,7.1,2,No
CUST-00102,2024-12-20 17:00:00,Granola Pack,Grocery,5,6.82,0.0,34.09,Mobile app,East,No,34,21,Essential,Yes,4.8,0,Yes
CUST-00247,2024-12-20 17:00:00,Gift Candle,Home,7,17.96,0.05,119.41,Mobile app,North,Yes,65,27,Premium,No,7.2,2,No
CUST-00318,2024-12-20 19:00:00,Desk Notebook,Stationery,4,9.2,0.0,36.8,Mobile app,North,Yes,42,36,Essential,No,6.1,0,No
CUST-00165,2024-12-21 20:00:00,Granola Pack,Grocery,7,6.78,0.0,47.48,Web,West,No,50,37,Essential,Yes,6.7,0,No
CUST-00093,2024-12-22 16:00:00,Herbal Tea,Beverages,4,6.9,0.0,27.6,Web,West,No,24,38,Essential,Yes,7.2,3,No
CUST-00131,2024-12-22 16:00:00,Cotton Tote,Accessories,4,16.09,0.0,64.34,Mobile app,Central,Yes,35,47,Plus,Yes,5.3,1,No
CUST-00103,2024-12-22 21:00:00,Travel Mug,Accessories,6,21.97,0.0,131.84,Web,West,No,33,12,Plus,Yes,8.4,1,Yes
CUST-00156,2024-12-23 14:00:00,Herbal Tea,Beverages,4,6.99,0.0,27.94,Store,West,Yes,32,46,Plus,Yes,6.2,2,No
CUST-00153,2024-12-23 15:00:00,Phone Stand,Electronics,4,20.33,0.0,81.34,Mobile app,East,No,51,15,Essential,No,7.6,2,Yes
CUST-00162,2024-12-23 15:00:00,Gift Candle,Home,6,17.6,0.0,105.62,Web,West,No,31,17,Premium,Yes,10.0,0,No
CUST-00139,2024-12-23 17:00:00,Everyday Coffee,Beverages,5,8.71,0.1,39.19,Web,Central,Yes,55,45,Essential,No,7.7,2,No
CUST-00294,2024-12-23 17:00:00,Natural Soap Set,Personal Care,4,12.02,0.0,48.06,Web,Central,Yes,25,16,Premium,Yes,6.7,0,No
CUST-00283,2024-12-23 18:00:00,Granola Pack,Grocery,3,6.69,0.05,19.08,Web,East,Yes,44,21,Essential,No,6.2,1,Yes
CUST-00073,2024-12-24 10:00:00,Granola Pack,Grocery,2,7.1,0.0,14.2,Mobile app,North,No,56,46,Essential,Yes,5.4,3,No
CUST-00317,2024-12-24 21:00:00,Phone Stand,Electronics,4,17.15,0.05,65.18,Store,North,Yes,54,14,Plus,Yes,5.4,0,Yes
CUST-00203,2024-12-25 14:00:00,Wireless Charger,Electronics,4,30.16,0.0,120.62,Mobile app,West,No,60,6,Plus,Yes,5.9,1,Yes
CUST-00008,2024-12-25 16:00:00,Wireless Charger,Electronics,4,27.88,0.0,111.53,Web,North,No,38,30,Plus,Yes,6.5,0,No
CUST-00034,2024-12-25 16:00:00,Gift Candle,Home,4,18.07,0.0,72.27,Mobile app,Central,No,33,30,Premium,Yes,5.3,1,No
CUST-00192,2024-12-26 10:00:00,Travel Mug,Accessories,1,23.73,0.0,23.73,Web,North,No,48,17,Essential,No,4.4,1,Yes
CUST-00320,2024-12-26 12:00:00,Phone Stand,Electronics,4,17.66,0.1,63.58,Mobile app,South,Yes,42,34,Plus,Yes,7.8,2,No
CUST-00227,2024-12-26 15:00:00,Natural Soap Set,Personal Care,4,12.42,0.05,47.2,Store,East,Yes,47,39,Plus,Yes,8.6,1,No
CUST-00293,2024-12-26 17:00:00,Everyday Coffee,Beverages,2,9.24,0.0,18.49,Web,Central,No,38,44,Plus,Yes,8.0,0,No
CUST-00312,2024-12-26 20:00:00,Cotton Tote,Accessories,6,14.98,0.0,89.91,Web,East,No,49,12,Essential,Yes,6.3,2,No
CUST-00136,2024-12-26 21:00:00,Gift Candle,Home,6,18.22,0.0,109.34,Mobile app,Central,No,64,37,Essential,Yes,9.6,2,No
CUST-00202,2024-12-26 21:00:00,Wireless Charger,Electronics,3,26.57,0.0,79.72,Store,North,Yes,26,27,Premium,Yes,8.3,2,No
CUST-00219,2024-12-27 16:00:00,Natural Soap Set,Personal Care,6,11.82,0.0,70.93,Mobile app,Central,No,30,35,Plus,No,6.1,3,No
CUST-00221,2024-12-27 20:00:00,Cotton Tote,Accessories,3,14.68,0.0,44.04,Web,Central,Yes,61,30,Plus,Yes,6.1,3,No
CUST-00245,2024-12-27 21:00:00,Wireless Charger,Electronics,1,31.0,0.0,31.0,Store,West,Yes,47,48,Essential,Yes,6.4,0,No
CUST-00205,2024-12-28 10:00:00,Natural Soap Set,Personal Care,1,12.14,0.0,12.14,Web,East,No,55,45,Essential,Yes,5.2,0,No
CUST-00035,2024-12-28 19:00:00,Cotton Tote,Accessories,2,13.39,0.0,26.78,Mobile app,East,No,41,36,Essential,No,5.5,2,Yes
CUST-00097,2024-12-29 21:00:00,Travel Mug,Accessories,4,21.76,0.0,87.05,Mobile app,West,No,59,22,Essential,Yes,7.9,1,No
CUST-00034,2024-12-30 10:00:00,Cotton Tote,Accessories,5,14.03,0.0,70.16,Mobile app,Central,No,33,30,Premium,Yes,5.3,1,No
CUST-00295,2024-12-30 11:00:00,Gift Candle,Home,6,18.62,0.0,111.72,Web,Central,No,59,32,Plus,Yes,8.5,1,No
CUST-00264,2024-12-30 14:00:00,Travel Mug,Accessories,3,23.25,0.0,69.74,Web,North,No,63,40,Essential,Yes,9.3,0,No
CUST-00285,2025-01-01 12:00:00,Cotton Tote,Accessories,7,12.78,0.05,84.98,Web,North,Yes,58,2,Plus,Yes,5.1,1,Yes
CUST-00156,2025-01-01 18:00:00,Cotton Tote,Accessories,4,15.02,0.0,60.09,Store,West,No,32,46,Plus,Yes,6.2,2,No
CUST-00202,2025-01-02 10:00:00,Everyday Coffee,Beverages,3,8.69,0.0,26.06,Store,North,No,26,27,Premium,Yes,8.3,2,No
CUST-00176,2025-01-02 15:00:00,Natural Soap Set,Personal Care,1,12.29,0.0,12.29,Store,West,No,57,46,Premium,Yes,7.5,2,No
CUST-00087,2025-01-02 20:00:00,Cotton Tote,Accessories,3,15.61,0.0,46.82,Mobile app,West,No,39,23,Essential,No,6.4,2,Yes
CUST-00076,2025-01-03 13:00:00,Desk Notebook,Stationery,6,8.07,0.0,48.44,Mobile app,West,No,54,39,Premium,Yes,5.2,1,No
CUST-00088,2025-01-03 14:00:00,Phone Stand,Electronics,2,17.71,0.0,35.43,Store,North,No,31,15,Essential,No,9.2,0,Yes
CUST-00198,2025-01-03 15:00:00,Desk Notebook,Stationery,4,10.01,0.0,40.05,Web,Central,Yes,39,27,Plus,No,4.7,4,Yes
CUST-00227,2025-01-03 15:00:00,Gift Candle,Home,5,17.7,0.0,88.5,Store,East,No,47,39,Plus,Yes,8.6,1,No
CUST-00019,2025-01-03 17:00:00,Gift Candle,Home,4,18.59,0.0,74.36,Web,Central,No,57,3,Essential,No,5.3,0,Yes
CUST-00233,2025-01-04 08:00:00,Herbal Tea,Beverages,3,7.35,0.0,22.04,Web,East,No,57,28,Essential,Yes,5.7,1,Yes
CUST-00067,2025-01-04 09:00:00,Phone Stand,Electronics,3,16.8,0.0,50.41,Web,North,No,44,6,Premium,Yes,6.2,0,No
CUST-00230,2025-01-04 11:00:00,Wireless Charger,Electronics,8,26.03,0.0,208.25,Web,Central,No,26,42,Premium,No,6.5,3,No
CUST-00265,2025-01-04 12:00:00,Wireless Charger,Electronics,3,26.67,0.0,80.01,Web,Central,No,35,46,Premium,Yes,8.6,1,No
CUST-00044,2025-01-04 20:00:00,Natural Soap Set,Personal Care,1,12.75,0.0,12.75,Store,East,No,46,7,Plus,Yes,9.1,2,No
CUST-00075,2025-01-05 11:00:00,Phone Stand,Electronics,3,17.39,0.0,52.18,Store,South,No,66,38,Essential,Yes,8.0,2,No
CUST-00169,2025-01-05 11:00:00,Phone Stand,Electronics,3,17.44,0.0,52.31,Web,North,No,30,36,Essential,No,6.9,1,No
CUST-00061,2025-01-05 14:00:00,Natural Soap Set,Personal Care,4,13.78,0.0,55.12,Store,North,No,34,7,Essential,Yes,5.7,2,Yes
CUST-00099,2025-01-05 16:00:00,Desk Notebook,Stationery,4,8.96,0.0,35.84,Store,North,No,50,28,Premium,No,7.4,0,No
CUST-00131,2025-01-05 19:00:00,Gift Candle,Home,4,18.11,0.0,72.46,Mobile app,Central,No,35,47,Plus,Yes,5.3,1,No
CUST-00091,2025-01-05 20:00:00,Wireless Charger,Electronics,1,28.71,0.0,28.71,Web,South,No,30,22,Essential,Yes,6.3,0,No
CUST-00104,2025-01-06 08:00:00,Natural Soap Set,Personal Care,4,12.9,0.0,51.58,Store,Central,No,61,7,Premium,Yes,6.8,4,No
CUST-00062,2025-01-06 11:00:00,Desk Notebook,Stationery,2,8.77,0.0,17.54,Web,Central,No,61,22,Plus,No,9.1,0,Yes
CUST-00082,2025-01-06 11:00:00,Cotton Tote,Accessories,4,14.16,0.0,56.64,Mobile app,Central,No,38,26,Essential,Yes,5.6,0,No
CUST-00293,2025-01-06 12:00:00,Herbal Tea,Beverages,3,7.04,0.0,21.13,Web,Central,No,38,44,Plus,Yes,8.0,0,No
CUST-00077,2025-01-06 13:00:00,Desk Notebook,Stationery,1,8.89,0.0,8.89,Web,East,No,45,8,Essential,Yes,4.7,2,Yes
CUST-00080,2025-01-06 13:00:00,Natural Soap Set,Personal Care,6,12.36,0.0,74.17,Mobile app,South,No,66,27,Premium,Yes,6.8,0,No
CUST-00096,2025-01-06 13:00:00,Desk Notebook,Stationery,3,9.06,0.0,27.19,Web,West,Yes,23,21,Essential,Yes,6.5,3,No
CUST-00255,2025-01-06 15:00:00,Wireless Charger,Electronics,5,31.07,0.0,155.33,Web,West,No,51,34,Plus,Yes,7.0,2,No
CUST-00307,2025-01-06 16:00:00,Herbal Tea,Beverages,1,7.12,0.0,7.12,Web,East,No,57,39,Essential,No,7.0,1,No
CUST-00285,2025-01-07 11:00:00,Desk Notebook,Stationery,2,9.09,0.0,18.17,Web,North,Yes,58,2,Plus,Yes,5.1,1,Yes
CUST-00157,2025-01-09 08:00:00,Wireless Charger,Electronics,2,28.93,0.0,57.86,Web,South,No,66,3,Premium,Yes,7.1,1,No
CUST-00162,2025-01-09 13:00:00,Herbal Tea,Beverages,5,6.9,0.0,34.48,Web,West,No,31,17,Premium,Yes,10.0,0,No
CUST-00212,2025-01-09 15:00:00,Granola Pack,Grocery,1,6.85,0.0,6.85,Mobile app,North,No,48,14,Essential,Yes,3.5,1,Yes
CUST-00073,2025-01-09 17:00:00,Wireless Charger,Electronics,6,27.39,0.0,164.36,Mobile app,North,No,56,46,Essential,Yes,5.4,3,No
CUST-00089,2025-01-10 11:00:00,Gift Candle,Home,5,17.46,0.0,87.31,Store,North,No,37,31,Plus,No,7.0,3,No
CUST-00138,2025-01-10 17:00:00,Granola Pack,Grocery,4,6.74,0.0,26.97,Store,North,No,50,33,Premium,Yes,5.1,1,No
CUST-00253,2025-01-11 08:00:00,Granola Pack,Grocery,1,6.76,0.15,5.74,Web,Central,Yes,39,31,Essential,Yes,7.5,2,No
CUST-00031,2025-01-11 10:00:00,Cotton Tote,Accessories,6,14.67,0.0,88.02,Web,East,No,30,33,Plus,Yes,8.7,2,No
CUST-00026,2025-01-11 15:00:00,Cotton Tote,Accessories,2,13.65,0.15,23.2,Store,East,Yes,49,14,Essential,Yes,8.8,1,No
CUST-00264,2025-01-11 15:00:00,Everyday Coffee,Beverages,2,8.07,0.0,16.15,Web,North,Yes,63,40,Essential,Yes,9.3,0,No
CUST-00247,2025-01-11 18:00:00,Everyday Coffee,Beverages,3,8.11,0.0,24.34,Mobile app,North,No,65,27,Premium,No,7.2,2,No
CUST-00105,2025-01-11 19:00:00,Natural Soap Set,Personal Care,1,12.31,0.0,12.31,Mobile app,West,No,48,46,Essential,No,7.4,2,No
CUST-00291,2025-01-11 21:00:00,Granola Pack,Grocery,1,6.45,0.05,6.13,Mobile app,East,Yes,60,3,Premium,Yes,6.8,4,No
CUST-00201,2025-01-12 09:00:00,Granola Pack,Grocery,2,6.78,0.0,13.55,Mobile app,South,No,25,3,Premium,No,5.7,1,Yes
CUST-00067,2025-01-12 13:00:00,Travel Mug,Accessories,3,20.0,0.0,59.99,Web,North,No,44,6,Premium,Yes,6.2,0,No
CUST-00223,2025-01-12 15:00:00,Cotton Tote,Accessories,6,14.26,0.0,85.58,Mobile app,North,No,30,37,Essential,Yes,7.2,3,No
CUST-00027,2025-01-12 18:00:00,Travel Mug,Accessories,6,22.86,0.0,137.16,Store,South,No,33,9,Premium,Yes,8.2,3,No
CUST-00239,2025-01-12 20:00:00,Granola Pack,Grocery,1,6.96,0.0,6.96,Web,East,No,33,21,Essential,Yes,7.8,1,No
CUST-00146,2025-01-13 08:00:00,Wireless Charger,Electronics,4,29.2,0.0,116.81,Web,Central,No,57,31,Plus,Yes,10.0,0,No
CUST-00320,2025-01-13 09:00:00,Herbal Tea,Beverages,4,7.48,0.0,29.91,Mobile app,South,No,42,34,Plus,Yes,7.8,2,No
CUST-00106,2025-01-13 10:00:00,Granola Pack,Grocery,7,7.06,0.0,49.45,Store,North,No,33,31,Essential,Yes,6.3,1,No
CUST-00133,2025-01-13 10:00:00,Herbal Tea,Beverages,6,7.51,0.0,45.07,Mobile app,North,No,24,42,Plus,Yes,7.0,4,No
CUST-00277,2025-01-13 11:00:00,Phone Stand,Electronics,4,16.67,0.0,66.66,Mobile app,East,No,38,42,Essential,Yes,7.1,1,No
CUST-00280,2025-01-13 15:00:00,Cotton Tote,Accessories,3,14.93,0.0,44.78,Mobile app,East,No,52,46,Plus,No,5.9,2,Yes
CUST-00293,2025-01-13 17:00:00,Desk Notebook,Stationery,3,8.56,0.0,25.67,Web,Central,No,38,44,Plus,Yes,8.0,0,No
CUST-00142,2025-01-13 18:00:00,Travel Mug,Accessories,1,21.8,0.05,20.71,Store,East,Yes,33,9,Plus,Yes,6.5,4,Yes
CUST-00168,2025-01-14 13:00:00,Phone Stand,Electronics,5,17.97,0.0,89.85,Web,Central,No,53,33,Premium,Yes,5.7,1,No
CUST-00284,2025-01-14 16:00:00,Cotton Tote,Accessories,3,14.39,0.0,43.16,Web,South,No,45,21,Premium,Yes,7.1,2,No
CUST-00068,2025-01-14 19:00:00,Wireless Charger,Electronics,2,28.91,0.0,57.82,Mobile app,East,No,62,7,Essential,Yes,8.1,2,No
CUST-00194,2025-01-14 20:00:00,Cotton Tote,Accessories,3,14.22,0.0,42.66,Mobile app,Central,No,36,4,Premium,No,6.8,2,Yes
CUST-00064,2025-01-15 14:00:00,Desk Notebook,Stationery,5,8.7,0.0,43.52,Mobile app,North,No,67,30,Premium,Yes,6.1,1,No
CUST-00072,2025-01-16 09:00:00,Natural Soap Set,Personal Care,3,12.03,0.0,36.08,Web,North,Yes,31,2,Essential,No,8.6,0,Yes
CUST-00061,2025-01-16 15:00:00,Cotton Tote,Accessories,3,14.16,0.0,42.49,Store,North,No,34,7,Essential,Yes,5.7,2,Yes
CUST-00063,2025-01-16 21:00:00,Granola Pack,Grocery,3,6.89,0.0,20.66,Web,East,No,32,23,Plus,Yes,7.6,2,No
CUST-00039,2025-01-17 20:00:00,Phone Stand,Electronics,6,17.15,0.0,102.9,Web,Central,No,59,33,Premium,Yes,6.7,1,No
CUST-00121,2025-01-17 20:00:00,Travel Mug,Accessories,5,20.94,0.0,104.71,Store,North,No,39,37,Premium,No,6.8,2,No
CUST-00246,2025-01-17 20:00:00,Phone Stand,Electronics,1,17.7,0.0,17.7,Store,North,No,24,18,Plus,No,8.6,2,Yes
CUST-00221,2025-01-18 11:00:00,Natural Soap Set,Personal Care,2,12.83,0.0,25.67,Web,Central,No,61,30,Plus,Yes,6.1,3,No
CUST-00193,2025-01-18 20:00:00,Phone Stand,Electronics,3,17.16,0.0,51.47,Web,East,Yes,54,21,Essential,Yes,7.5,0,No
CUST-00289,2025-01-19 09:00:00,Herbal Tea,Beverages,4,7.23,0.0,28.91,Web,North,No,39,3,Premium,Yes,7.1,1,No
CUST-00010,2025-01-19 10:00:00,Cotton Tote,Accessories,3,14.47,0.0,43.41,Web,West,No,28,12,Plus,Yes,6.7,1,No
CUST-00050,2025-01-19 13:00:00,Phone Stand,Electronics,2,15.62,0.0,31.24,Web,Central,Yes,37,31,Essential,Yes,7.4,0,No
CUST-00187,2025-01-19 14:00:00,Wireless Charger,Electronics,3,30.14,0.0,90.41,Mobile app,West,No,67,6,Plus,Yes,6.7,0,Yes
CUST-00019,2025-01-20 12:00:00,Granola Pack,Grocery,5,6.54,0.0,32.72,Web,Central,No,57,3,Essential,No,5.3,0,Yes
CUST-00278,2025-01-20 14:00:00,Cotton Tote,Accessories,5,14.4,0.1,64.81,Web,Central,Yes,32,21,Essential,Yes,9.1,1,No
CUST-00270,2025-01-20 15:00:00,Natural Soap Set,Personal Care,6,13.37,0.0,80.25,Web,South,No,46,18,Plus,Yes,6.9,0,No
CUST-00131,2025-01-20 17:00:00,Wireless Charger,Electronics,1,29.22,0.0,29.22,Mobile app,Central,No,35,47,Plus,Yes,5.3,1,No
CUST-00143,2025-01-20 20:00:00,Natural Soap Set,Personal Care,7,12.75,0.0,89.27,Store,North,No,52,43,Premium,Yes,7.3,2,No
CUST-00149,2025-01-20 21:00:00,Gift Candle,Home,7,18.18,0.0,127.26,Web,West,No,37,7,Premium,Yes,6.5,3,No
CUST-00099,2025-01-21 10:00:00,Desk Notebook,Stationery,2,9.26,0.0,18.53,Store,North,No,50,28,Premium,No,7.4,0,No
CUST-00208,2025-01-21 13:00:00,Cotton Tote,Accessories,2,15.17,0.0,30.34,Store,West,No,32,8,Essential,Yes,5.6,0,Yes
CUST-00288,2025-01-21 16:00:00,Phone Stand,Electronics,4,16.78,0.0,67.1,Web,North,No,47,41,Plus,No,5.2,0,Yes
CUST-00193,2025-01-21 19:00:00,Desk Notebook,Stationery,6,8.85,0.0,53.13,Web,East,No,54,21,Essential,Yes,7.5,0,No
CUST-00054,2025-01-22 09:00:00,Travel Mug,Accessories,2,21.84,0.0,43.68,Mobile app,North,No,44,18,Essential,Yes,8.5,1,No
CUST-00156,2025-01-22 12:00:00,Wireless Charger,Electronics,6,30.34,0.0,182.02,Store,West,No,32,46,Plus,Yes,6.2,2,No
CUST-00140,2025-01-22 13:00:00,Travel Mug,Accessories,1,21.87,0.0,21.87,Store,West,No,41,22,Essential,Yes,8.9,3,No
CUST-00070,2025-01-22 19:00:00,Granola Pack,Grocery,1,6.47,0.0,6.47,Mobile app,North,No,62,28,Premium,Yes,6.8,1,No
CUST-00295,2025-01-22 19:00:00,Everyday Coffee,Beverages,3,8.65,0.0,25.94,Web,Central,No,59,32,Plus,Yes,8.5,1,No
CUST-00062,2025-01-23 13:00:00,Travel Mug,Accessories,5,20.57,0.0,102.85,Web,Central,No,61,22,Plus,No,9.1,0,Yes
CUST-00150,2025-01-23 16:00:00,Granola Pack,Grocery,7,6.79,0.0,47.56,Web,South,No,31,17,Essential,Yes,7.9,2,No
CUST-00239,2025-01-23 19:00:00,Phone Stand,Electronics,6,16.71,0.0,100.25,Web,East,No,33,21,Essential,Yes,7.8,1,No
CUST-00052,2025-01-24 14:00:00,Desk Notebook,Stationery,3,9.15,0.0,27.46,Web,West,No,55,9,Plus,Yes,7.9,0,No
CUST-00063,2025-01-24 20:00:00,Desk Notebook,Stationery,3,8.68,0.0,26.04,Web,East,No,32,23,Plus,Yes,7.6,2,No
CUST-00091,2025-01-24 21:00:00,Travel Mug,Accessories,5,21.7,0.0,108.51,Web,South,No,30,22,Essential,Yes,6.3,0,No
CUST-00074,2025-01-25 14:00:00,Granola Pack,Grocery,4,6.92,0.0,27.69,Mobile app,North,No,34,42,Essential,No,6.5,1,No
CUST-00200,2025-01-25 17:00:00,Phone Stand,Electronics,5,18.15,0.0,90.77,Store,Central,No,26,3,Plus,Yes,7.3,3,No
CUST-00002,2025-01-26 08:00:00,Herbal Tea,Beverages,2,7.61,0.0,15.22,Web,East,No,27,3,Plus,No,7.1,2,Yes
CUST-00075,2025-01-26 19:00:00,Herbal Tea,Beverages,2,6.94,0.0,13.88,Store,South,No,66,38,Essential,Yes,8.0,2,No
CUST-00264,2025-01-27 10:00:00,Everyday Coffee,Beverages,3,8.23,0.0,24.69,Web,North,No,63,40,Essential,Yes,9.3,0,No
CUST-00251,2025-01-27 18:00:00,Phone Stand,Electronics,5,18.65,0.0,93.27,Web,South,No,65,32,Essential,No,4.8,0,Yes
CUST-00119,2025-01-27 20:00:00,Travel Mug,Accessories,4,22.59,0.0,90.37,Web,West,No,52,11,Essential,Yes,7.0,3,No
CUST-00070,2025-01-27 21:00:00,Natural Soap Set,Personal Care,3,12.7,0.0,38.09,Mobile app,North,No,62,28,Premium,Yes,6.8,1,No
CUST-00319,2025-01-28 14:00:00,Travel Mug,Accessories,5,22.14,0.0,110.71,Mobile app,East,No,59,11,Plus,Yes,7.6,1,No
CUST-00216,2025-01-29 14:00:00,Travel Mug,Accessories,3,22.84,0.0,68.53,Web,North,No,60,39,Premium,No,7.6,3,No
CUST-00309,2025-01-30 09:00:00,Herbal Tea,Beverages,4,7.65,0.0,30.6,Mobile app,West,No,47,31,Plus,No,6.6,1,Yes
CUST-00207,2025-01-30 14:00:00,Granola Pack,Grocery,4,6.87,0.0,27.48,Web,North,No,32,26,Premium,No,9.8,1,No
CUST-00309,2025-02-01 14:00:00,Herbal Tea,Beverages,1,6.78,0.0,6.78,Mobile app,West,No,47,31,Plus,No,6.6,1,Yes
CUST-00065,2025-02-01 20:00:00,Desk Notebook,Stationery,4,9.44,0.0,37.75,Store,West,No,27,39,Plus,Yes,7.6,0,No
CUST-00172,2025-02-01 21:00:00,Desk Notebook,Stationery,1,9.68,0.0,9.68,Mobile app,North,No,22,2,Plus,No,7.4,0,Yes
CUST-00118,2025-02-03 12:00:00,Everyday Coffee,Beverages,6,8.58,0.0,51.49,Web,North,No,37,20,Premium,Yes,6.2,2,No
CUST-00197,2025-02-03 15:00:00,Desk Notebook,Stationery,1,8.72,0.0,8.72,Mobile app,East,No,61,33,Plus,Yes,4.2,2,No
CUST-00089,2025-02-04 09:00:00,Herbal Tea,Beverages,3,7.75,0.0,23.26,Store,North,No,37,31,Plus,No,7.0,3,No
CUST-00110,2025-02-04 10:00:00,Wireless Charger,Electronics,2,31.54,0.0,63.08,Mobile app,North,No,22,16,Essential,No,5.9,2,Yes
CUST-00059,2025-02-04 13:00:00,Phone Stand,Electronics,2,17.44,0.0,34.87,Web,North,No,66,23,Plus,No,9.3,0,Yes
CUST-00168,2025-02-04 16:00:00,Gift Candle,Home,3,18.51,0.0,55.53,Web,Central,No,53,33,Premium,Yes,5.7,1,No
CUST-00271,2025-02-04 17:00:00,Wireless Charger,Electronics,2,27.57,0.0,55.14,Mobile app,North,Yes,22,48,Essential,Yes,5.2,1,No
CUST-00235,2025-02-05 17:00:00,Natural Soap Set,Personal Care,3,13.75,0.0,41.24,Web,Central,No,43,7,Premium,No,7.2,1,No
CUST-00290,2025-02-05 17:00:00,Natural Soap Set,Personal Care,3,12.81,0.0,38.43,Web,South,No,37,37,Plus,Yes,8.6,0,No
CUST-00159,2025-02-06 11:00:00,Wireless Charger,Electronics,5,30.16,0.0,150.81,Web,South,No,21,32,Plus,No,6.5,1,No
CUST-00019,2025-02-06 13:00:00,Cotton Tote,Accessories,3,14.84,0.0,44.53,Web,Central,No,57,3,Essential,No,5.3,0,Yes
CUST-00112,2025-02-06 13:00:00,Gift Candle,Home,2,19.32,0.0,38.64,Mobile app,South,No,33,14,Premium,No,4.9,2,Yes
CUST-00061,2025-02-06 16:00:00,Wireless Charger,Electronics,3,27.4,0.0,82.2,Store,North,No,34,7,Essential,Yes,5.7,2,Yes
CUST-00105,2025-02-06 16:00:00,Desk Notebook,Stationery,5,9.13,0.0,45.67,Mobile app,West,No,48,46,Essential,No,7.4,2,No
CUST-00135,2025-02-06 21:00:00,Travel Mug,Accessories,5,20.4,0.0,101.99,Web,Central,No,28,16,Essential,Yes,6.7,2,No
CUST-00093,2025-02-07 09:00:00,Gift Candle,Home,2,17.8,0.0,35.61,Web,West,Yes,24,38,Essential,Yes,7.2,3,No
CUST-00172,2025-02-07 11:00:00,Herbal Tea,Beverages,2,7.22,0.0,14.44,Mobile app,North,Yes,22,2,Plus,No,7.4,0,Yes
CUST-00194,2025-02-07 11:00:00,Cotton Tote,Accessories,4,15.26,0.0,61.04,Mobile app,Central,No,36,4,Premium,No,6.8,2,Yes
CUST-00052,2025-02-08 19:00:00,Natural Soap Set,Personal Care,1,11.99,0.1,10.79,Web,West,Yes,55,9,Plus,Yes,7.9,0,No
CUST-00086,2025-02-08 20:00:00,Wireless Charger,Electronics,1,27.13,0.0,27.13,Mobile app,South,No,54,4,Plus,No,4.9,3,Yes
CUST-00155,2025-02-08 20:00:00,Granola Pack,Grocery,5,6.51,0.0,32.56,Mobile app,West,No,60,40,Essential,Yes,8.3,0,No
CUST-00016,2025-02-08 21:00:00,Herbal Tea,Beverages,1,7.59,0.0,7.59,Mobile app,West,No,55,16,Essential,Yes,9.2,0,No
CUST-00056,2025-02-09 10:00:00,Granola Pack,Grocery,2,6.7,0.0,13.41,Web,East,No,40,46,Essential,Yes,7.9,1,No
CUST-00054,2025-02-10 11:00:00,Gift Candle,Home,1,17.68,0.0,17.68,Mobile app,North,No,44,18,Essential,Yes,8.5,1,No
CUST-00175,2025-02-10 12:00:00,Everyday Coffee,Beverages,2,8.65,0.0,17.3,Web,West,No,23,22,Plus,Yes,7.8,0,No
CUST-00151,2025-02-10 15:00:00,Everyday Coffee,Beverages,3,8.38,0.0,25.15,Store,North,No,63,29,Plus,Yes,5.6,1,No
CUST-00058,2025-02-10 19:00:00,Phone Stand,Electronics,1,17.71,0.0,17.71,Web,South,No,26,6,Essential,Yes,7.0,0,No
CUST-00132,2025-02-11 13:00:00,Herbal Tea,Beverages,4,7.05,0.0,28.19,Web,North,Yes,45,33,Essential,Yes,8.9,2,No
CUST-00057,2025-02-11 15:00:00,Travel Mug,Accessories,6,22.66,0.0,135.94,Web,South,No,23,3,Essential,Yes,8.3,0,No
CUST-00317,2025-02-11 16:00:00,Travel Mug,Accessories,1,21.02,0.0,21.02,Store,North,No,54,14,Plus,Yes,5.4,0,Yes
CUST-00249,2025-02-11 18:00:00,Cotton Tote,Accessories,3,15.84,0.0,47.52,Store,Central,No,51,26,Plus,Yes,2.9,2,Yes
CUST-00316,2025-02-11 20:00:00,Everyday Coffee,Beverages,4,8.22,0.0,32.88,Store,West,No,32,43,Essential,No,7.7,3,No
CUST-00166,2025-02-12 09:00:00,Desk Notebook,Stationery,1,9.09,0.1,8.18,Web,East,Yes,24,47,Essential,Yes,5.7,3,No
CUST-00247,2025-02-12 09:00:00,Natural Soap Set,Personal Care,6,12.82,0.0,76.92,Mobile app,North,No,65,27,Premium,No,7.2,2,No
CUST-00113,2025-02-12 15:00:00,Herbal Tea,Beverages,6,7.33,0.0,43.96,Web,North,No,22,32,Essential,Yes,6.2,2,No
CUST-00077,2025-02-12 19:00:00,Granola Pack,Grocery,2,6.63,0.0,13.26,Web,East,No,45,8,Essential,Yes,4.7,2,Yes
CUST-00223,2025-02-13 09:00:00,Wireless Charger,Electronics,4,26.82,0.0,107.29,Mobile app,North,No,30,37,Essential,Yes,7.2,3,No
CUST-00004,2025-02-13 13:00:00,Desk Notebook,Stationery,5,9.08,0.0,45.41,Web,North,No,49,46,Essential,Yes,7.5,1,No
CUST-00281,2025-02-13 17:00:00,Desk Notebook,Stationery,5,8.82,0.0,44.11,Store,North,Yes,32,11,Essential,No,7.0,2,Yes
CUST-00133,2025-02-13 19:00:00,Everyday Coffee,Beverages,7,8.6,0.0,60.2,Mobile app,North,No,24,42,Plus,Yes,7.0,4,No
CUST-00102,2025-02-13 21:00:00,Desk Notebook,Stationery,2,8.97,0.0,17.95,Mobile app,East,No,34,21,Essential,Yes,4.8,0,Yes
CUST-00295,2025-02-14 09:00:00,Travel Mug,Accessories,6,20.62,0.0,123.71,Web,Central,No,59,32,Plus,Yes,8.5,1,No
CUST-00310,2025-02-14 11:00:00,Gift Candle,Home,3,18.7,0.0,56.09,Mobile app,North,No,23,45,Essential,No,8.6,1,No
CUST-00100,2025-02-14 13:00:00,Natural Soap Set,Personal Care,2,12.04,0.05,22.88,Web,West,Yes,51,32,Plus,No,7.2,4,Yes
CUST-00023,2025-02-14 15:00:00,Desk Notebook,Stationery,7,8.61,0.1,54.26,Store,East,Yes,63,26,Premium,No,5.4,2,Yes
CUST-00075,2025-02-14 15:00:00,Wireless Charger,Electronics,4,28.91,0.0,115.63,Store,South,No,66,38,Essential,Yes,8.0,2,No
CUST-00005,2025-02-14 16:00:00,Phone Stand,Electronics,5,18.27,0.0,91.34,Mobile app,North,No,44,37,Plus,No,4.4,0,Yes
CUST-00237,2025-02-14 20:00:00,Natural Soap Set,Personal Care,4,13.17,0.0,52.67,Web,North,No,62,26,Essential,Yes,5.6,1,Yes
CUST-00202,2025-02-15 08:00:00,Wireless Charger,Electronics,4,26.73,0.0,106.9,Store,North,No,26,27,Premium,Yes,8.3,2,No
CUST-00139,2025-02-15 18:00:00,Everyday Coffee,Beverages,1,7.88,0.0,7.88,Web,Central,No,55,45,Essential,No,7.7,2,No
CUST-00115,2025-02-16 10:00:00,Desk Notebook,Stationery,3,9.5,0.0,28.49,Web,West,No,39,30,Essential,Yes,6.7,2,No
CUST-00201,2025-02-16 14:00:00,Wireless Charger,Electronics,4,29.06,0.0,116.26,Mobile app,South,No,25,3,Premium,No,5.7,1,Yes
CUST-00241,2025-02-16 15:00:00,Desk Notebook,Stationery,3,8.87,0.0,26.62,Mobile app,North,No,63,11,Premium,Yes,4.7,2,Yes
CUST-00043,2025-02-16 16:00:00,Gift Candle,Home,2,18.9,0.0,37.8,Web,South,No,57,12,Essential,Yes,5.7,1,Yes
CUST-00106,2025-02-16 19:00:00,Herbal Tea,Beverages,3,7.26,0.0,21.79,Store,North,No,33,31,Essential,Yes,6.3,1,No
CUST-00059,2025-02-17 10:00:00,Granola Pack,Grocery,2,7.09,0.0,14.19,Web,North,No,66,23,Plus,No,9.3,0,Yes
CUST-00261,2025-02-17 10:00:00,Desk Notebook,Stationery,3,9.0,0.0,27.01,Mobile app,Central,No,28,12,Plus,Yes,5.0,0,Yes
CUST-00132,2025-02-17 16:00:00,Granola Pack,Grocery,2,6.51,0.0,13.01,Web,North,No,45,33,Essential,Yes,8.9,2,No
CUST-00149,2025-02-17 21:00:00,Gift Candle,Home,4,16.96,0.0,67.82,Web,West,No,37,7,Premium,Yes,6.5,3,No
CUST-00014,2025-02-18 11:00:00,Wireless Charger,Electronics,1,29.22,0.0,29.22,Web,South,No,61,18,Essential,Yes,6.4,2,No
CUST-00219,2025-02-18 18:00:00,Phone Stand,Electronics,6,16.38,0.0,98.25,Mobile app,Central,No,30,35,Plus,No,6.1,3,No
CUST-00117,2025-02-18 21:00:00,Travel Mug,Accessories,1,21.57,0.05,20.49,Web,East,Yes,44,17,Essential,Yes,6.1,0,No
CUST-00100,2025-02-19 10:00:00,Phone Stand,Electronics,5,17.92,0.0,89.61,Web,West,No,51,32,Plus,No,7.2,4,Yes
CUST-00260,2025-02-20 09:00:00,Granola Pack,Grocery,3,6.63,0.0,19.89,Store,West,No,48,34,Essential,Yes,6.6,1,No
CUST-00276,2025-02-20 16:00:00,Natural Soap Set,Personal Care,6,12.06,0.0,72.37,Web,East,No,68,36,Premium,Yes,4.2,3,No
CUST-00041,2025-02-20 19:00:00,Travel Mug,Accessories,3,23.6,0.0,70.8,Mobile app,North,No,65,32,Premium,No,8.0,1,No
CUST-00179,2025-02-20 21:00:00,Natural Soap Set,Personal Care,4,12.19,0.0,48.77,Mobile app,South,No,51,3,Plus,No,5.1,1,Yes
CUST-00119,2025-02-21 13:00:00,Herbal Tea,Beverages,5,6.93,0.0,34.64,Web,West,No,52,11,Essential,Yes,7.0,3,No
CUST-00073,2025-02-21 14:00:00,Granola Pack,Grocery,1,6.82,0.0,6.82,Mobile app,North,No,56,46,Essential,Yes,5.4,3,No
CUST-00174,2025-02-21 16:00:00,Granola Pack,Grocery,1,6.87,0.0,6.87,Store,West,No,35,13,Plus,Yes,5.6,2,Yes
CUST-00069,2025-02-22 20:00:00,Travel Mug,Accessories,3,22.05,0.0,66.15,Mobile app,Central,No,48,33,Essential,No,6.8,0,No
CUST-00314,2025-02-23 12:00:00,Natural Soap Set,Personal Care,2,11.87,0.0,23.73,Mobile app,Central,No,24,44,Premium,Yes,7.0,2,No
CUST-00035,2025-02-23 13:00:00,Herbal Tea,Beverages,1,6.72,0.1,6.05,Mobile app,East,Yes,41,36,Essential,No,5.5,2,Yes
CUST-00231,2025-02-24 08:00:00,Desk Notebook,Stationery,1,9.06,0.0,9.06,Store,West,No,42,41,Essential,Yes,9.4,2,No
CUST-00080,2025-02-24 09:00:00,Cotton Tote,Accessories,10,15.46,0.0,154.62,Mobile app,South,Yes,66,27,Premium,Yes,6.8,0,No
CUST-00033,2025-02-24 11:00:00,Gift Candle,Home,5,18.21,0.1,81.92,Web,North,Yes,37,28,Plus,No,6.3,3,Yes
CUST-00083,2025-02-24 11:00:00,Everyday Coffee,Beverages,4,8.69,0.0,34.77,Web,Central,No,61,39,Plus,No,10.0,0,No
CUST-00136,2025-02-24 11:00:00,Cotton Tote,Accessories,4,15.17,0.0,60.69,Mobile app,Central,No,64,37,Essential,Yes,9.6,2,No
CUST-00156,2025-02-24 13:00:00,Natural Soap Set,Personal Care,2,13.41,0.0,26.82,Store,West,No,32,46,Plus,Yes,6.2,2,No
CUST-00188,2025-02-24 18:00:00,Desk Notebook,Stationery,4,8.61,0.0,34.45,Mobile app,East,No,64,43,Plus,Yes,6.3,1,No
CUST-00298,2025-02-25 12:00:00,Everyday Coffee,Beverages,3,9.23,0.0,27.69,Store,East,No,42,21,Essential,Yes,7.8,6,Yes
CUST-00255,2025-02-25 14:00:00,Everyday Coffee,Beverages,3,8.81,0.0,26.42,Web,West,No,51,34,Plus,Yes,7.0,2,No
CUST-00088,2025-02-25 21:00:00,Everyday Coffee,Beverages,4,8.64,0.0,34.55,Store,North,No,31,15,Essential,No,9.2,0,Yes
CUST-00200,2025-02-26 11:00:00,Herbal Tea,Beverages,5,6.91,0.0,34.53,Store,Central,No,26,3,Plus,Yes,7.3,3,No
CUST-00208,2025-02-26 12:00:00,Desk Notebook,Stationery,1,8.47,0.0,8.47,Store,West,No,32,8,Essential,Yes,5.6,0,Yes
CUST-00317,2025-02-26 12:00:00,Desk Notebook,Stationery,5,9.04,0.0,45.19,Store,North,No,54,14,Plus,Yes,5.4,0,Yes
CUST-00033,2025-02-26 15:00:00,Wireless Charger,Electronics,1,29.41,0.0,29.41,Web,North,No,37,28,Plus,No,6.3,3,Yes
CUST-00318,2025-02-26 17:00:00,Natural Soap Set,Personal Care,2,12.19,0.0,24.38,Mobile app,North,No,42,36,Essential,No,6.1,0,No
CUST-00277,2025-02-27 09:00:00,Herbal Tea,Beverages,4,7.51,0.0,30.05,Mobile app,East,No,38,42,Essential,Yes,7.1,1,No
CUST-00144,2025-02-27 14:00:00,Gift Candle,Home,2,17.67,0.0,35.33,Web,Central,No,64,36,Plus,Yes,7.5,5,No
CUST-00087,2025-02-27 15:00:00,Granola Pack,Grocery,6,6.65,0.0,39.9,Mobile app,West,No,39,23,Essential,No,6.4,2,Yes
CUST-00279,2025-02-27 16:00:00,Cotton Tote,Accessories,5,14.26,0.0,71.28,Web,North,No,34,19,Premium,No,4.4,2,Yes
CUST-00092,2025-02-27 21:00:00,Herbal Tea,Beverages,4,7.63,0.0,30.53,Store,Central,No,36,39,Essential,No,9.6,1,No
CUST-00156,2025-03-01 09:00:00,Granola Pack,Grocery,2,6.2,0.0,12.41,Store,West,No,32,46,Plus,Yes,6.2,2,No
CUST-00131,2025-03-01 12:00:00,Travel Mug,Accessories,4,20.83,0.0,83.32,Mobile app,Central,No,35,47,Plus,Yes,5.3,1,No
CUST-00043,2025-03-01 15:00:00,Herbal Tea,Beverages,5,7.29,0.0,36.45,Web,South,No,57,12,Essential,Yes,5.7,1,Yes
CUST-00257,2025-03-02 11:00:00,Wireless Charger,Electronics,4,30.31,0.0,121.24,Mobile app,North,No,61,7,Plus,Yes,10.0,2,No
CUST-00002,2025-03-02 15:00:00,Cotton Tote,Accessories,4,15.22,0.0,60.87,Web,East,No,27,3,Plus,No,7.1,2,Yes
CUST-00233,2025-03-02 15:00:00,Wireless Charger,Electronics,5,29.29,0.1,131.79,Web,East,Yes,57,28,Essential,Yes,5.7,1,Yes
CUST-00287,2025-03-02 18:00:00,Herbal Tea,Beverages,2,7.34,0.05,13.94,Web,South,Yes,47,22,Essential,Yes,7.6,2,No
CUST-00101,2025-03-02 19:00:00,Gift Candle,Home,1,17.45,0.0,17.45,Mobile app,North,No,68,2,Plus,No,5.7,3,Yes
CUST-00224,2025-03-02 20:00:00,Phone Stand,Electronics,4,18.7,0.0,74.78,Web,East,No,41,27,Premium,Yes,6.4,0,No
CUST-00175,2025-03-02 21:00:00,Natural Soap Set,Personal Care,4,12.77,0.0,51.08,Web,West,Yes,23,22,Plus,Yes,7.8,0,No
CUST-00032,2025-03-03 12:00:00,Everyday Coffee,Beverages,7,8.75,0.0,61.25,Mobile app,South,No,65,17,Essential,Yes,4.6,1,Yes
CUST-00219,2025-03-04 16:00:00,Phone Stand,Electronics,7,17.75,0.0,124.22,Mobile app,Central,No,30,35,Plus,No,6.1,3,No
CUST-00277,2025-03-04 18:00:00,Wireless Charger,Electronics,4,25.55,0.0,102.22,Mobile app,East,No,38,42,Essential,Yes,7.1,1,No
CUST-00080,2025-03-04 19:00:00,Wireless Charger,Electronics,5,28.82,0.0,144.08,Mobile app,South,No,66,27,Premium,Yes,6.8,0,No
CUST-00056,2025-03-05 08:00:00,Travel Mug,Accessories,3,22.44,0.0,67.31,Web,East,No,40,46,Essential,Yes,7.9,1,No
CUST-00291,2025-03-05 12:00:00,Natural Soap Set,Personal Care,1,12.17,0.0,12.17,Mobile app,East,No,60,3,Premium,Yes,6.8,4,No
CUST-00186,2025-03-05 15:00:00,Everyday Coffee,Beverages,1,8.83,0.0,8.83,Store,West,No,26,16,Essential,Yes,4.8,0,Yes
CUST-00054,2025-03-05 18:00:00,Natural Soap Set,Personal Care,6,12.96,0.15,66.09,Mobile app,North,Yes,44,18,Essential,Yes,8.5,1,No
CUST-00002,2025-03-06 17:00:00,Cotton Tote,Accessories,3,14.83,0.0,44.48,Web,East,No,27,3,Plus,No,7.1,2,Yes
CUST-00314,2025-03-07 12:00:00,Phone Stand,Electronics,4,18.05,0.0,72.19,Mobile app,Central,No,24,44,Premium,Yes,7.0,2,No
CUST-00253,2025-03-07 13:00:00,Gift Candle,Home,3,17.9,0.0,53.7,Web,Central,No,39,31,Essential,Yes,7.5,2,No
CUST-00247,2025-03-07 15:00:00,Natural Soap Set,Personal Care,1,12.32,0.0,12.32,Mobile app,North,No,65,27,Premium,No,7.2,2,No
CUST-00243,2025-03-07 16:00:00,Granola Pack,Grocery,6,6.48,0.0,38.86,Store,South,No,27,44,Plus,Yes,7.0,1,No
CUST-00181,2025-03-08 11:00:00,Wireless Charger,Electronics,2,28.36,0.0,56.71,Web,South,No,49,46,Premium,No,6.7,2,No
CUST-00143,2025-03-08 12:00:00,Everyday Coffee,Beverages,6,8.29,0.0,49.75,Store,North,No,52,43,Premium,Yes,7.3,2,No
CUST-00247,2025-03-08 19:00:00,Natural Soap Set,Personal Care,4,12.25,0.0,49.01,Mobile app,North,No,65,27,Premium,No,7.2,2,No
CUST-00243,2025-03-08 21:00:00,Herbal Tea,Beverages,2,7.11,0.0,14.21,Store,South,No,27,44,Plus,Yes,7.0,1,No
CUST-00111,2025-03-09 16:00:00,Wireless Charger,Electronics,6,30.19,0.0,181.13,Mobile app,South,No,66,4,Plus,Yes,6.5,1,No
CUST-00206,2025-03-09 16:00:00,Gift Candle,Home,3,18.9,0.0,56.69,Store,Central,No,29,37,Essential,Yes,8.7,1,No
CUST-00064,2025-03-09 17:00:00,Travel Mug,Accessories,2,20.12,0.0,40.24,Mobile app,North,No,67,30,Premium,Yes,6.1,1,No
CUST-00178,2025-03-10 10:00:00,Granola Pack,Grocery,4,6.65,0.05,25.28,Mobile app,West,Yes,30,39,Essential,Yes,8.8,0,No
CUST-00257,2025-03-10 10:00:00,Wireless Charger,Electronics,1,29.84,0.0,29.84,Mobile app,North,No,61,7,Plus,Yes,10.0,2,No
CUST-00193,2025-03-10 18:00:00,Granola Pack,Grocery,6,6.94,0.0,41.63,Web,East,No,54,21,Essential,Yes,7.5,0,No
CUST-00311,2025-03-10 18:00:00,Desk Notebook,Stationery,5,9.34,0.0,46.69,Store,North,No,27,48,Essential,Yes,6.9,1,No
CUST-00289,2025-03-11 09:00:00,Granola Pack,Grocery,3,7.02,0.0,21.07,Web,North,No,39,3,Premium,Yes,7.1,1,No
CUST-00068,2025-03-11 13:00:00,Desk Notebook,Stationery,3,8.83,0.0,26.5,Mobile app,East,Yes,62,7,Essential,Yes,8.1,2,No
CUST-00037,2025-03-11 19:00:00,Gift Candle,Home,4,17.93,0.0,71.71,Mobile app,West,No,35,18,Plus,Yes,9.7,1,No
CUST-00246,2025-03-12 10:00:00,Natural Soap Set,Personal Care,3,11.7,0.0,35.09,Store,North,No,24,18,Plus,No,8.6,2,Yes
CUST-00300,2025-03-12 11:00:00,Wireless Charger,Electronics,1,30.84,0.0,30.84,Web,South,No,31,14,Premium,Yes,8.2,1,No
CUST-00098,2025-03-12 15:00:00,Everyday Coffee,Beverages,3,8.48,0.0,25.43,Store,Central,No,42,2,Plus,Yes,7.2,2,Yes
CUST-00162,2025-03-12 18:00:00,Granola Pack,Grocery,5,7.06,0.0,35.29,Web,West,No,31,17,Premium,Yes,10.0,0,No
CUST-00047,2025-03-13 08:00:00,Cotton Tote,Accessories,1,14.92,0.0,14.92,Web,South,No,24,13,Essential,No,7.7,2,Yes
CUST-00196,2025-03-13 20:00:00,Phone Stand,Electronics,4,16.75,0.0,67.01,Mobile app,Central,No,48,9,Plus,Yes,6.0,3,No
CUST-00234,2025-03-13 20:00:00,Natural Soap Set,Personal Care,3,14.13,0.0,42.39,Store,West,No,57,32,Essential,Yes,7.0,1,No
CUST-00016,2025-03-13 21:00:00,Herbal Tea,Beverages,1,7.3,0.0,7.3,Mobile app,West,No,55,16,Essential,Yes,9.2,0,No
CUST-00107,2025-03-14 11:00:00,Desk Notebook,Stationery,3,8.81,0.0,26.42,Web,South,No,22,46,Essential,Yes,4.1,0,No
CUST-00227,2025-03-14 11:00:00,Phone Stand,Electronics,5,15.92,0.0,79.61,Store,East,No,47,39,Plus,Yes,8.6,1,No
CUST-00085,2025-03-14 12:00:00,Herbal Tea,Beverages,3,7.26,0.0,21.77,Mobile app,East,No,48,42,Plus,Yes,6.4,0,No
CUST-00256,2025-03-14 12:00:00,Desk Notebook,Stationery,4,9.18,0.0,36.7,Mobile app,South,No,59,25,Essential,Yes,5.3,2,Yes
CUST-00245,2025-03-14 19:00:00,Desk Notebook,Stationery,1,8.66,0.05,8.23,Store,West,Yes,47,48,Essential,Yes,6.4,0,No
CUST-00031,2025-03-14 20:00:00,Desk Notebook,Stationery,4,9.23,0.0,36.94,Web,East,No,30,33,Plus,Yes,8.7,2,No
CUST-00029,2025-03-14 21:00:00,Travel Mug,Accessories,1,21.28,0.0,21.28,Web,Central,No,41,20,Plus,Yes,6.7,0,No
CUST-00241,2025-03-15 14:00:00,Phone Stand,Electronics,1,17.78,0.0,17.78,Mobile app,North,No,63,11,Premium,Yes,4.7,2,Yes
CUST-00149,2025-03-15 18:00:00,Phone Stand,Electronics,7,17.33,0.0,121.34,Web,West,No,37,7,Premium,Yes,6.5,3,No
CUST-00201,2025-03-16 09:00:00,Desk Notebook,Stationery,5,8.56,0.0,42.8,Mobile app,South,Yes,25,3,Premium,No,5.7,1,Yes
CUST-00080,2025-03-16 10:00:00,Desk Notebook,Stationery,3,9.48,0.0,28.43,Mobile app,South,No,66,27,Premium,Yes,6.8,0,No
CUST-00047,2025-03-16 11:00:00,Gift Candle,Home,2,17.77,0.0,35.55,Web,South,No,24,13,Essential,No,7.7,2,Yes
CUST-00214,2025-03-16 17:00:00,Granola Pack,Grocery,1,7.2,0.0,7.2,Store,Central,No,49,29,Essential,No,7.9,2,No
CUST-00039,2025-03-17 13:00:00,Herbal Tea,Beverages,7,7.55,0.0,52.83,Web,Central,No,59,33,Premium,Yes,6.7,1,No
CUST-00139,2025-03-17 15:00:00,Wireless Charger,Electronics,4,27.63,0.0,110.53,Web,Central,No,55,45,Essential,No,7.7,2,No
CUST-00091,2025-03-17 17:00:00,Travel Mug,Accessories,5,21.86,0.0,109.3,Web,South,Yes,30,22,Essential,Yes,6.3,0,No
CUST-00147,2025-03-17 20:00:00,Herbal Tea,Beverages,2,7.14,0.0,14.27,Web,West,No,60,42,Plus,No,6.8,2,No
CUST-00034,2025-03-18 10:00:00,Phone Stand,Electronics,8,17.8,0.0,142.36,Mobile app,Central,No,33,30,Premium,Yes,5.3,1,No
CUST-00194,2025-03-18 10:00:00,Wireless Charger,Electronics,3,30.02,0.0,90.07,Mobile app,Central,No,36,4,Premium,No,6.8,2,Yes
CUST-00226,2025-03-18 21:00:00,Gift Candle,Home,3,16.03,0.0,48.1,Web,West,No,24,18,Essential,No,9.4,2,Yes
CUST-00057,2025-03-19 09:00:00,Gift Candle,Home,3,18.96,0.0,56.87,Web,South,Yes,23,3,Essential,Yes,8.3,0,No
CUST-00043,2025-03-19 10:00:00,Herbal Tea,Beverages,4,6.86,0.0,27.45,Web,South,No,57,12,Essential,Yes,5.7,1,Yes
CUST-00107,2025-03-19 12:00:00,Natural Soap Set,Personal Care,6,12.89,0.0,77.33,Web,South,No,22,46,Essential,Yes,4.1,0,No
CUST-00092,2025-03-19 14:00:00,Granola Pack,Grocery,5,7.06,0.0,35.31,Store,Central,No,36,39,Essential,No,9.6,1,No
CUST-00187,2025-03-19 15:00:00,Gift Candle,Home,4,18.09,0.0,72.35,Mobile app,West,No,67,6,Plus,Yes,6.7,0,Yes
CUST-00253,2025-03-19 15:00:00,Gift Candle,Home,4,17.88,0.0,71.53,Web,Central,No,39,31,Essential,Yes,7.5,2,No
CUST-00024,2025-03-19 19:00:00,Gift Candle,Home,6,18.45,0.0,110.68,Mobile app,East,No,29,34,Essential,Yes,9.8,2,No
CUST-00166,2025-03-19 21:00:00,Granola Pack,Grocery,3,7.07,0.0,21.22,Web,East,No,24,47,Essential,Yes,5.7,3,No
CUST-00284,2025-03-20 11:00:00,Desk Notebook,Stationery,4,8.6,0.0,34.4,Web,South,No,45,21,Premium,Yes,7.1,2,No
CUST-00177,2025-03-20 17:00:00,Granola Pack,Grocery,8,6.64,0.0,53.08,Web,Central,Yes,24,47,Premium,No,6.5,1,No
CUST-00116,2025-03-20 18:00:00,Wireless Charger,Electronics,7,31.98,0.0,223.83,Store,North,No,42,13,Essential,Yes,6.9,1,No
CUST-00171,2025-03-21 08:00:00,Herbal Tea,Beverages,2,6.5,0.0,13.01,Store,East,No,31,8,Essential,Yes,4.1,1,Yes
CUST-00197,2025-03-21 21:00:00,Cotton Tote,Accessories,3,14.58,0.0,43.73,Mobile app,East,No,61,33,Plus,Yes,4.2,2,No
CUST-00255,2025-03-21 21:00:00,Granola Pack,Grocery,6,6.79,0.0,40.77,Web,West,No,51,34,Plus,Yes,7.0,2,No
CUST-00027,2025-03-22 08:00:00,Herbal Tea,Beverages,2,7.26,0.0,14.52,Store,South,No,33,9,Premium,Yes,8.2,3,No
CUST-00039,2025-03-22 08:00:00,Phone Stand,Electronics,6,18.05,0.0,108.28,Web,Central,No,59,33,Premium,Yes,6.7,1,No
CUST-00268,2025-03-22 13:00:00,Desk Notebook,Stationery,1,9.31,0.0,9.31,Mobile app,East,No,47,24,Plus,Yes,6.6,0,No
CUST-00199,2025-03-22 21:00:00,Everyday Coffee,Beverages,4,7.88,0.0,31.52,Mobile app,North,No,23,48,Premium,Yes,8.9,1,No
CUST-00161,2025-03-23 13:00:00,Everyday Coffee,Beverages,4,8.52,0.0,34.08,Web,South,No,21,23,Premium,No,8.6,2,No
CUST-00285,2025-03-23 15:00:00,Natural Soap Set,Personal Care,7,12.56,0.0,87.91,Web,North,Yes,58,2,Plus,Yes,5.1,1,Yes
CUST-00191,2025-03-23 18:00:00,Travel Mug,Accessories,3,22.81,0.0,68.43,Store,East,No,44,10,Essential,No,8.5,0,Yes
CUST-00035,2025-03-24 09:00:00,Phone Stand,Electronics,5,16.74,0.0,83.69,Mobile app,East,No,41,36,Essential,No,5.5,2,Yes
CUST-00091,2025-03-24 10:00:00,Natural Soap Set,Personal Care,2,12.27,0.0,24.55,Web,South,No,30,22,Essential,Yes,6.3,0,No
CUST-00158,2025-03-24 14:00:00,Gift Candle,Home,6,18.81,0.0,112.84,Mobile app,West,No,60,48,Plus,Yes,6.9,0,No
CUST-00252,2025-03-24 17:00:00,Gift Candle,Home,3,17.39,0.0,52.18,Mobile app,Central,No,60,20,Plus,No,6.8,0,Yes
CUST-00148,2025-03-24 18:00:00,Cotton Tote,Accessories,3,13.95,0.0,41.84,Web,South,No,59,47,Plus,Yes,8.9,2,No
CUST-00285,2025-03-25 14:00:00,Travel Mug,Accessories,1,22.68,0.1,20.41,Web,North,Yes,58,2,Plus,Yes,5.1,1,Yes
CUST-00290,2025-03-25 18:00:00,Gift Candle,Home,6,17.67,0.0,106.0,Web,South,No,37,37,Plus,Yes,8.6,0,No
CUST-00236,2025-03-26 11:00:00,Cotton Tote,Accessories,5,14.82,0.0,74.09,Store,North,No,34,5,Plus,Yes,6.7,0,No
CUST-00077,2025-03-26 18:00:00,Everyday Coffee,Beverages,3,7.93,0.0,23.79,Web,East,No,45,8,Essential,Yes,4.7,2,Yes
CUST-00139,2025-03-26 19:00:00,Travel Mug,Accessories,4,20.68,0.0,82.72,Web,Central,No,55,45,Essential,No,7.7,2,No
CUST-00004,2025-03-27 08:00:00,Desk Notebook,Stationery,3,9.55,0.0,28.65,Web,North,No,49,46,Essential,Yes,7.5,1,No
CUST-00102,2025-03-27 11:00:00,Gift Candle,Home,8,19.22,0.0,153.73,Mobile app,East,No,34,21,Essential,Yes,4.8,0,Yes
CUST-00165,2025-03-27 11:00:00,Gift Candle,Home,5,18.27,0.0,91.33,Web,West,No,50,37,Essential,Yes,6.7,0,No
CUST-00199,2025-03-27 18:00:00,Wireless Charger,Electronics,5,29.52,0.0,147.62,Mobile app,North,No,23,48,Premium,Yes,8.9,1,No
CUST-00014,2025-03-28 10:00:00,Gift Candle,Home,3,19.17,0.0,57.51,Web,South,No,61,18,Essential,Yes,6.4,2,No
CUST-00058,2025-03-28 10:00:00,Everyday Coffee,Beverages,2,8.57,0.0,17.13,Web,South,No,26,6,Essential,Yes,7.0,0,No
CUST-00279,2025-03-28 17:00:00,Cotton Tote,Accessories,3,14.27,0.0,42.8,Web,North,No,34,19,Premium,No,4.4,2,Yes
CUST-00304,2025-03-28 17:00:00,Cotton Tote,Accessories,1,13.84,0.0,13.84,Web,North,No,53,41,Plus,No,7.4,1,No
CUST-00074,2025-03-28 18:00:00,Wireless Charger,Electronics,6,29.4,0.0,176.37,Mobile app,North,No,34,42,Essential,No,6.5,1,No
CUST-00254,2025-03-28 20:00:00,Gift Candle,Home,1,17.61,0.0,17.61,Web,East,No,23,21,Plus,No,9.0,0,Yes
CUST-00287,2025-03-29 12:00:00,Granola Pack,Grocery,4,7.02,0.0,28.06,Web,South,Yes,47,22,Essential,Yes,7.6,2,No
CUST-00178,2025-03-29 16:00:00,Natural Soap Set,Personal Care,4,12.1,0.0,48.38,Mobile app,West,No,30,39,Essential,Yes,8.8,0,No
CUST-00206,2025-03-29 17:00:00,Wireless Charger,Electronics,5,28.91,0.0,144.56,Store,Central,No,29,37,Essential,Yes,8.7,1,No
CUST-00084,2025-03-29 21:00:00,Gift Candle,Home,10,17.97,0.0,179.72,Web,South,Yes,56,48,Premium,Yes,5.6,2,No
CUST-00260,2025-03-30 09:00:00,Everyday Coffee,Beverages,5,8.32,0.0,41.61,Store,West,No,48,34,Essential,Yes,6.6,1,No
CUST-00268,2025-04-01 12:00:00,Wireless Charger,Electronics,9,31.23,0.0,281.06,Mobile app,East,No,47,24,Plus,Yes,6.6,0,No
CUST-00069,2025-04-01 19:00:00,Herbal Tea,Beverages,5,7.18,0.0,35.91,Mobile app,Central,No,48,33,Essential,No,6.8,0,No
CUST-00214,2025-04-01 20:00:00,Granola Pack,Grocery,5,6.75,0.0,33.77,Store,Central,No,49,29,Essential,No,7.9,2,No
CUST-00169,2025-04-02 11:00:00,Gift Candle,Home,1,16.89,0.0,16.89,Web,North,No,30,36,Essential,No,6.9,1,No
CUST-00138,2025-04-02 12:00:00,Phone Stand,Electronics,8,17.17,0.0,137.36,Store,North,No,50,33,Premium,Yes,5.1,1,No
CUST-00253,2025-04-02 13:00:00,Wireless Charger,Electronics,5,28.58,0.0,142.88,Web,Central,No,39,31,Essential,Yes,7.5,2,No
CUST-00258,2025-04-02 13:00:00,Natural Soap Set,Personal Care,2,12.97,0.0,25.95,Store,East,No,48,12,Essential,Yes,7.4,2,No
CUST-00104,2025-04-02 15:00:00,Gift Candle,Home,2,18.01,0.0,36.01,Store,Central,No,61,7,Premium,Yes,6.8,4,No
CUST-00045,2025-04-02 19:00:00,Travel Mug,Accessories,1,22.05,0.0,22.05,Web,Central,No,57,17,Plus,Yes,5.4,0,Yes
CUST-00084,2025-04-02 19:00:00,Everyday Coffee,Beverages,5,8.42,0.0,42.1,Web,South,Yes,56,48,Premium,Yes,5.6,2,No
CUST-00087,2025-04-02 20:00:00,Travel Mug,Accessories,2,22.79,0.0,45.58,Mobile app,West,No,39,23,Essential,No,6.4,2,Yes
CUST-00285,2025-04-02 20:00:00,Cotton Tote,Accessories,2,14.58,0.0,29.16,Web,North,No,58,2,Plus,Yes,5.1,1,Yes
CUST-00181,2025-04-02 21:00:00,Everyday Coffee,Beverages,1,8.58,0.0,8.58,Web,South,No,49,46,Premium,No,6.7,2,No
CUST-00187,2025-04-03 09:00:00,Travel Mug,Accessories,3,21.07,0.0,63.2,Mobile app,West,No,67,6,Plus,Yes,6.7,0,Yes
CUST-00175,2025-04-03 11:00:00,Cotton Tote,Accessories,2,14.41,0.0,28.83,Web,West,No,23,22,Plus,Yes,7.8,0,No
CUST-00086,2025-04-03 12:00:00,Wireless Charger,Electronics,3,29.76,0.0,89.27,Mobile app,South,No,54,4,Plus,No,4.9,3,Yes
CUST-00167,2025-04-03 14:00:00,Travel Mug,Accessories,6,22.87,0.0,137.24,Store,South,No,27,40,Plus,Yes,7.4,2,No
CUST-00083,2025-04-03 16:00:00,Granola Pack,Grocery,2,6.74,0.0,13.48,Web,Central,No,61,39,Plus,No,10.0,0,No
CUST-00031,2025-04-04 08:00:00,Desk Notebook,Stationery,1,8.6,0.0,8.6,Web,East,No,30,33,Plus,Yes,8.7,2,No
CUST-00044,2025-04-04 14:00:00,Cotton Tote,Accessories,1,14.33,0.0,14.33,Store,East,No,46,7,Plus,Yes,9.1,2,No
CUST-00101,2025-04-04 18:00:00,Wireless Charger,Electronics,3,29.59,0.0,88.77,Mobile app,North,No,68,2,Plus,No,5.7,3,Yes
CUST-00278,2025-04-04 20:00:00,Granola Pack,Grocery,3,6.86,0.0,20.57,Web,Central,No,32,21,Essential,Yes,9.1,1,No
CUST-00082,2025-04-04 21:00:00,Granola Pack,Grocery,3,6.08,0.0,18.25,Mobile app,Central,No,38,26,Essential,Yes,5.6,0,No
CUST-00282,2025-04-04 21:00:00,Wireless Charger,Electronics,4,28.56,0.0,114.24,Web,Central,No,48,2,Plus,Yes,5.1,0,Yes
CUST-00046,2025-04-05 09:00:00,Natural Soap Set,Personal Care,3,11.65,0.0,34.95,Web,West,No,47,26,Premium,No,6.6,0,No
CUST-00259,2025-04-05 15:00:00,Wireless Charger,Electronics,4,27.94,0.0,111.75,Store,North,No,47,25,Plus,Yes,6.6,1,No
CUST-00190,2025-04-06 16:00:00,Natural Soap Set,Personal Care,6,13.01,0.0,78.04,Web,East,No,56,14,Plus,Yes,5.4,4,Yes
CUST-00300,2025-04-06 17:00:00,Gift Candle,Home,5,17.33,0.0,86.67,Web,South,No,31,14,Premium,Yes,8.2,1,No
CUST-00006,2025-04-06 19:00:00,Granola Pack,Grocery,4,6.86,0.0,27.44,Store,Central,No,35,12,Plus,Yes,7.0,1,No
CUST-00298,2025-04-07 10:00:00,Gift Candle,Home,7,17.43,0.0,121.99,Store,East,No,42,21,Essential,Yes,7.8,6,Yes
CUST-00055,2025-04-07 14:00:00,Herbal Tea,Beverages,6,6.95,0.0,41.7,Web,Central,No,67,40,Plus,Yes,7.4,1,No
CUST-00278,2025-04-07 18:00:00,Natural Soap Set,Personal Care,3,12.35,0.0,37.04,Web,Central,No,32,21,Essential,Yes,9.1,1,No
CUST-00095,2025-04-08 12:00:00,Cotton Tote,Accessories,2,14.26,0.0,28.53,Web,West,No,48,15,Plus,Yes,8.1,0,No
CUST-00087,2025-04-08 13:00:00,Gift Candle,Home,4,17.88,0.0,71.53,Mobile app,West,No,39,23,Essential,No,6.4,2,Yes
CUST-00209,2025-04-08 13:00:00,Gift Candle,Home,2,17.75,0.0,35.5,Web,East,No,45,31,Essential,Yes,7.4,0,No
CUST-00293,2025-04-08 13:00:00,Everyday Coffee,Beverages,3,8.61,0.0,25.84,Web,Central,No,38,44,Plus,Yes,8.0,0,No
CUST-00091,2025-04-08 15:00:00,Granola Pack,Grocery,2,6.73,0.0,13.47,Web,South,No,30,22,Essential,Yes,6.3,0,No
CUST-00139,2025-04-08 15:00:00,Travel Mug,Accessories,9,23.25,0.0,209.26,Web,Central,No,55,45,Essential,No,7.7,2,No
CUST-00301,2025-04-08 16:00:00,Phone Stand,Electronics,6,17.74,0.0,106.45,Web,North,No,29,25,Premium,No,6.1,2,No
CUST-00002,2025-04-08 19:00:00,Herbal Tea,Beverages,1,7.64,0.0,7.64,Web,East,No,27,3,Plus,No,7.1,2,Yes
CUST-00010,2025-04-09 09:00:00,Desk Notebook,Stationery,4,8.9,0.0,35.6,Web,West,No,28,12,Plus,Yes,6.7,1,No
CUST-00202,2025-04-09 12:00:00,Desk Notebook,Stationery,4,8.94,0.0,35.76,Store,North,No,26,27,Premium,Yes,8.3,2,No
CUST-00262,2025-04-09 14:00:00,Everyday Coffee,Beverages,5,8.86,0.0,44.3,Mobile app,Central,No,23,43,Plus,Yes,7.9,2,No
CUST-00301,2025-04-09 18:00:00,Everyday Coffee,Beverages,4,8.79,0.0,35.15,Web,North,No,29,25,Premium,No,6.1,2,No
CUST-00186,2025-04-09 19:00:00,Granola Pack,Grocery,3,7.06,0.0,21.19,Store,West,Yes,26,16,Essential,Yes,4.8,0,Yes
CUST-00212,2025-04-09 19:00:00,Phone Stand,Electronics,5,16.96,0.0,84.8,Mobile app,North,Yes,48,14,Essential,Yes,3.5,1,Yes
CUST-00048,2025-04-10 10:00:00,Phone Stand,Electronics,1,17.13,0.0,17.13,Web,North,No,37,34,Plus,Yes,9.5,0,No
CUST-00089,2025-04-10 11:00:00,Herbal Tea,Beverages,3,7.04,0.0,21.13,Store,North,No,37,31,Plus,No,7.0,3,No
CUST-00082,2025-04-10 12:00:00,Travel Mug,Accessories,3,22.49,0.05,64.09,Mobile app,Central,Yes,38,26,Essential,Yes,5.6,0,No
CUST-00137,2025-04-10 14:00:00,Natural Soap Set,Personal Care,4,12.53,0.0,50.1,Web,West,No,38,21,Essential,Yes,5.8,2,Yes
CUST-00115,2025-04-11 09:00:00,Herbal Tea,Beverages,3,6.78,0.0,20.34,Web,West,No,39,30,Essential,Yes,6.7,2,No
CUST-00307,2025-04-11 11:00:00,Gift Candle,Home,1,17.25,0.0,17.25,Web,East,No,57,39,Essential,No,7.0,1,No
CUST-00007,2025-04-11 15:00:00,Herbal Tea,Beverages,1,6.98,0.0,6.98,Web,North,No,26,10,Plus,No,4.9,2,Yes
CUST-00058,2025-04-11 16:00:00,Everyday Coffee,Beverages,2,8.68,0.0,17.35,Web,South,Yes,26,6,Essential,Yes,7.0,0,No
CUST-00238,2025-04-11 17:00:00,Everyday Coffee,Beverages,1,7.96,0.0,7.96,Store,South,No,56,18,Essential,No,8.8,1,Yes
CUST-00028,2025-04-11 21:00:00,Cotton Tote,Accessories,5,13.61,0.0,68.03,Web,Central,No,61,6,Plus,Yes,4.4,1,Yes
CUST-00196,2025-04-12 08:00:00,Desk Notebook,Stationery,5,9.33,0.0,46.67,Mobile app,Central,No,48,9,Plus,Yes,6.0,3,No
CUST-00056,2025-04-12 14:00:00,Gift Candle,Home,3,18.32,0.0,54.95,Web,East,No,40,46,Essential,Yes,7.9,1,No
CUST-00113,2025-04-12 18:00:00,Wireless Charger,Electronics,2,29.15,0.0,58.3,Web,North,No,22,32,Essential,Yes,6.2,2,No
CUST-00083,2025-04-12 20:00:00,Travel Mug,Accessories,6,20.19,0.0,121.11,Web,Central,No,61,39,Plus,No,10.0,0,No
CUST-00282,2025-04-12 20:00:00,Gift Candle,Home,3,19.27,0.0,57.82,Web,Central,No,48,2,Plus,Yes,5.1,0,Yes
CUST-00086,2025-04-12 21:00:00,Cotton Tote,Accessories,2,14.61,0.0,29.22,Mobile app,South,No,54,4,Plus,No,4.9,3,Yes
CUST-00188,2025-04-13 11:00:00,Desk Notebook,Stationery,6,8.92,0.0,53.54,Mobile app,East,No,64,43,Plus,Yes,6.3,1,No
CUST-00266,2025-04-13 20:00:00,Everyday Coffee,Beverages,2,8.52,0.0,17.04,Mobile app,Central,No,34,3,Essential,Yes,8.3,1,Yes
CUST-00235,2025-04-14 20:00:00,Cotton Tote,Accessories,3,14.99,0.0,44.98,Web,Central,No,43,7,Premium,No,7.2,1,No
CUST-00314,2025-04-14 21:00:00,Herbal Tea,Beverages,4,7.37,0.0,29.5,Mobile app,Central,Yes,24,44,Premium,Yes,7.0,2,No
CUST-00228,2025-04-15 10:00:00,Gift Candle,Home,2,19.66,0.0,39.32,Web,South,No,24,10,Plus,Yes,8.2,0,No
CUST-00256,2025-04-15 12:00:00,Natural Soap Set,Personal Care,1,12.54,0.0,12.54,Mobile app,South,No,59,25,Essential,Yes,5.3,2,Yes
CUST-00217,2025-04-15 14:00:00,Everyday Coffee,Beverages,1,8.35,0.0,8.35,Mobile app,North,No,24,20,Plus,Yes,7.3,0,No
CUST-00032,2025-04-15 18:00:00,Everyday Coffee,Beverages,4,8.07,0.0,32.28,Mobile app,South,No,65,17,Essential,Yes,4.6,1,Yes
CUST-00171,2025-04-15 20:00:00,Travel Mug,Accessories,3,20.65,0.0,61.96,Store,East,No,31,8,Essential,Yes,4.1,1,Yes
CUST-00084,2025-04-15 21:00:00,Everyday Coffee,Beverages,1,9.03,0.0,9.03,Web,South,No,56,48,Premium,Yes,5.6,2,No
CUST-00112,2025-04-16 09:00:00,Wireless Charger,Electronics,1,30.33,0.0,30.33,Mobile app,South,No,33,14,Premium,No,4.9,2,Yes
CUST-00219,2025-04-16 11:00:00,Phone Stand,Electronics,5,18.13,0.0,90.67,Mobile app,Central,No,30,35,Plus,No,6.1,3,No
CUST-00130,2025-04-16 14:00:00,Phone Stand,Electronics,9,17.67,0.0,159.02,Mobile app,South,No,59,42,Plus,Yes,7.9,2,No
CUST-00235,2025-04-16 20:00:00,Phone Stand,Electronics,3,17.32,0.0,51.96,Web,Central,No,43,7,Premium,No,7.2,1,No
CUST-00047,2025-04-17 08:00:00,Cotton Tote,Accessories,1,14.27,0.0,14.27,Web,South,No,24,13,Essential,No,7.7,2,Yes
CUST-00304,2025-04-17 11:00:00,Phone Stand,Electronics,2,17.6,0.0,35.21,Web,North,No,53,41,Plus,No,7.4,1,No
CUST-00190,2025-04-17 15:00:00,Natural Soap Set,Personal Care,3,13.07,0.0,39.22,Web,East,No,56,14,Plus,Yes,5.4,4,Yes
CUST-00104,2025-04-17 21:00:00,Herbal Tea,Beverages,3,7.44,0.0,22.33,Store,Central,No,61,7,Premium,Yes,6.8,4,No
CUST-00166,2025-04-18 10:00:00,Gift Candle,Home,6,17.5,0.0,105.02,Web,East,No,24,47,Essential,Yes,5.7,3,No
CUST-00228,2025-04-18 12:00:00,Cotton Tote,Accessories,1,14.12,0.0,14.12,Web,South,Yes,24,10,Plus,Yes,8.2,0,No
CUST-00142,2025-04-18 15:00:00,Phone Stand,Electronics,2,18.62,0.0,37.24,Store,East,No,33,9,Plus,Yes,6.5,4,Yes
CUST-00089,2025-04-18 16:00:00,Gift Candle,Home,3,18.73,0.0,56.18,Store,North,No,37,31,Plus,No,7.0,3,No
CUST-00073,2025-04-18 18:00:00,Natural Soap Set,Personal Care,3,12.03,0.0,36.09,Mobile app,North,No,56,46,Essential,Yes,5.4,3,No
CUST-00207,2025-04-18 19:00:00,Natural Soap Set,Personal Care,3,11.58,0.05,32.99,Web,North,Yes,32,26,Premium,No,9.8,1,No
CUST-00270,2025-04-18 20:00:00,Wireless Charger,Electronics,2,27.95,0.0,55.89,Web,South,No,46,18,Plus,Yes,6.9,0,No
CUST-00198,2025-04-19 14:00:00,Cotton Tote,Accessories,2,14.34,0.0,28.69,Web,Central,No,39,27,Plus,No,4.7,4,Yes
CUST-00095,2025-04-19 21:00:00,Phone Stand,Electronics,2,17.92,0.0,35.84,Web,West,No,48,15,Plus,Yes,8.1,0,No
CUST-00305,2025-04-20 09:00:00,Phone Stand,Electronics,4,16.95,0.0,67.8,Mobile app,East,No,54,22,Plus,Yes,8.8,2,No
CUST-00090,2025-04-20 10:00:00,Cotton Tote,Accessories,2,13.5,0.0,27.0,Web,East,No,62,21,Essential,No,7.9,2,Yes
CUST-00219,2025-04-20 12:00:00,Cotton Tote,Accessories,4,13.59,0.0,54.35,Mobile app,Central,No,30,35,Plus,No,6.1,3,No
CUST-00050,2025-04-20 14:00:00,Natural Soap Set,Personal Care,5,12.1,0.0,60.48,Web,Central,No,37,31,Essential,Yes,7.4,0,No
CUST-00200,2025-04-20 14:00:00,Natural Soap Set,Personal Care,5,12.45,0.0,62.25,Store,Central,No,26,3,Plus,Yes,7.3,3,No
CUST-00030,2025-04-20 16:00:00,Herbal Tea,Beverages,4,7.53,0.0,30.13,Web,North,No,58,13,Essential,Yes,9.1,2,No
CUST-00204,2025-04-20 20:00:00,Gift Candle,Home,3,20.19,0.0,60.56,Store,East,No,23,9,Plus,Yes,5.9,3,Yes
CUST-00105,2025-04-21 10:00:00,Travel Mug,Accessories,2,22.42,0.0,44.84,Mobile app,West,No,48,46,Essential,No,7.4,2,No
CUST-00061,2025-04-21 11:00:00,Travel Mug,Accessories,1,22.29,0.0,22.29,Store,North,No,34,7,Essential,Yes,5.7,2,Yes
CUST-00285,2025-04-21 12:00:00,Cotton Tote,Accessories,2,15.71,0.0,31.42,Web,North,No,58,2,Plus,Yes,5.1,1,Yes
CUST-00288,2025-04-21 16:00:00,Wireless Charger,Electronics,5,28.66,0.0,143.28,Web,North,No,47,41,Plus,No,5.2,0,Yes
CUST-00078,2025-04-22 10:00:00,Granola Pack,Grocery,1,6.81,0.0,6.81,Web,Central,No,35,19,Essential,Yes,7.8,0,No
CUST-00072,2025-04-23 12:00:00,Gift Candle,Home,1,19.7,0.0,19.7,Web,North,No,31,2,Essential,No,8.6,0,Yes
CUST-00229,2025-04-23 12:00:00,Travel Mug,Accessories,2,23.37,0.0,46.74,Web,South,No,55,3,Essential,Yes,6.0,0,No
CUST-00010,2025-04-23 14:00:00,Cotton Tote,Accessories,5,14.38,0.0,71.92,Web,West,No,28,12,Plus,Yes,6.7,1,No
CUST-00060,2025-04-23 15:00:00,Natural Soap Set,Personal Care,2,12.55,0.0,25.1,Web,North,No,34,33,Plus,No,4.1,4,Yes
CUST-00076,2025-04-23 18:00:00,Phone Stand,Electronics,3,17.83,0.0,53.48,Mobile app,West,No,54,39,Premium,Yes,5.2,1,No
CUST-00118,2025-04-23 19:00:00,Desk Notebook,Stationery,6,8.74,0.0,52.46,Web,North,No,37,20,Premium,Yes,6.2,2,No
CUST-00292,2025-04-24 10:00:00,Granola Pack,Grocery,3,5.95,0.0,17.84,Web,East,No,51,10,Essential,Yes,7.7,1,No
CUST-00108,2025-04-24 15:00:00,Herbal Tea,Beverages,5,6.64,0.0,33.19,Mobile app,North,No,61,22,Plus,Yes,5.2,3,Yes
CUST-00210,2025-04-25 09:00:00,Wireless Charger,Electronics,2,29.69,0.0,59.37,Mobile app,East,No,51,11,Essential,Yes,8.4,1,Yes
CUST-00295,2025-04-25 09:00:00,Wireless Charger,Electronics,6,29.57,0.0,177.42,Web,Central,No,59,32,Plus,Yes,8.5,1,No
CUST-00274,2025-04-25 10:00:00,Natural Soap Set,Personal Care,1,12.4,0.0,12.4,Web,South,No,49,5,Plus,No,8.0,4,Yes
CUST-00284,2025-04-25 12:00:00,Cotton Tote,Accessories,4,14.13,0.0,56.51,Web,South,No,45,21,Premium,Yes,7.1,2,No
CUST-00265,2025-04-25 16:00:00,Desk Notebook,Stationery,4,8.79,0.1,31.64,Web,Central,Yes,35,46,Premium,Yes,8.6,1,No
CUST-00308,2025-04-26 08:00:00,Cotton Tote,Accessories,2,14.29,0.0,28.57,Mobile app,South,No,35,27,Plus,Yes,8.0,1,No
CUST-00012,2025-04-26 17:00:00,Phone Stand,Electronics,4,16.28,0.0,65.12,Web,East,Yes,21,30,Essential,Yes,7.8,1,No
CUST-00076,2025-04-26 17:00:00,Herbal Tea,Beverages,5,7.17,0.0,35.87,Mobile app,West,No,54,39,Premium,Yes,5.2,1,No
CUST-00227,2025-04-27 18:00:00,Gift Candle,Home,4,17.59,0.0,70.36,Store,East,No,47,39,Plus,Yes,8.6,1,No
CUST-00032,2025-04-27 19:00:00,Travel Mug,Accessories,6,21.77,0.0,130.64,Mobile app,South,No,65,17,Essential,Yes,4.6,1,Yes
CUST-00117,2025-04-27 19:00:00,Natural Soap Set,Personal Care,1,12.47,0.1,11.22,Web,East,Yes,44,17,Essential,Yes,6.1,0,No
CUST-00039,2025-04-28 16:00:00,Desk Notebook,Stationery,3,9.22,0.0,27.65,Web,Central,No,59,33,Premium,Yes,6.7,1,No
CUST-00230,2025-04-29 10:00:00,Phone Stand,Electronics,6,16.2,0.0,97.18,Web,Central,No,26,42,Premium,No,6.5,3,No
CUST-00037,2025-04-29 14:00:00,Travel Mug,Accessories,4,20.81,0.0,83.23,Mobile app,West,No,35,18,Plus,Yes,9.7,1,No
CUST-00059,2025-04-29 18:00:00,Granola Pack,Grocery,5,6.85,0.0,34.26,Web,North,No,66,23,Plus,No,9.3,0,Yes
CUST-00045,2025-05-01 15:00:00,Everyday Coffee,Beverages,4,8.16,0.0,32.62,Web,Central,No,57,17,Plus,Yes,5.4,0,Yes
CUST-00112,2025-05-02 16:00:00,Herbal Tea,Beverages,6,7.31,0.0,43.86,Mobile app,South,No,33,14,Premium,No,4.9,2,Yes
CUST-00287,2025-05-02 16:00:00,Gift Candle,Home,4,18.42,0.0,73.67,Web,South,No,47,22,Essential,Yes,7.6,2,No
CUST-00303,2025-05-02 16:00:00,Granola Pack,Grocery,5,7.25,0.0,36.27,Web,South,No,56,13,Plus,Yes,9.0,1,No
CUST-00269,2025-05-02 18:00:00,Wireless Charger,Electronics,8,27.81,0.1,200.23,Web,West,Yes,25,20,Essential,Yes,6.4,2,No
CUST-00081,2025-05-02 19:00:00,Travel Mug,Accessories,5,22.5,0.0,112.49,Mobile app,South,No,27,21,Essential,Yes,7.2,2,No
CUST-00097,2025-05-03 08:00:00,Gift Candle,Home,4,17.63,0.1,63.47,Mobile app,West,Yes,59,22,Essential,Yes,7.9,1,No
CUST-00180,2025-05-03 09:00:00,Wireless Charger,Electronics,1,29.66,0.0,29.66,Mobile app,West,No,46,22,Plus,Yes,7.9,3,No
CUST-00281,2025-05-03 11:00:00,Phone Stand,Electronics,1,16.83,0.0,16.83,Store,North,No,32,11,Essential,No,7.0,2,Yes
CUST-00137,2025-05-04 09:00:00,Everyday Coffee,Beverages,1,8.86,0.05,8.41,Web,West,Yes,38,21,Essential,Yes,5.8,2,Yes
CUST-00062,2025-05-04 16:00:00,Phone Stand,Electronics,5,17.03,0.0,85.14,Web,Central,No,61,22,Plus,No,9.1,0,Yes
CUST-00127,2025-05-04 19:00:00,Granola Pack,Grocery,2,6.58,0.05,12.5,Store,South,Yes,52,4,Plus,Yes,5.5,1,Yes
CUST-00074,2025-05-04 20:00:00,Gift Candle,Home,4,18.88,0.0,75.52,Mobile app,North,No,34,42,Essential,No,6.5,1,No
CUST-00208,2025-05-05 11:00:00,Travel Mug,Accessories,4,22.29,0.0,89.18,Store,West,No,32,8,Essential,Yes,5.6,0,Yes
CUST-00017,2025-05-05 19:00:00,Travel Mug,Accessories,3,20.91,0.0,62.72,Mobile app,West,No,35,29,Essential,Yes,8.0,0,No
CUST-00040,2025-05-06 12:00:00,Wireless Charger,Electronics,3,29.43,0.05,83.87,Mobile app,North,Yes,46,6,Essential,Yes,6.5,2,No
CUST-00047,2025-05-06 16:00:00,Herbal Tea,Beverages,5,6.99,0.0,34.94,Web,South,No,24,13,Essential,No,7.7,2,Yes
CUST-00043,2025-05-06 18:00:00,Desk Notebook,Stationery,3,8.84,0.0,26.53,Web,South,No,57,12,Essential,Yes,5.7,1,Yes
CUST-00264,2025-05-06 18:00:00,Travel Mug,Accessories,4,21.5,0.0,85.98,Web,North,No,63,40,Essential,Yes,9.3,0,No
CUST-00014,2025-05-06 20:00:00,Desk Notebook,Stationery,1,9.84,0.0,9.84,Web,South,No,61,18,Essential,Yes,6.4,2,No
CUST-00246,2025-05-07 08:00:00,Travel Mug,Accessories,3,23.07,0.0,69.22,Store,North,No,24,18,Plus,No,8.6,2,Yes
CUST-00046,2025-05-07 17:00:00,Everyday Coffee,Beverages,2,8.27,0.0,16.53,Web,West,No,47,26,Premium,No,6.6,0,No
CUST-00109,2025-05-07 20:00:00,Travel Mug,Accessories,1,22.1,0.0,22.1,Web,Central,No,30,5,Plus,No,9.0,0,Yes
CUST-00170,2025-05-07 21:00:00,Phone Stand,Electronics,3,16.47,0.0,49.41,Web,South,No,55,8,Essential,Yes,8.8,0,Yes
CUST-00157,2025-05-08 10:00:00,Cotton Tote,Accessories,2,14.52,0.0,29.04,Web,South,Yes,66,3,Premium,Yes,7.1,1,No
CUST-00065,2025-05-08 13:00:00,Desk Notebook,Stationery,4,8.94,0.0,35.77,Store,West,No,27,39,Plus,Yes,7.6,0,No
CUST-00077,2025-05-08 13:00:00,Phone Stand,Electronics,4,18.57,0.0,74.27,Web,East,No,45,8,Essential,Yes,4.7,2,Yes
CUST-00091,2025-05-08 16:00:00,Phone Stand,Electronics,7,18.38,0.0,128.65,Web,South,No,30,22,Essential,Yes,6.3,0,No
CUST-00237,2025-05-08 17:00:00,Travel Mug,Accessories,2,21.35,0.0,42.69,Web,North,No,62,26,Essential,Yes,5.6,1,Yes
CUST-00223,2025-05-08 21:00:00,Natural Soap Set,Personal Care,4,12.23,0.0,48.91,Mobile app,North,No,30,37,Essential,Yes,7.2,3,No
CUST-00120,2025-05-09 08:00:00,Phone Stand,Electronics,5,18.09,0.0,90.46,Web,South,Yes,39,46,Essential,Yes,7.5,1,No
CUST-00108,2025-05-09 15:00:00,Natural Soap Set,Personal Care,3,13.27,0.0,39.82,Mobile app,North,No,61,22,Plus,Yes,5.2,3,Yes
CUST-00312,2025-05-10 08:00:00,Granola Pack,Grocery,3,7.24,0.0,21.73,Web,East,No,49,12,Essential,Yes,6.3,2,No
CUST-00255,2025-05-11 13:00:00,Granola Pack,Grocery,1,6.39,0.0,6.39,Web,West,Yes,51,34,Plus,Yes,7.0,2,No
CUST-00278,2025-05-11 14:00:00,Wireless Charger,Electronics,1,29.26,0.0,29.26,Web,Central,No,32,21,Essential,Yes,9.1,1,No
CUST-00284,2025-05-11 15:00:00,Natural Soap Set,Personal Care,4,12.4,0.0,49.59,Web,South,Yes,45,21,Premium,Yes,7.1,2,No
CUST-00091,2025-05-11 20:00:00,Everyday Coffee,Beverages,6,8.96,0.0,53.74,Web,South,No,30,22,Essential,Yes,6.3,0,No
CUST-00222,2025-05-12 11:00:00,Phone Stand,Electronics,2,17.93,0.0,35.85,Web,East,No,24,34,Essential,Yes,7.8,3,No
CUST-00141,2025-05-12 13:00:00,Cotton Tote,Accessories,4,13.74,0.0,54.96,Store,North,No,30,48,Plus,Yes,8.5,2,No
CUST-00030,2025-05-12 19:00:00,Gift Candle,Home,1,18.04,0.0,18.04,Web,North,No,58,13,Essential,Yes,9.1,2,No
CUST-00152,2025-05-12 19:00:00,Cotton Tote,Accessories,2,14.3,0.0,28.6,Web,South,No,41,43,Essential,Yes,5.9,0,No
CUST-00147,2025-05-12 20:00:00,Gift Candle,Home,6,16.3,0.0,97.81,Web,West,No,60,42,Plus,No,6.8,2,No
CUST-00195,2025-05-13 13:00:00,Wireless Charger,Electronics,1,29.78,0.0,29.78,Mobile app,West,Yes,42,4,Plus,Yes,7.5,1,No
CUST-00216,2025-05-13 13:00:00,Gift Candle,Home,4,17.14,0.0,68.55,Web,North,Yes,60,39,Premium,No,7.6,3,No
CUST-00169,2025-05-13 19:00:00,Gift Candle,Home,4,17.01,0.0,68.04,Web,North,No,30,36,Essential,No,6.9,1,No
CUST-00262,2025-05-14 08:00:00,Travel Mug,Accessories,4,21.68,0.0,86.7,Mobile app,Central,No,23,43,Plus,Yes,7.9,2,No
CUST-00194,2025-05-14 12:00:00,Herbal Tea,Beverages,4,7.3,0.0,29.22,Mobile app,Central,No,36,4,Premium,No,6.8,2,Yes
CUST-00213,2025-05-14 15:00:00,Gift Candle,Home,2,19.35,0.0,38.7,Mobile app,East,No,26,3,Plus,Yes,7.2,0,Yes
CUST-00290,2025-05-15 08:00:00,Cotton Tote,Accessories,4,13.94,0.0,55.75,Web,South,No,37,37,Plus,Yes,8.6,0,No
CUST-00229,2025-05-15 09:00:00,Wireless Charger,Electronics,2,29.14,0.0,58.28,Web,South,No,55,3,Essential,Yes,6.0,0,No
CUST-00069,2025-05-15 11:00:00,Gift Candle,Home,6,17.7,0.0,106.18,Mobile app,Central,Yes,48,33,Essential,No,6.8,0,No
CUST-00168,2025-05-15 13:00:00,Gift Candle,Home,5,17.98,0.0,89.9,Web,Central,No,53,33,Premium,Yes,5.7,1,No
CUST-00092,2025-05-15 15:00:00,Desk Notebook,Stationery,6,8.71,0.0,52.25,Store,Central,No,36,39,Essential,No,9.6,1,No
CUST-00296,2025-05-15 15:00:00,Wireless Charger,Electronics,4,27.88,0.0,111.52,Web,West,No,43,36,Essential,Yes,7.6,1,No
CUST-00320,2025-05-15 17:00:00,Phone Stand,Electronics,6,18.16,0.0,108.94,Mobile app,South,No,42,34,Plus,Yes,7.8,2,No
CUST-00190,2025-05-15 21:00:00,Phone Stand,Electronics,1,18.17,0.0,18.17,Web,East,No,56,14,Plus,Yes,5.4,4,Yes
CUST-00031,2025-05-16 14:00:00,Granola Pack,Grocery,6,6.7,0.0,40.22,Web,East,No,30,33,Plus,Yes,8.7,2,No
CUST-00273,2025-05-16 16:00:00,Herbal Tea,Beverages,3,7.17,0.0,21.5,Web,West,Yes,58,19,Essential,Yes,6.5,2,No
CUST-00221,2025-05-17 10:00:00,Natural Soap Set,Personal Care,4,11.66,0.0,46.64,Web,Central,No,61,30,Plus,Yes,6.1,3,No
CUST-00163,2025-05-17 18:00:00,Herbal Tea,Beverages,4,7.0,0.0,28.01,Web,East,Yes,51,22,Essential,No,5.3,1,Yes
CUST-00309,2025-05-17 18:00:00,Travel Mug,Accessories,4,20.55,0.0,82.2,Mobile app,West,No,47,31,Plus,No,6.6,1,Yes
CUST-00020,2025-05-17 19:00:00,Granola Pack,Grocery,2,6.57,0.0,13.14,Mobile app,East,No,34,29,Essential,Yes,7.9,2,No
CUST-00181,2025-05-17 21:00:00,Phone Stand,Electronics,3,17.71,0.0,53.12,Web,South,No,49,46,Premium,No,6.7,2,No
CUST-00289,2025-05-18 09:00:00,Herbal Tea,Beverages,5,7.7,0.0,38.51,Web,North,No,39,3,Premium,Yes,7.1,1,No
CUST-00209,2025-05-19 13:00:00,Gift Candle,Home,3,18.35,0.0,55.04,Web,East,No,45,31,Essential,Yes,7.4,0,No
CUST-00127,2025-05-19 14:00:00,Cotton Tote,Accessories,4,13.47,0.0,53.87,Store,South,No,52,4,Plus,Yes,5.5,1,Yes
CUST-00180,2025-05-19 14:00:00,Everyday Coffee,Beverages,3,8.28,0.0,24.85,Mobile app,West,No,46,22,Plus,Yes,7.9,3,No
CUST-00140,2025-05-19 15:00:00,Herbal Tea,Beverages,4,7.43,0.0,29.7,Store,West,No,41,22,Essential,Yes,8.9,3,No
CUST-00170,2025-05-19 17:00:00,Cotton Tote,Accessories,4,13.44,0.0,53.78,Web,South,No,55,8,Essential,Yes,8.8,0,Yes
CUST-00192,2025-05-19 17:00:00,Natural Soap Set,Personal Care,2,12.36,0.0,24.71,Web,North,No,48,17,Essential,No,4.4,1,Yes
CUST-00088,2025-05-19 20:00:00,Phone Stand,Electronics,3,16.41,0.0,49.23,Store,North,Yes,31,15,Essential,No,9.2,0,Yes
CUST-00011,2025-05-20 09:00:00,Everyday Coffee,Beverages,2,8.35,0.0,16.69,Web,South,No,22,26,Plus,Yes,6.3,2,No
CUST-00115,2025-05-20 12:00:00,Desk Notebook,Stationery,5,8.53,0.0,42.63,Web,West,No,39,30,Essential,Yes,6.7,2,No
CUST-00013,2025-05-20 13:00:00,Everyday Coffee,Beverages,1,8.38,0.0,8.38,Web,West,No,51,43,Plus,Yes,6.6,1,No
CUST-00134,2025-05-20 16:00:00,Wireless Charger,Electronics,4,28.62,0.0,114.48,Web,East,No,56,44,Plus,Yes,4.8,3,No
CUST-00061,2025-05-20 19:00:00,Cotton Tote,Accessories,6,15.76,0.0,94.53,Store,North,No,34,7,Essential,Yes,5.7,2,Yes
CUST-00036,2025-05-20 20:00:00,Gift Candle,Home,6,18.31,0.0,109.87,Web,North,No,54,21,Essential,Yes,6.1,0,No
CUST-00270,2025-05-21 13:00:00,Granola Pack,Grocery,1,7.2,0.0,7.2,Web,South,Yes,46,18,Plus,Yes,6.9,0,No
CUST-00119,2025-05-21 16:00:00,Granola Pack,Grocery,1,6.64,0.0,6.64,Web,West,No,52,11,Essential,Yes,7.0,3,No
CUST-00177,2025-05-22 09:00:00,Cotton Tote,Accessories,1,15.8,0.0,15.8,Web,Central,No,24,47,Premium,No,6.5,1,No
CUST-00173,2025-05-22 14:00:00,Granola Pack,Grocery,4,6.26,0.0,25.04,Mobile app,North,No,22,35,Plus,Yes,7.6,2,No
CUST-00046,2025-05-22 18:00:00,Natural Soap Set,Personal Care,3,12.54,0.0,37.61,Web,West,Yes,47,26,Premium,No,6.6,0,No
CUST-00088,2025-05-23 09:00:00,Phone Stand,Electronics,3,17.17,0.05,48.92,Store,North,Yes,31,15,Essential,No,9.2,0,Yes
CUST-00192,2025-05-23 09:00:00,Gift Candle,Home,1,17.96,0.1,16.16,Web,North,Yes,48,17,Essential,No,4.4,1,Yes
CUST-00244,2025-05-23 10:00:00,Everyday Coffee,Beverages,4,8.4,0.0,33.61,Mobile app,West,No,43,36,Essential,Yes,8.2,3,No
CUST-00216,2025-05-23 11:00:00,Natural Soap Set,Personal Care,4,12.89,0.1,46.39,Web,North,Yes,60,39,Premium,No,7.6,3,No
CUST-00141,2025-05-23 12:00:00,Phone Stand,Electronics,3,18.53,0.1,50.02,Store,North,Yes,30,48,Plus,Yes,8.5,2,No
CUST-00144,2025-05-23 16:00:00,Phone Stand,Electronics,6,18.99,0.0,113.92,Web,Central,Yes,64,36,Plus,Yes,7.5,5,No
CUST-00004,2025-05-24 17:00:00,Phone Stand,Electronics,4,17.2,0.0,68.82,Web,North,Yes,49,46,Essential,Yes,7.5,1,No
CUST-00214,2025-05-24 19:00:00,Gift Candle,Home,7,18.54,0.0,129.78,Store,Central,No,49,29,Essential,No,7.9,2,No
CUST-00022,2025-05-25 09:00:00,Natural Soap Set,Personal Care,5,13.51,0.0,67.56,Web,North,No,41,30,Essential,Yes,7.7,1,No
CUST-00131,2025-05-25 10:00:00,Desk Notebook,Stationery,7,8.93,0.0,62.51,Mobile app,Central,No,35,47,Plus,Yes,5.3,1,No
CUST-00289,2025-05-25 10:00:00,Travel Mug,Accessories,5,22.01,0.0,110.07,Web,North,No,39,3,Premium,Yes,7.1,1,No
CUST-00073,2025-05-25 13:00:00,Wireless Charger,Electronics,9,29.7,0.0,267.28,Mobile app,North,No,56,46,Essential,Yes,5.4,3,No
CUST-00311,2025-05-25 13:00:00,Gift Candle,Home,1,17.2,0.0,17.2,Store,North,No,27,48,Essential,Yes,6.9,1,No
CUST-00035,2025-05-26 10:00:00,Granola Pack,Grocery,6,6.57,0.0,39.42,Mobile app,East,No,41,36,Essential,No,5.5,2,Yes
CUST-00189,2025-05-26 11:00:00,Phone Stand,Electronics,2,16.59,0.1,29.86,Store,West,Yes,52,26,Plus,Yes,9.3,2,No
CUST-00092,2025-05-27 10:00:00,Travel Mug,Accessories,4,20.9,0.0,83.61,Store,Central,No,36,39,Essential,No,9.6,1,No
CUST-00281,2025-05-27 15:00:00,Desk Notebook,Stationery,2,8.76,0.0,17.53,Store,North,No,32,11,Essential,No,7.0,2,Yes
CUST-00065,2025-05-27 16:00:00,Wireless Charger,Electronics,7,29.88,0.0,209.17,Store,West,No,27,39,Plus,Yes,7.6,0,No
CUST-00113,2025-05-27 20:00:00,Granola Pack,Grocery,2,7.01,0.0,14.02,Web,North,No,22,32,Essential,Yes,6.2,2,No
CUST-00142,2025-05-28 13:00:00,Gift Candle,Home,1,17.91,0.0,17.91,Store,East,No,33,9,Plus,Yes,6.5,4,Yes
CUST-00205,2025-05-28 19:00:00,Wireless Charger,Electronics,3,28.75,0.05,81.93,Web,East,Yes,55,45,Essential,Yes,5.2,0,No
CUST-00121,2025-05-28 21:00:00,Everyday Coffee,Beverages,2,8.88,0.0,17.76,Store,North,Yes,39,37,Premium,No,6.8,2,No
CUST-00163,2025-05-28 21:00:00,Everyday Coffee,Beverages,4,8.0,0.0,32.0,Web,East,Yes,51,22,Essential,No,5.3,1,Yes
CUST-00025,2025-05-29 08:00:00,Herbal Tea,Beverages,1,7.37,0.0,7.37,Store,South,No,33,26,Plus,No,4.6,3,Yes
CUST-00293,2025-05-29 10:00:00,Travel Mug,Accessories,1,20.32,0.0,20.32,Web,Central,No,38,44,Plus,Yes,8.0,0,No
CUST-00232,2025-05-29 14:00:00,Granola Pack,Grocery,3,6.81,0.0,20.42,Web,East,No,39,21,Essential,Yes,8.0,1,No
CUST-00022,2025-05-29 17:00:00,Wireless Charger,Electronics,2,28.67,0.0,57.34,Web,North,No,41,30,Essential,Yes,7.7,1,No
CUST-00140,2025-05-29 21:00:00,Desk Notebook,Stationery,3,9.26,0.0,27.77,Store,West,No,41,22,Essential,Yes,8.9,3,No
CUST-00292,2025-05-30 12:00:00,Granola Pack,Grocery,4,6.79,0.0,27.17,Web,East,No,51,10,Essential,Yes,7.7,1,No
CUST-00241,2025-05-30 13:00:00,Desk Notebook,Stationery,4,8.53,0.0,34.11,Mobile app,North,No,63,11,Premium,Yes,4.7,2,Yes
CUST-00272,2025-05-30 19:00:00,Gift Candle,Home,2,18.39,0.0,36.78,Web,South,No,64,28,Plus,Yes,6.8,0,No
CUST-00059,2025-06-01 13:00:00,Phone Stand,Electronics,3,16.91,0.0,50.74,Web,North,Yes,66,23,Plus,No,9.3,0,Yes
CUST-00150,2025-06-01 17:00:00,Natural Soap Set,Personal Care,5,12.14,0.0,60.68,Web,South,No,31,17,Essential,Yes,7.9,2,No
CUST-00320,2025-06-01 17:00:00,Herbal Tea,Beverages,5,7.45,0.0,37.26,Mobile app,South,No,42,34,Plus,Yes,7.8,2,No
CUST-00094,2025-06-01 18:00:00,Everyday Coffee,Beverages,7,8.48,0.0,59.35,Store,East,No,26,36,Premium,No,5.2,0,Yes
CUST-00268,2025-06-01 19:00:00,Wireless Charger,Electronics,4,29.97,0.0,119.89,Mobile app,East,Yes,47,24,Plus,Yes,6.6,0,No
CUST-00282,2025-06-01 19:00:00,Cotton Tote,Accessories,4,13.72,0.0,54.89,Web,Central,No,48,2,Plus,Yes,5.1,0,Yes
CUST-00114,2025-06-02 15:00:00,Cotton Tote,Accessories,5,14.94,0.0,74.7,Mobile app,Central,No,28,26,Essential,Yes,6.5,4,No
CUST-00076,2025-06-02 17:00:00,Everyday Coffee,Beverages,3,8.32,0.0,24.95,Mobile app,West,No,54,39,Premium,Yes,5.2,1,No
CUST-00190,2025-06-02 17:00:00,Granola Pack,Grocery,3,7.02,0.0,21.07,Web,East,No,56,14,Plus,Yes,5.4,4,Yes
CUST-00006,2025-06-02 19:00:00,Desk Notebook,Stationery,8,8.75,0.05,66.51,Store,Central,Yes,35,12,Plus,Yes,7.0,1,No
CUST-00263,2025-06-03 13:00:00,Travel Mug,Accessories,5,21.24,0.0,106.18,Mobile app,East,No,43,15,Plus,Yes,7.5,1,No
CUST-00184,2025-06-03 15:00:00,Gift Candle,Home,1,17.99,0.0,17.99,Web,North,No,48,44,Plus,No,6.5,3,No
CUST-00016,2025-06-03 16:00:00,Herbal Tea,Beverages,5,7.06,0.0,35.3,Mobile app,West,No,55,16,Essential,Yes,9.2,0,No
CUST-00309,2025-06-04 08:00:00,Cotton Tote,Accessories,5,14.7,0.05,69.81,Mobile app,West,Yes,47,31,Plus,No,6.6,1,Yes
CUST-00032,2025-06-04 12:00:00,Phone Stand,Electronics,5,17.33,0.0,86.67,Mobile app,South,No,65,17,Essential,Yes,4.6,1,Yes
CUST-00301,2025-06-04 13:00:00,Natural Soap Set,Personal Care,1,12.43,0.0,12.43,Web,North,No,29,25,Premium,No,6.1,2,No
CUST-00289,2025-06-04 15:00:00,Granola Pack,Grocery,4,6.56,0.0,26.24,Web,North,No,39,3,Premium,Yes,7.1,1,No
CUST-00243,2025-06-04 16:00:00,Gift Candle,Home,3,17.64,0.0,52.91,Store,South,No,27,44,Plus,Yes,7.0,1,No
CUST-00078,2025-06-05 08:00:00,Everyday Coffee,Beverages,2,8.91,0.0,17.82,Web,Central,No,35,19,Essential,Yes,7.8,0,No
CUST-00259,2025-06-05 12:00:00,Granola Pack,Grocery,5,6.65,0.0,33.25,Store,North,Yes,47,25,Plus,Yes,6.6,1,No
CUST-00111,2025-06-05 15:00:00,Natural Soap Set,Personal Care,1,11.85,0.0,11.85,Mobile app,South,No,66,4,Plus,Yes,6.5,1,No
CUST-00277,2025-06-05 18:00:00,Gift Candle,Home,5,18.64,0.0,93.2,Mobile app,East,No,38,42,Essential,Yes,7.1,1,No
CUST-00041,2025-06-05 19:00:00,Wireless Charger,Electronics,2,27.49,0.0,54.97,Mobile app,North,No,65,32,Premium,No,8.0,1,No
CUST-00054,2025-06-05 21:00:00,Wireless Charger,Electronics,4,28.05,0.0,112.2,Mobile app,North,No,44,18,Essential,Yes,8.5,1,No
CUST-00274,2025-06-06 11:00:00,Herbal Tea,Beverages,2,7.54,0.0,15.09,Web,South,Yes,49,5,Plus,No,8.0,4,Yes
CUST-00053,2025-06-06 15:00:00,Herbal Tea,Beverages,6,7.67,0.0,46.02,Web,North,No,25,25,Premium,No,8.6,1,No
CUST-00043,2025-06-06 16:00:00,Desk Notebook,Stationery,3,8.86,0.0,26.59,Web,South,No,57,12,Essential,Yes,5.7,1,Yes
CUST-00024,2025-06-07 08:00:00,Everyday Coffee,Beverages,7,8.15,0.0,57.03,Mobile app,East,No,29,34,Essential,Yes,9.8,2,No
CUST-00129,2025-06-07 14:00:00,Herbal Tea,Beverages,6,6.98,0.0,41.85,Mobile app,South,No,43,36,Plus,No,5.6,0,Yes
CUST-00194,2025-06-07 16:00:00,Desk Notebook,Stationery,2,8.13,0.0,16.25,Mobile app,Central,Yes,36,4,Premium,No,6.8,2,Yes
CUST-00020,2025-06-07 20:00:00,Desk Notebook,Stationery,2,8.35,0.0,16.69,Mobile app,East,Yes,34,29,Essential,Yes,7.9,2,No
CUST-00282,2025-06-08 11:00:00,Desk Notebook,Stationery,5,9.48,0.15,40.27,Web,Central,Yes,48,2,Plus,Yes,5.1,0,Yes
CUST-00175,2025-06-08 12:00:00,Herbal Tea,Beverages,2,7.49,0.0,14.97,Web,West,No,23,22,Plus,Yes,7.8,0,No
CUST-00142,2025-06-08 13:00:00,Desk Notebook,Stationery,3,8.81,0.0,26.42,Store,East,No,33,9,Plus,Yes,6.5,4,Yes
CUST-00035,2025-06-09 13:00:00,Wireless Charger,Electronics,5,30.06,0.0,150.29,Mobile app,East,No,41,36,Essential,No,5.5,2,Yes
CUST-00271,2025-06-09 16:00:00,Cotton Tote,Accessories,4,13.71,0.0,54.84,Mobile app,North,No,22,48,Essential,Yes,5.2,1,No
CUST-00024,2025-06-09 18:00:00,Granola Pack,Grocery,3,6.8,0.0,20.39,Mobile app,East,No,29,34,Essential,Yes,9.8,2,No
CUST-00090,2025-06-09 19:00:00,Travel Mug,Accessories,7,22.23,0.0,155.64,Web,East,No,62,21,Essential,No,7.9,2,Yes
CUST-00310,2025-06-11 10:00:00,Granola Pack,Grocery,5,7.43,0.0,37.17,Mobile app,North,No,23,45,Essential,No,8.6,1,No
CUST-00087,2025-06-12 13:00:00,Herbal Tea,Beverages,4,7.21,0.0,28.83,Mobile app,West,No,39,23,Essential,No,6.4,2,Yes
CUST-00219,2025-06-12 15:00:00,Everyday Coffee,Beverages,5,8.78,0.0,43.91,Mobile app,Central,No,30,35,Plus,No,6.1,3,No
CUST-00020,2025-06-12 17:00:00,Everyday Coffee,Beverages,7,8.32,0.0,58.26,Mobile app,East,No,34,29,Essential,Yes,7.9,2,No
CUST-00178,2025-06-12 18:00:00,Granola Pack,Grocery,4,6.15,0.0,24.61,Mobile app,West,No,30,39,Essential,Yes,8.8,0,No
CUST-00090,2025-06-12 19:00:00,Gift Candle,Home,2,19.44,0.0,38.87,Web,East,No,62,21,Essential,No,7.9,2,Yes
CUST-00037,2025-06-13 09:00:00,Travel Mug,Accessories,1,23.5,0.0,23.5,Mobile app,West,No,35,18,Plus,Yes,9.7,1,No
CUST-00256,2025-06-13 14:00:00,Travel Mug,Accessories,3,24.1,0.0,72.3,Mobile app,South,No,59,25,Essential,Yes,5.3,2,Yes
CUST-00254,2025-06-13 20:00:00,Natural Soap Set,Personal Care,3,13.52,0.0,40.56,Web,East,No,23,21,Plus,No,9.0,0,Yes
CUST-00270,2025-06-14 15:00:00,Gift Candle,Home,6,16.58,0.0,99.51,Web,South,No,46,18,Plus,Yes,6.9,0,No
CUST-00183,2025-06-14 18:00:00,Wireless Charger,Electronics,4,27.02,0.0,108.08,Web,South,No,52,5,Essential,Yes,6.7,0,No
CUST-00253,2025-06-14 18:00:00,Natural Soap Set,Personal Care,4,11.57,0.0,46.28,Web,Central,No,39,31,Essential,Yes,7.5,2,No
CUST-00200,2025-06-15 09:00:00,Phone Stand,Electronics,2,17.87,0.0,35.73,Store,Central,No,26,3,Plus,Yes,7.3,3,No
CUST-00171,2025-06-15 10:00:00,Wireless Charger,Electronics,3,29.42,0.0,88.27,Store,East,No,31,8,Essential,Yes,4.1,1,Yes
CUST-00307,2025-06-15 14:00:00,Granola Pack,Grocery,6,6.93,0.05,39.48,Web,East,Yes,57,39,Essential,No,7.0,1,No
CUST-00222,2025-06-15 20:00:00,Phone Stand,Electronics,4,18.28,0.0,73.11,Web,East,No,24,34,Essential,Yes,7.8,3,No
CUST-00231,2025-06-15 20:00:00,Herbal Tea,Beverages,2,7.53,0.0,15.06,Store,West,No,42,41,Essential,Yes,9.4,2,No
CUST-00108,2025-06-16 12:00:00,Granola Pack,Grocery,2,6.63,0.0,13.26,Mobile app,North,No,61,22,Plus,Yes,5.2,3,Yes
CUST-00235,2025-06-16 13:00:00,Herbal Tea,Beverages,5,7.04,0.0,35.21,Web,Central,No,43,7,Premium,No,7.2,1,No
CUST-00250,2025-06-16 14:00:00,Phone Stand,Electronics,5,16.76,0.0,83.79,Web,Central,Yes,49,7,Essential,Yes,5.3,1,Yes
CUST-00190,2025-06-16 19:00:00,Granola Pack,Grocery,3,6.75,0.0,20.24,Web,East,No,56,14,Plus,Yes,5.4,4,Yes
CUST-00272,2025-06-16 20:00:00,Granola Pack,Grocery,3,7.17,0.0,21.5,Web,South,No,64,28,Plus,Yes,6.8,0,No
CUST-00293,2025-06-17 10:00:00,Natural Soap Set,Personal Care,6,13.13,0.0,78.79,Web,Central,No,38,44,Plus,Yes,8.0,0,No
CUST-00247,2025-06-18 10:00:00,Cotton Tote,Accessories,4,13.45,0.05,51.11,Mobile app,North,Yes,65,27,Premium,No,7.2,2,No
CUST-00200,2025-06-18 13:00:00,Granola Pack,Grocery,2,6.05,0.0,12.11,Store,Central,No,26,3,Plus,Yes,7.3,3,No
CUST-00076,2025-06-19 13:00:00,Desk Notebook,Stationery,1,8.29,0.0,8.29,Mobile app,West,No,54,39,Premium,Yes,5.2,1,No
CUST-00253,2025-06-19 13:00:00,Natural Soap Set,Personal Care,8,13.22,0.0,105.72,Web,Central,No,39,31,Essential,Yes,7.5,2,No
CUST-00167,2025-06-19 14:00:00,Everyday Coffee,Beverages,5,8.97,0.0,44.84,Store,South,No,27,40,Plus,Yes,7.4,2,No
CUST-00210,2025-06-19 14:00:00,Granola Pack,Grocery,2,6.75,0.0,13.49,Mobile app,East,No,51,11,Essential,Yes,8.4,1,Yes
CUST-00123,2025-06-19 16:00:00,Gift Candle,Home,3,18.93,0.0,56.78,Store,East,No,45,31,Essential,Yes,7.3,1,No
CUST-00120,2025-06-19 19:00:00,Herbal Tea,Beverages,3,6.93,0.0,20.79,Web,South,Yes,39,46,Essential,Yes,7.5,1,No
CUST-00008,2025-06-20 15:00:00,Travel Mug,Accessories,4,23.82,0.0,95.27,Web,North,No,38,30,Plus,Yes,6.5,0,No
CUST-00178,2025-06-20 16:00:00,Everyday Coffee,Beverages,4,8.67,0.0,34.68,Mobile app,West,No,30,39,Essential,Yes,8.8,0,No
CUST-00227,2025-06-20 17:00:00,Gift Candle,Home,5,17.85,0.0,89.23,Store,East,No,47,39,Plus,Yes,8.6,1,No
CUST-00277,2025-06-20 17:00:00,Gift Candle,Home,2,17.75,0.0,35.5,Mobile app,East,No,38,42,Essential,Yes,7.1,1,No
CUST-00157,2025-06-21 08:00:00,Wireless Charger,Electronics,6,28.88,0.0,173.27,Web,South,Yes,66,3,Premium,Yes,7.1,1,No
CUST-00151,2025-06-21 09:00:00,Cotton Tote,Accessories,2,12.84,0.0,25.69,Store,North,No,63,29,Plus,Yes,5.6,1,No
CUST-00071,2025-06-21 10:00:00,Cotton Tote,Accessories,3,13.5,0.0,40.51,Web,Central,No,66,46,Essential,Yes,6.9,1,No
CUST-00208,2025-06-21 21:00:00,Everyday Coffee,Beverages,1,8.32,0.0,8.32,Store,West,No,32,8,Essential,Yes,5.6,0,Yes
CUST-00312,2025-06-21 21:00:00,Travel Mug,Accessories,2,20.68,0.0,41.36,Web,East,No,49,12,Essential,Yes,6.3,2,No
CUST-00264,2025-06-22 08:00:00,Natural Soap Set,Personal Care,5,12.1,0.0,60.48,Web,North,No,63,40,Essential,Yes,9.3,0,No
CUST-00033,2025-06-22 09:00:00,Cotton Tote,Accessories,7,13.99,0.0,97.96,Web,North,No,37,28,Plus,No,6.3,3,Yes
CUST-00107,2025-06-22 10:00:00,Travel Mug,Accessories,3,22.4,0.0,67.19,Web,South,No,22,46,Essential,Yes,4.1,0,No
CUST-00077,2025-06-22 19:00:00,Desk Notebook,Stationery,3,8.79,0.0,26.38,Web,East,No,45,8,Essential,Yes,4.7,2,Yes
CUST-00052,2025-06-23 21:00:00,Natural Soap Set,Personal Care,6,11.54,0.0,69.22,Web,West,No,55,9,Plus,Yes,7.9,0,No
CUST-00247,2025-06-24 11:00:00,Wireless Charger,Electronics,3,30.98,0.0,92.95,Mobile app,North,No,65,27,Premium,No,7.2,2,No
CUST-00159,2025-06-25 09:00:00,Natural Soap Set,Personal Care,4,12.94,0.0,51.77,Web,South,No,21,32,Plus,No,6.5,1,No
CUST-00180,2025-06-25 12:00:00,Everyday Coffee,Beverages,1,8.04,0.1,7.24,Mobile app,West,Yes,46,22,Plus,Yes,7.9,3,No
CUST-00307,2025-06-25 12:00:00,Phone Stand,Electronics,3,17.62,0.0,52.86,Web,East,No,57,39,Essential,No,7.0,1,No
CUST-00319,2025-06-25 17:00:00,Phone Stand,Electronics,5,16.82,0.0,84.12,Mobile app,East,No,59,11,Plus,Yes,7.6,1,No
CUST-00100,2025-06-25 20:00:00,Wireless Charger,Electronics,4,28.68,0.0,114.72,Web,West,No,51,32,Plus,No,7.2,4,Yes
CUST-00056,2025-06-27 08:00:00,Natural Soap Set,Personal Care,5,11.65,0.0,58.23,Web,East,No,40,46,Essential,Yes,7.9,1,No
CUST-00299,2025-06-27 15:00:00,Cotton Tote,Accessories,5,14.03,0.0,70.16,Mobile app,South,No,52,21,Essential,Yes,8.3,2,No
CUST-00272,2025-06-27 18:00:00,Natural Soap Set,Personal Care,3,12.67,0.0,38.02,Web,South,No,64,28,Plus,Yes,6.8,0,No
CUST-00082,2025-06-27 19:00:00,Herbal Tea,Beverages,6,7.26,0.0,43.58,Mobile app,Central,No,38,26,Essential,Yes,5.6,0,No
CUST-00233,2025-06-27 20:00:00,Travel Mug,Accessories,7,22.12,0.0,154.82,Web,East,Yes,57,28,Essential,Yes,5.7,1,Yes
CUST-00147,2025-06-28 11:00:00,Cotton Tote,Accessories,5,14.06,0.0,70.28,Web,West,No,60,42,Plus,No,6.8,2,No
CUST-00006,2025-06-29 09:00:00,Desk Notebook,Stationery,1,8.88,0.05,8.43,Store,Central,Yes,35,12,Plus,Yes,7.0,1,No
CUST-00210,2025-06-29 11:00:00,Granola Pack,Grocery,1,6.98,0.0,6.98,Mobile app,East,No,51,11,Essential,Yes,8.4,1,Yes
CUST-00204,2025-06-29 16:00:00,Travel Mug,Accessories,2,23.65,0.0,47.31,Store,East,No,23,9,Plus,Yes,5.9,3,Yes
